# Common passwords that Nerve Wiki rejects (M1/P1 design 3.4). Generated by
# tools/password-blocklist/build.mjs; do not edit.
#
# Source: the NCSC list of the 100,000 passwords most used in breaches, from
# Have I Been Pwned, as SecLists keeps it:
# https://raw.githubusercontent.com/danielmiessler/SecLists/1a7bb9127eca9e6ff2fc0301c597fe6e16a0cb56/Passwords/Common-Credentials/100k-most-used-passwords-NCSC.txt
# SHA-256 c2e5696882c603b76bb67a47ee970897e5a76fc4c3f5547abe3d0ca340c576e0
# Contains public sector information licensed under the Open Government Licence v3.0:
# https://www.nationalarchives.gov.uk/doc/open-government-licence/version/3/
#
# Kept: the entries of 8-128 characters, and the core of every entry (its
# non-letters trimmed from both ends) of 5 characters or more; lowercased, deduplicated.
# One per line, sorted by bytes, after the blank line below.

!@#$%^&*
!@#$%^&*(
!@#$%^&*()
!qaz1qaz
!qaz2wsx
!qazxsw2
!qazzaq1
#1babygirl
#1baller
#1hottie
#1player
#1princess
#1stunna
#1stunner
$hex[687474703a2f2f616473]
$hex[687474703a2f2f777777]
&#2354189:
&#2354189;
&hearts:
********
*********
**********
++++++@mail.ru
-deleted-
........
..........
.adgjmpt
.adgjmptw
/.,mnbvcxz
0.00000000
0.123456
00000000
000000000
0000000000
00000000000
000000000000
000000000000000
00000000000000000000
00000000001
0000000000o
0000000001
00000000a
00000001
00000007
00000008
0000000a
000000aa
0000011111
00001111
00001234
00009999
0000aaaa
0000oooo
000111222
00070007
000999888
000webhost
000webhost.com
001002003
00110011
00112233
0011223344
00114477
00123456
00123456789
001579238
007007007
007008009
007james
008hotboy
00990099
00998877
0099887766
009d9cc2
01010101
0101010101
01011900
01011910
01011959
01011960
01011961
01011962
01011963
01011964
01011965
01011966
01011967
01011968
01011969
01011970
01011971
01011972
01011973
01011974
01011975
01011976
01011977
01011978
01011979
01011980
01011981
01011982
01011983
01011984
01011985
01011986
01011987
01011988
01011989
01011990
01011991
01011992
01011993
01011994
01011995
01011996
01011997
01011998
01011999
01012000
01012001
01012005
01012006
01012007
01012008
01012009
01012010
01012011
01020102
010203010203
01020304
0102030405
010203040506
010203040506070809
01021973
01021974
01021975
01021976
01021977
01021978
01021979
01021980
01021981
01021982
01021983
01021984
01021985
01021986
01021987
01021988
01021989
01021990
01021991
01021992
01021993
01021994
01021995
01021996
01021997
01031972
01031975
01031976
01031977
01031978
01031979
01031980
01031981
01031982
01031983
01031984
01031985
01031986
01031987
01031988
01031989
01031990
01031991
01031992
01031993
01031994
01031995
01031996
01041975
01041976
01041977
01041978
01041979
01041980
01041981
01041982
01041983
01041984
01041985
01041986
01041987
01041988
01041989
01041990
01041991
01041992
01041993
01041994
01041995
01041996
01051976
01051977
01051978
01051979
01051980
01051981
01051982
01051983
01051984
01051985
01051986
01051987
01051988
01051989
01051990
01051991
01051992
01051993
01051994
01051995
01051996
01061975
01061976
01061977
01061978
01061979
01061980
01061981
01061982
01061983
01061984
01061985
01061986
01061987
01061988
01061989
01061990
01061991
01061992
01061993
01061994
01061995
01061996
01071975
01071976
01071977
01071978
01071979
01071980
01071981
01071982
01071983
01071984
01071985
01071986
01071987
01071988
01071989
01071990
01071991
01071992
01071993
01071994
01071995
01081977
01081978
01081979
01081980
01081981
01081982
01081983
01081984
01081985
01081986
01081987
01081988
01081989
01081990
01081991
01081992
01081993
01081994
01081995
01081996
01091976
01091977
01091978
01091979
01091980
01091981
01091982
01091983
01091984
01091985
01091986
01091987
01091988
01091989
01091990
01091991
01091992
01091993
01091994
01091995
01091996
01092000
01092006
01092007
01092008
01092009
01100110
01101977
01101978
01101979
01101980
01101981
01101982
01101983
01101984
01101985
01101986
01101987
01101988
01101989
01101990
01101991
01101992
01101993
01101994
01101995
01111980
01111981
01111982
01111983
01111984
01111985
01111986
01111987
01111988
01111989
01111990
01111991
01111992
011151zangetsu
01121978
01121979
01121980
01121981
01121982
01121983
01121984
01121985
01121986
01121987
01121988
01121989
01121990
01121991
01121992
01121993
01121994
01121995
011235813
01200120
012012012
01230123
01233210
01234560
01234561
01234567
012345678
0123456789
01234567890
01234567891
012345678910
0123456789a
0123456a
0123654789
0123698745
01470147
01470258
014702580369
0147258369
01477410
01478520
0147852369
01478963
0147896325
0192837465
02011975
02011977
02011978
02011979
02011980
02011981
02011982
02011983
02011984
02011985
02011986
02011987
02011988
02011989
02011990
02011991
02011992
02011993
02011995
02020202
02021970
02021972
02021973
02021974
02021975
02021976
02021977
02021978
02021979
02021980
02021981
02021982
02021983
02021984
02021985
02021986
02021987
02021988
02021989
02021990
02021991
02021992
02021993
02021994
02021995
02021996
02022002
02030203
02031974
02031975
02031976
02031977
02031978
02031979
02031980
02031981
02031982
02031983
02031984
02031985
02031986
02031987
02031988
02031989
02031990
02031991
02031992
02031993
02031994
02031995
02031996
02040204
02041971
02041973
02041974
02041975
02041976
02041977
02041978
02041979
02041980
02041981
02041982
02041983
02041984
02041985
02041986
02041987
02041988
02041989
02041990
02041991
02041992
02041993
02041994
02041995
02041996
02051972
02051974
02051975
02051976
02051977
02051978
02051979
02051980
02051981
02051982
02051983
02051984
02051985
02051986
02051987
02051988
02051989
02051990
02051991
02051992
02051993
02051994
02051995
02051996
02061972
02061974
02061975
02061976
02061977
02061978
02061979
02061980
02061981
02061982
02061983
02061984
02061985
02061986
02061987
02061988
02061989
02061990
02061991
02061992
02061993
02061994
02061995
02061996
02071975
02071976
02071977
02071978
02071979
02071980
02071981
02071982
02071983
02071984
02071985
02071986
02071987
02071988
02071989
02071990
02071991
02071992
02071993
02071994
02071995
02071996
02081973
02081974
02081975
02081976
02081977
02081978
02081979
02081980
02081981
02081982
02081983
02081984
02081985
02081986
02081987
02081988
02081989
02081990
02081991
02081992
02081993
02081994
02081995
02081996
02091974
02091975
02091976
02091977
02091978
02091979
02091980
02091981
02091982
02091983
02091984
02091985
02091986
02091987
02091988
02091989
02091990
02091991
02091992
02091993
02091994
02091995
0210-605
02101976
02101977
02101978
02101979
02101980
02101981
02101982
02101983
02101984
02101985
02101986
02101987
02101988
02101989
02101990
02101991
02101992
02101993
02101994
02101995
02101996
02111980
02111981
02111982
02111983
02111984
02111985
02111986
02111987
02111988
02111989
02111990
02111991
02111992
02111993
02120212
02121977
02121978
02121979
02121980
02121981
02121982
02121983
02121984
02121985
02121986
02121987
02121988
02121989
02121990
02121991
02121992
02121993
02121994
0246813579
02580258
02588520
0277127298
03011980
03011981
03011982
03011983
03011984
03011985
03011986
03011987
03011988
03011989
03011990
03011991
03011992
03011993
03011994
03011995
03021977
03021980
03021981
03021982
03021983
03021984
03021985
03021986
03021987
03021988
03021989
03021990
03021991
03021992
03021993
03021994
03021995
03030303
03031976
03031977
03031978
03031979
03031980
03031981
03031982
03031983
03031984
03031985
03031986
03031987
03031988
03031989
03031990
03031991
03031992
03031993
03031994
03031995
03031996
03031997
03031998
03041975
03041976
03041977
03041978
03041979
03041980
03041981
03041982
03041983
03041984
03041985
03041986
03041987
03041988
03041989
03041990
03041991
03041992
03041993
03041994
03041995
03041996
03051979
03051980
03051981
03051982
03051983
03051984
03051985
03051986
03051987
03051988
03051989
03051990
03051991
03051992
03051993
03051994
03051995
03051996
03061978
03061979
03061980
03061981
03061982
03061983
03061984
03061985
03061986
03061987
03061988
03061989
03061990
03061991
03061992
03061993
03061994
03061995
03061996
03071977
03071978
03071979
03071980
03071981
03071982
03071983
03071984
03071985
03071986
03071987
03071988
03071989
03071990
03071991
03071992
03071993
03071994
03071995
03071996
03081977
03081978
03081979
03081980
03081981
03081982
03081983
03081984
03081985
03081986
03081987
03081988
03081989
03081990
03081991
03081992
03081993
03081994
03081995
03082006
03091977
03091979
03091980
03091981
03091982
03091983
03091984
03091985
03091986
03091987
03091988
03091989
03091990
03091991
03091992
03091993
03091994
03101978
03101979
03101980
03101981
03101982
03101983
03101984
03101985
03101986
03101987
03101988
03101989
03101990
03101991
03101992
03101993
03101994
03101995
03101996
03110311
03111976
03111980
03111981
03111982
03111983
03111984
03111985
03111986
03111987
03111988
03111989
03111990
03111991
03111992
03111993
03120312
03121976
03121979
03121980
03121981
03121982
03121983
03121984
03121985
03121986
03121987
03121988
03121989
03121990
03121991
03121992
03121993
03121994
03121995
03121996
03210321
0321654987
04011980
04011981
04011982
04011983
04011984
04011985
04011986
04011987
04011988
04011989
04011990
04011991
04011992
04011993
04011994
04021980
04021981
04021982
04021983
04021984
04021985
04021986
04021987
04021988
04021989
04021990
04021991
04021992
04021993
04021994
04022000
04031980
04031981
04031982
04031983
04031984
04031985
04031986
04031987
04031988
04031989
04031990
04031991
04031992
04031993
04031994
04040404
04041974
04041975
04041977
04041978
04041979
04041980
04041981
04041982
04041983
04041984
04041985
04041986
04041987
04041988
04041989
04041990
04041991
04041992
04041993
04041994
04041995
04041996
04041997
04051977
04051978
04051979
04051980
04051981
04051982
04051983
04051984
04051985
04051986
04051987
04051988
04051989
04051990
04051991
04051992
04051993
04051994
04051995
04051996
04061977
04061978
04061980
04061981
04061982
04061983
04061984
04061985
04061986
04061987
04061988
04061989
04061990
04061991
04061992
04061993
04061994
04061995
04061996
04071979
04071980
04071981
04071982
04071983
04071984
04071985
04071986
04071987
04071988
04071989
04071990
04071991
04071992
04071993
04071994
04071995
04071996
04081978
04081979
04081980
04081981
04081982
04081983
04081984
04081985
04081986
04081987
04081988
04081989
04081990
04081991
04081992
04081993
04081994
04081995
04091979
04091980
04091981
04091982
04091983
04091984
04091985
04091986
04091987
04091988
04091989
04091990
04091991
04091992
04091993
04091994
04101980
04101981
04101982
04101983
04101984
04101985
04101986
04101987
04101988
04101989
04101990
04101991
04101992
04101993
04101994
04111980
04111982
04111983
04111984
04111985
04111986
04111987
04111988
04111989
04111990
04111991
04111992
04111993
04120412
04121977
04121980
04121981
04121982
04121983
04121984
04121985
04121986
04121987
04121988
04121989
04121990
04121991
04121992
04121993
04121994
04200420
05011980
05011981
05011982
05011983
05011984
05011985
05011986
05011987
05011988
05011989
05011990
05011991
05011992
05011993
05011994
05021978
05021979
05021980
05021981
05021982
05021983
05021984
05021985
05021986
05021987
05021988
05021989
05021990
05021991
05021992
05021993
05021994
05021995
05021996
05031980
05031981
05031982
05031983
05031984
05031985
05031986
05031987
05031988
05031989
05031990
05031991
05031992
05031993
05031994
05031996
05041977
05041979
05041980
05041981
05041982
05041983
05041984
05041985
05041986
05041987
05041988
05041989
05041990
05041991
05041992
05041993
05041994
05041995
05050505
05051971
05051975
05051976
05051977
05051978
05051979
05051980
05051981
05051982
05051983
05051984
05051985
05051986
05051987
05051988
05051989
05051990
05051991
05051992
05051993
05051994
05051995
05051996
05051997
05052005
05061978
05061979
05061980
05061981
05061982
05061983
05061984
05061985
05061986
05061987
05061988
05061989
05061990
05061991
05061992
05061993
05061994
05061995
05061996
05071977
05071978
05071979
05071980
05071981
05071982
05071983
05071984
05071985
05071986
05071987
05071988
05071989
05071990
05071991
05071992
05071993
05071994
05071995
05071996
05081979
05081980
05081980bija
05081981
05081982
05081983
05081984
05081985
05081986
05081987
05081988
05081989
05081990
05081991
05081992
05081993
05081994
05081995
05091978
05091979
05091980
05091981
05091982
05091983
05091984
05091985
05091986
05091987
05091988
05091989
05091990
05091991
05091992
05091993
05091994
05091995
05101978
05101979
05101980
05101981
05101982
05101983
05101984
05101985
05101986
05101987
05101988
05101989
05101990
05101991
05101992
05101993
05101994
05101995
05111980
05111981
05111982
05111983
05111984
05111985
05111986
05111987
05111988
05111989
05111990
05111991
05111992
05111993
05121978
05121980
05121981
05121982
05121983
05121984
05121985
05121986
05121987
05121988
05121989
05121990
05121991
05121992
05121993
05121994
05121995
05200520
0523213511
055001984
05mustang
06011980
06011981
06011982
06011983
06011984
06011985
06011986
06011987
06011988
06011989
06011990
06011991
06011992
06011993
06011994
06011995
06021979
06021980
06021981
06021982
06021983
06021984
06021985
06021986
06021987
06021988
06021989
06021990
06021991
06021992
06021993
06021994
06021996
06031978
06031981
06031982
06031983
06031984
06031985
06031986
06031987
06031988
06031989
06031990
06031991
06031992
06031993
06031994
06031996
06041979
06041980
06041981
06041982
06041983
06041984
06041985
06041986
06041987
06041988
06041989
06041990
06041991
06041992
06041993
06041994
06041995
06051980
06051981
06051982
06051983
06051984
06051985
06051986
06051987
06051988
06051989
06051990
06051991
06051992
06051993
06051994
06051995
06060606
06061975
06061976
06061977
06061978
06061979
06061980
06061981
06061982
06061983
06061984
06061985
06061986
06061987
06061988
06061989
06061990
06061991
06061992
06061993
06061994
06061995
06061996
06062006
06071978
06071979
06071980
06071981
06071982
06071983
06071984
06071985
06071986
06071987
06071988
06071989
06071990
06071991
06071992
06071993
06071994
06071995
06071996
06081977
06081979
06081980
06081981
06081982
06081983
06081984
06081985
06081986
06081987
06081988
06081989
06081990
06081991
06081992
06081993
06081994
06091979
06091980
06091981
06091982
06091983
06091984
06091985
06091986
06091987
06091988
06091989
06091990
06091991
06091992
06091993
06091994
06091995
06101978
06101979
06101980
06101981
06101982
06101983
06101984
06101985
06101986
06101987
06101988
06101989
06101990
06101991
06101992
06101993
06101994
06111980
06111981
06111982
06111983
06111984
06111985
06111986
06111987
06111988
06111989
06111990
06111991
06111992
06121978
06121979
06121980
06121981
06121982
06121983
06121984
06121985
06121986
06121987
06121988
06121989
06121990
06121991
06121992
06121993
06121994
06121995
0676135313
07011980
07011981
07011982
07011983
07011984
07011985
07011986
07011987
07011988
07011989
07011990
07011991
07011992
07011993
07011994
07021980
07021981
07021982
07021983
07021984
07021985
07021986
07021987
07021988
07021989
07021990
07021991
07021992
07021993
07021994
07021995
07031980
07031981
07031982
07031983
07031984
07031985
07031986
07031987
07031988
07031989
07031990
07031991
07031992
07031993
07031995
07041978
07041979
07041980
07041981
07041982
07041983
07041984
07041985
07041986
07041987
07041988
07041989
07041990
07041991
07041992
07041993
07041994
07041995
07051979
07051980
07051981
07051982
07051983
07051984
07051985
07051986
07051987
07051988
07051989
07051990
07051991
07051992
07051993
07051994
07051995
07061978
07061980
07061981
07061982
07061983
07061984
07061985
07061985nina
07061986
07061987
07061988
07061989
07061990
07061991
07061992
07061993
07061994
07061995
07070707
07071976
07071977
07071978
07071979
07071980
07071981
07071982
07071983
07071984
07071985
07071986
07071987
07071988
07071989
07071990
07071991
07071992
07071993
07071994
07071995
07071997
07071998
07072007
07081978
07081979
07081980
07081981
07081982
07081983
07081984
07081985
07081986
07081987
07081988
07081989
07081990
07081991
07081992
07081993
07081994
07091980
07091981
07091982
07091983
07091984
07091985
07091986
07091987
07091988
07091989
07091990
07091991
07091992
07091993
07091994
07091995
07101962
07101980
07101981
07101982
07101983
07101984
07101985
07101986
07101987
07101988
07101989
07101990
07101991
07101992
07101993
07101994
07101995
07111980
07111981
07111982
07111983
07111984
07111985
07111986
07111987
07111988
07111989
07111990
07111991
07111992
07111993
07121979
07121980
07121981
07121982
07121983
07121984
07121985
07121986
07121987
07121988
07121989
07121990
07121991
07121992
07121993
07121994
07831505
07860786
08011981
08011982
08011983
08011984
08011985
08011986
08011987
08011988
08011989
08011990
08011991
08011992
08011993
08011994
08021980
08021981
08021982
08021983
08021984
08021985
08021986
08021987
08021988
08021989
08021990
08021991
08021992
08021993
08021994
08021995
08031977
08031978
08031979
08031980
08031981
08031982
08031983
08031984
08031985
08031986
08031987
08031988
08031989
08031990
08031991
08031992
08031993
08031994
08031996
08041978
08041980
08041981
08041982
08041983
08041984
08041985
08041986
08041987
08041988
08041989
08041990
08041991
08041992
08041993
08041994
08051980
08051981
08051982
08051983
08051984
08051985
08051986
08051987
08051988
08051989
08051990
08051991
08051992
08051993
08051994
08061977
08061979
08061980
08061981
08061982
08061983
08061984
08061985
08061986
08061987
08061988
08061989
08061990
08061991
08061992
08061993
08061994
08061995
08071980
08071981
08071982
08071983
08071984
08071985
08071986
08071987
08071988
08071989
08071990
08071991
08071992
08071993
08071994
08080808
08081973
08081974
08081976
08081977
08081978
08081979
08081980
08081981
08081982
08081983
08081984
08081985
08081986
08081987
08081988
08081989
08081990
08081991
08081992
08081993
08081994
08081995
08081996
08081998
08082008
08090809
08091977
08091979
08091980
08091981
08091982
08091983
08091984
08091985
08091986
08091987
08091988
08091989
08091990
08091991
08091992
08091993
08091994
08091995
08101980
08101981
08101982
08101983
08101984
08101985
08101986
08101987
08101988
08101989
08101990
08101991
08101992
08101993
08111982
08111983
08111984
08111985
08111986
08111987
08111988
08111989
08111990
08111991
08111992
08111993
08121979
08121980
08121981
08121982
08121983
08121984
08121985
08121986
08121987
08121988
08121989
08121990
08121991
08121992
08121993
08121994
08121995
08150815
08154711
08520852
08522580
090078601
09011982
09011983
09011984
09011985
09011986
09011987
09011988
09011989
09011990
09011991
09011992
09011993
09021977
09021978
09021980
09021981
09021982
09021983
09021984
09021985
09021986
09021987
09021988
09021989
09021990
09021991
09021992
09021993
09021994
09021995
09031980
09031981
09031982
09031983
09031984
09031985
09031986
09031987
09031988
09031989
09031990
09031991
09031992
09031993
09031994
09031995
09041977
09041979
09041980
09041981
09041982
09041983
09041984
09041985
09041986
09041987
09041988
09041989
09041990
09041991
09041992
09041993
09041994
09051945
09051978
09051979
09051980
09051981
09051982
09051983
09051984
09051985
09051986
09051987
09051988
09051989
09051990
09051991
09051992
09051993
09051994
09051995
09061976
09061980
09061981
09061982
09061983
09061984
09061985
09061986
09061987
09061988
09061989
09061990
09061991
09061992
09061993
09061994
09061995
09071980
09071981
09071982
09071983
09071984
09071985
09071986
09071987
09071988
09071989
09071990
09071991
09071992
09071993
09071994
09080706
0908070605
09081980
09081981
09081982
09081983
09081984
09081985
09081986
09081987
09081988
09081989
09081990
09081991
09081992
09081993
09081994
09090909
0909090909
09091088
09091977
09091978
09091979
09091980
09091981
09091982
09091983
09091984
09091985
09091986
09091987
09091988
09091989
09091990
09091991
09091992
09091993
09091994
09091995
09091999
09092009
09101980
09101981
09101982
09101983
09101984
09101985
09101986
09101987
09101988
09101989
09101990
09101991
09101992
09101993
09110911
09111980
09111981
09111982
09111983
09111984
09111985
09111986
09111987
09111988
09111989
09111990
09111991
09111992
09111993
09120912
09121980
09121981
09121982
09121983
09121984
09121985
09121986
09121987
09121988
09121989
09121990
09121991
09121992
09121993
09121994
09123456
0912345678
09123456789
0931541082
098098098
09870987
0987612345
09876543
098765432
0987654321
09876543210
09876543211
0987654321a
0987654321q
0987654321z
09877890
0987poiu
0blivion
0cdh0v99ue
0icotpd785
0lhhnw3v
0o0o0o0o
0o9i8u7y
0o9i8u7y6t
0okm9ijn
0okmnji9
0p9o8i7u
0p9o8i7u6y
0password
0r968ji9ufj6
1,00001e+14
1,00002e+14
1.23457e
1.23457e+11
10000000
1000000000
10001000
10002000
100100100
10011001
10011975
10011976
10011977
10011978
10011979
10011980
10011981
10011982
10011983
10011984
10011985
10011986
10011987
10011988
10011989
10011990
10011991
10011992
10011993
10011994
10011995
10011996
10011997
1001wdst
100200300
10021002
10021976
10021977
10021978
10021979
10021980
10021981
10021982
10021983
10021984
10021985
10021986
10021987
10021988
10021989
10021990
10021991
10021992
10021993
10021994
10021995
10021996
10021997
10031003
10031977
10031978
10031979
10031980
10031981
10031982
10031983
10031984
10031985
10031986
10031987
10031988
10031989
10031990
10031991
10031992
10031993
10031994
10031995
10041004
10041974
10041977
10041978
10041979
10041980
10041981
10041982
10041983
10041984
10041985
10041986
10041987
10041988
10041989
10041990
10041991
10041992
10041993
10041994
10041995
10041996
10041997
10051005
10051976
10051977
10051978
10051979
10051980
10051981
10051982
10051983
10051984
10051985
10051986
10051987
10051988
10051989
10051990
10051991
10051992
10051993
10051994
10051995
10051996
10061006
10061976
10061977
10061978
10061979
10061980
10061981
10061982
10061983
10061984
10061985
10061986
10061987
10061988
10061989
10061990
10061991
10061992
10061993
10061994
10061995
10061996
10071007
10071977
10071978
10071979
10071980
10071981
10071982
10071983
10071984
10071985
10071986
10071987
10071988
10071989
10071990
10071991
10071992
10071993
10071994
10071995
10071996
10081008
10081975
10081976
10081977
10081978
10081979
10081980
10081981
10081982
10081983
10081984
10081985
10081986
10081987
10081988
10081989
10081990
10081991
10081992
10081993
10081994
10081995
100827092
10091009
10091977
10091978
10091979
10091980
10091981
10091982
10091983
10091984
10091985
10091986
10091987
10091988
10091989
10091990
10091991
10091992
10091993
10091994
10091995
100dollars
100grand
100million
100percent
100proof
100years
10101010
1010101010
10101968
10101970
10101972
10101973
10101974
10101975
10101976
10101977
10101978
10101979
10101980
10101981
10101982
10101983
10101984
10101985
10101986
10101987
10101988
10101989
10101990
10101991
10101992
10101993
10101994
10101995
10101996
10101997
10101998
10102000
10102008
10102010
10102020
10111011
10111213
10111975
10111976
10111977
10111978
10111979
10111980
10111981
10111982
10111983
10111984
10111985
10111986
10111987
10111988
10111989
10111990
10111991
10111992
10111993
10111994
10111995
10121012
10121972
10121974
10121975
10121976
10121977
10121978
10121979
10121980
10121981
10121982
10121983
10121984
10121985
10121986
10121987
10121988
10121989
10121990
10121991
10121992
10121993
10121994
10121995
10121996
10121997
10131013
10141014
10151015
10161016
10171017
10181018
10191019
10200718
10201020
102030102030
10203040
1020304050
102030405060
102030405060708090
102102102
10211021
10221022
10231023
10241024
10251025
10261026
10271027
10281028
10291029
10293847
1029384756
1029384756a
1029384756q
10301030
10311031
10401040
10661066
10711071
10971199
1098765432
10987654321
10fingers
10inches
10million
10qpalzm
11-05-1992
11001001
11001100
110110110
110110jp
11011101
110119120
11011977
11011978
11011979
11011980
11011981
11011982
11011983
11011984
11011985
11011986
11011987
11011988
11011989
11011990
11011991
11011992
11011993
11011994
11011995
11011996
110120119
110120130
11021102
11021977
11021978
11021979
11021980
11021981
11021982
11021983
11021984
11021985
11021986
11021987
11021988
11021989
11021990
11021991
11021992
11021993
11021994
11021995
11021996
11021997
11021998
11031103
11031975
11031977
11031978
11031979
11031980
11031981
11031982
11031983
11031984
11031985
11031986
11031987
11031988
11031989
11031990
11031991
11031992
11031993
11031994
11031995
11031996
11031997
110331rahili
11041104
11041976
11041978
11041979
11041980
11041981
11041982
11041983
11041984
11041985
11041986
11041987
11041988
11041989
11041990
11041991
11041992
11041993
11041994
11041995
11041996
11041997
11051105
11051976
11051977
11051978
11051979
11051980
11051981
11051982
11051983
11051984
11051985
11051986
11051987
11051988
11051989
11051990
11051991
11051992
11051993
11051994
11051995
11051996
11061106
11061976
11061978
11061979
11061980
11061981
11061982
11061983
11061984
11061985
11061986
11061987
11061988
11061989
11061990
11061991
11061992
11061993
11061994
11061995
11061996
11071107
11071977
11071978
11071979
11071980
11071981
11071982
11071983
11071984
11071985
11071986
11071987
11071988
11071989
11071990
11071991
11071992
11071993
11071994
11071995
11071996
11081108
11081976
11081977
11081978
11081979
11081980
11081981
11081982
11081983
11081984
11081985
11081986
11081987
11081988
11081989
11081990
11081991
11081992
11081993
11081994
11081995
11091109
11091978
11091979
11091980
11091981
11091982
11091983
11091984
11091985
11091986
11091987
11091988
11091989
11091990
11091991
11091992
11091993
11091994
11091995
11091996
11092001
11101976
11101978
11101979
11101980
11101981
11101982
11101983
11101984
11101985
11101986
11101987
11101988
11101989
11101990
11101991
11101992
11101993
11101994
11101995
11110000
11111111
111111111
1111111111
11111111111
111111111111
1111111111111
11111111111111
111111111111111
11111111111111111111
1111111111a
1111111111q
111111111a
111111111q
11111111a
11111111q
11111112
11111118
1111111a
1111111q
111111aa
111111aaa
111111prof_root2.sql.txt:,
111111prof_root3.sql.txt:,
111111qq
1111122222
11111974
11111975
11111976
11111977
11111978
11111979
11111980
11111981
11111982
11111983
11111984
11111985
11111986
11111987
11111988
11111989
11111990
11111991
11111992
11111993
11111994
11111995
11111aaaaa
11111qqqqq
11112011
11112222
111122223333
11113333
11114444
11119999
1111aaaa
1111qqqq
11121112
11121314
1112131415
11121974
11121975
11121976
11121977
11121978
11121979
11121980
11121981
11121982
11121983
11121984
11121985
11121986
11121987
11121988
11121989
11121990
11121991
11121992
11121993
11121994
11121995
11121996
11121997
11122233
111222333
111222333444
111222333444555
111222333a
111222333q
111222tianya
11131113
111555999
111qqq111
111zabavina
11201120
11211121
112112112
11221122
11223300
11223311
112233112233
112233123
11223343
11223344
112233445
1122334455
112233445566
11223344556677
1122334455667788
112233445566778899
11223344556677889900
11223344a
11223344q
11223345
11223355
11223366
112233aa
112233qq
11223456
1122qqww
11231123
1123456789
11235813
1123581321
112358132134
11241124
11251125
11261126
11271127
11281128
11291129
11301130
11331133
11335577
1133557799
11341134
11441144
11551155
11794591
11921192
11922960
119872653
11991199
11aa22bb
11eleven
11november
11qq11qq
11qq22ww
11qqaazz
12001200
1200nerds
12011201
12011976
12011977
12011978
12011979
12011980
12011981
12011982
12011983
12011984
12011985
12011986
12011987
12011988
12011989
12011990
12011991
12011992
12011993
12011994
12011995
12011996
120120120
12021202
12021974
12021975
12021976
12021977
12021978
12021979
12021980
12021981
12021982
12021983
12021984
12021985
12021986
12021987
12021988
12021989
12021990
12021991
12021992
12021993
12021994
12021995
12021996
12021997
12031203
12031976
12031977
12031978
12031979
12031980
12031981
12031982
12031983
12031984
12031985
12031986
12031987
12031988
12031989
12031990
12031991
12031992
12031993
12031994
12031995
12031996
12031997
12041204
12041961
12041976
12041977
12041978
12041979
12041980
12041981
12041982
12041983
12041984
12041985
12041986
12041987
12041988
12041989
12041990
12041991
12041992
12041993
12041994
12041995
12041996
12051205
12051976
12051977
12051978
12051979
12051980
12051981
12051982
12051983
12051984
12051985
12051986
12051987
12051988
12051989
12051990
12051991
12051992
12051993
12051994
12051995
12051996
12051997
12061206
12061976
12061977
12061978
12061979
12061980
12061981
12061982
12061983
12061984
12061985
12061986
12061987
12061988
12061989
12061990
12061991
12061992
12061993
12061994
12061995
12061996
12061997
12071207
12071976
12071977
12071978
12071979
12071980
12071981
12071982
12071983
12071984
12071985
12071986
12071987
12071988
12071989
12071990
12071991
12071992
12071993
12071994
12071995
12071996
12081208
12081975
12081976
12081977
12081978
12081979
12081980
12081981
12081982
12081983
12081984
12081985
12081986
12081987
12081988
12081989
12081990
12081991
12081992
12081993
12081994
12081995
12081996
12091209
12091976
12091977
12091978
12091979
12091980
12091981
12091982
12091983
12091984
12091985
12091986
12091987
12091988
12091989
12091990
12091991
12091992
12091993
12091994
12091995
12091996
12101210
12101961
12101974
12101975
12101976
12101977
12101978
12101979
12101980
12101981
12101982
12101983
12101984
12101985
12101986
12101987
12101988
12101989
12101990
12101991
12101992
12101993
12101994
12101995
12101996
1211109032
12111211
1211123a
12111977
12111978
12111979
12111980
12111981
12111982
12111983
12111984
12111985
12111986
12111987
12111988
12111989
12111990
12111991
12111992
12111993
12111994
12111995
12121212
1212121212
121212121212
12121212a
121212qw
12121313
12121970
12121972
12121973
12121974
12121975
12121976
12121977
12121978
12121979
12121980
12121981
12121982
12121983
12121984
12121985
12121986
12121987
12121988
12121989
12121990
12121991
12121992
12121993
12121994
12121995
12121996
12121997
12122000
12122008
12122012
1212312121
12123434
12123456
1212qwqw
12131213
12131415
1213141516
1213141516171819
12141214
12151215
12152325
12161216
12171217
12181218
12191219
12201220
12211221
12213443
12231223
1223334444
122333444455555
12233445
12241224
12251225
12261226
12271227
12280202
12281228
12291229
12300123
12301230
123012301230
12304560
12311231
12312300
12312312
123123123
1231231230
1231231231
123123123123
123123123123123
1231231234
123123123a
123123123q
123123123z
123123321
12312345
123123456
123123456456
123123aa
123123aaa
123123abc
123123as
123123asd
123123qq
123123qw
123123qwe
123123qweqwe
123123zz
12321232
123212321
1232323q
123234345
123258789
12331233
12332100
12332112
123321123
123321123321
1233211234567
12332145
123321456
123321456654
123321aa
123321abc
123321as
123321asd
123321fvfv
123321qaz
123321qq
123321qw
123321qwe
123321qweewq
123321zxc
1234!@#$
12340000
12340987
12341234
123412341234
123412345
12341234a
12341234q
12342234
1234321a
1234321q
12343412
12344321
123443211
12344321a
12344321q
1234509876
12345123
123451234
1234512345
123451234512345
123454321
123454321a
123454321q
1234554321
1234554321a
1234554321q
123456**
123456..
12345600
123456000
12345610
12345611
12345612
123456123
1234561234
123456123456
123456286
123456321
123456456
12345654
12345654321
12345656
12345665
123456654
1234566543
123456654321
12345666
12345670
12345671
1234567123
12345671234567
12345676
1234567654321
12345677
12345677654321
123456777
12345678
123456780
1234567809
123456781
1234567812345678
123456787
123456788
1234567887654321
1234567889
123456789
123456789!
123456789*
123456789+
123456789-
123456789.
1234567890
1234567890-
1234567890-=
1234567890.
12345678900
123456789000
12345678900987654321
12345678901
123456789012
1234567890123
123456789012345
1234567890123456
12345678901234567890
12345678909
1234567890987654321
1234567890a
1234567890abc
1234567890d
1234567890f
1234567890k
1234567890l
1234567890m
1234567890o
1234567890p
1234567890q
1234567890qaz
1234567890qw
1234567890qwe
1234567890qwer
1234567890qwert
1234567890qwerty
1234567890qwertyuiop
1234567890r
1234567890s
1234567890v
1234567890w
1234567890z
1234567891
12345678910
123456789101
1234567891011
123456789101112
12345678910a
12345678911
12345678912
123456789123
1234567891234
12345678912345
123456789123456
1234567891234567
123456789123456789
1234567892
1234567895
1234567896
12345678963
1234567897
123456789789
1234567898
12345678987654321
1234567899
123456789987
123456789987654
1234567899876543
123456789987654321
12345678999
123456789@
123456789_
123456789a
123456789aa
123456789aaa
123456789ab
123456789abc
123456789abcd
123456789abcde
123456789as
123456789asd
123456789asdf
123456789az
123456789b
123456789c
123456789d
123456789e
123456789f
123456789g
123456789h
123456789i
123456789j
123456789k
123456789l
123456789lol
123456789love
123456789m
123456789ma
123456789n
123456789o
123456789ok
123456789p
123456789q
123456789qaz
123456789qq
123456789qqq
123456789qw
123456789qwe
123456789qwer
123456789qwert
123456789qwerty
123456789qwertyuio
123456789qwertyuiop
123456789r
123456789s
123456789t
123456789u
123456789v
123456789w
123456789x
123456789y
123456789z
123456789zx
123456789zxc
123456789zxcvbnm
123456789zz
123456789zzz
12345678a
12345678aa
12345678ab
12345678abc
12345678as
12345678b
12345678bj
12345678c
12345678d
12345678e
12345678f
12345678g
12345678h
12345678i
12345678j
12345678k
12345678l
12345678m
12345678n
12345678o
12345678p
12345678q
12345678qw
12345678qwe
12345678qwertyui
12345678r
12345678s
12345678t
12345678u
12345678v
12345678w
12345678x
12345678y
12345678z
12345679
123456798
1234567a
1234567aa
1234567ab
1234567abc
1234567as
1234567asd
1234567b
1234567c
1234567d
1234567e
1234567f
1234567g
1234567h
1234567i
1234567j
1234567k
1234567l
1234567m
1234567n
1234567o
1234567p
1234567q
1234567qq
1234567qw
1234567qwe
1234567qwerty
1234567qwertyu
1234567r
1234567s
1234567t
1234567u
1234567v
1234567w
1234567x
1234567y
1234567z
123456852
12345687
12345688
12345689
12345698
123456987
12345699
123456aa
123456aaa
123456ab
123456abc
123456abcd
123456abcdef
123456ad
123456al
123456am
123456as
123456asd
123456asdf
123456asdfgh
123456ass
123456az
123456bb
123456cc
123456da
123456dd
123456dj
123456dm
123456er
123456ff
123456gg
123456gh
123456go
123456hh
123456hi
123456jb
123456jc
123456jj
123456jk
123456jr
123456kk
123456kl
123456ll
123456lol
123456love
123456ma
123456mama
123456me
123456mm
123456mn
123456ms
123456ok
123456pa
123456po
123456pp
123456prof_root2.sql.txt:,
123456prof_root3.sql.txt:,
123456qa
123456qaz
123456qq
123456qqq
123456qw
123456qwe
123456qwer
123456qwert
123456qwerty
123456rr
123456ru
123456sa
123456sd
123456ss
123456tt
123456ty
123456ww
123456www
123456xx
123456xxx
123456yu
123456yy
123456zx
123456zxc
123456zxcv
123456zxcvbn
123456zz
123456zzz
12345789
123459876
12345aaa
12345abc
12345abcd
12345abcde
12345asd
12345asdf
12345asdfg
12345lol
12345love
12345qaz
12345qqq
12345qwe
12345qwer
12345qwert
12345qwertasdfg
12345qwerty
12345rewq
12345sex
12345six
12345tgb
12345trewq
12345zxc
12345zxcvb
12345zzz
12346789
12347890
12348765
12348878
12349876
123498765
1234aaaa
1234abcd
1234anna
1234asdf
1234five
1234kids
1234love
1234pass
1234qwer
1234qwerasdf
1234qwerasdfzxcv
1234qwert
1234qwerty
1234rewq
1234wert
1234zxcv
12351235
12356789
12356790
123578951
123581321
12361236
123654123
12365478
123654789
1236547890
123654789a
123654789q
123654987
123698547
12369874
123698741
123698745
1236987450
1236987456
123698745a
123789456
123789654
123789852
123789abc
12381238
123987456
123a123a
123a456b
123aaa123
123abc123
123abc123abc
123abc456
123abcde
123admin
123admin32
123admin321
123admin321a
123angel
123apple
123as123
123asd123
123asd123asd
123asd456
123asd88
123asdfg
123asdqwe
123asdzxc
123bitch
123chris
123david
123e123e
123ewqasd
123ewqasdcxz
123fuckyou
123green
123happy
123hello
123hfjdk147
123iloveme
123iloveu
123india
123itsme
123jesus
123killer
123lol123
123masha
123money
123monkey
123mudar
123music
123myspace
123odidol
123passwor
123password
123pormi
123q123q
123qaz123
123qazwsx
123qq123
123qw123
123qwaszx
123qwe,./
123qwe123
123qwe123qwe
123qwe321
123qwe456
123qwe456asd
123qwe456rty
123qwe4r
123qweas
123qweasd
123qweasdz
123qweasdzxc
123qweqwe
123qwert
123qwerty
123qwerty123
123qwezxc
123smile
123soleil
123spill
123stella
123zxc123
123zxcvbnm
12401240
12421242
12431243
12435687
12451245
12456789
124578369
12457896
124578963
12481248
12481632
12501250
125125125
12521252
12541254
125478963
12561256
12581258
12781278
12891289
12901290
12991299
12ab34cd
12d8a377
12e3e456
12fuckyou
12inches
12monkey
12monkeys
12password
12q12q12q
12qazwsx
12qw12qw
12qw23we
12qw34as
12qw34er
12qw34er56ty
12qwasyx
12qwaszx
12qwerty
12s3t4p55
12stones
12string
12wq12wq
12wqasxz
13011301
13011977
13011979
13011980
13011981
13011982
13011983
13011984
13011985
13011986
13011987
13011988
13011989
13011990
13011991
13011992
13011993
13011994
13011995
13021302
13021977
13021978
13021979
13021980
13021981
13021982
13021983
13021984
13021985
13021986
13021987
13021988
13021989
13021990
13021991
13021992
13021993
13021994
13021995
13021996
13021997
13031303
13031977
13031978
13031979
13031980
13031981
13031982
13031983
13031984
13031985
13031986
13031987
13031988
13031989
13031990
13031991
13031992
13031993
13031994
13031995
13031996
13041304
13041978
13041979
13041980
13041981
13041982
13041983
13041984
13041985
13041986
13041987
13041988
13041989
13041990
13041991
13041992
13041993
13041994
13041995
13041996
13051305
13051976
13051977
13051978
13051979
13051980
13051981
13051982
13051983
13051984
13051985
13051986
13051987
13051988
13051989
13051990
13051991
13051992
13051993
13051994
13051995
13051996
13061306
13061978
13061979
13061980
13061981
13061982
13061983
13061984
13061985
13061986
13061987
13061988
13061989
13061990
13061991
13061992
13061993
13061994
13061995
13061996
13071307
13071977
13071978
13071979
13071980
13071981
13071982
13071983
13071984
13071985
13071986
13071987
13071988
13071989
13071990
13071991
13071992
13071993
13071994
13071995
13081308
13081977
13081979
13081980
13081981
13081982
13081983
13081984
13081985
13081986
13081987
13081988
13081989
13081990
13081991
13081992
13081993
13081994
13081996
13091309
13091979
13091980
13091981
13091982
13091983
13091984
13091985
13091986
13091987
13091988
13091989
13091990
13091991
13091992
13091993
13091994
13091995
13091996
13101310
13101976
13101977
13101978
13101979
13101980
13101981
13101982
13101983
13101984
13101985
13101986
13101987
13101988
13101989
13101990
13101991
13101992
13101993
13101994
13101995
13111311
13111978
13111979
13111980
13111981
13111982
13111983
13111984
13111985
13111986
13111987
13111988
13111989
13111990
13111991
13111992
13111993
13111994
13111995
13121312
13121975
13121976
13121977
13121978
13121979
13121980
13121981
13121982
13121983
13121984
13121985
13121986
13121987
13121988
13121989
13121990
13121991
13121992
13121993
13121994
13121995
13121996
13131313
1313131313
13141314
13141516
13145200
13151315
13171317
13201320
13211321
132132132
13221322
13231323
1323456789
13241324
13243546
1324354657
1324354657687980
132456789
13245768
132465798
13251325
13261326
13271327
13281328
13301827475
13311331
13324124
13371337
1337ness
13421342
13451345
13456789
13461346
134679258
13467982
134679852
1346798520
13489277
13501350
13511351
13521352
13531353
13541354
13551355
13561356
13571357
13572468
13577531
13579000
1357902468
1357908642
135791113
1357911q
13579135
1357913579
13579246
135792468
1357924680
13579246810
135797531
135798642
1357997531
1357reti99
13581358
13587930210
13591359
13601360
13611361
13621362
13631363
13641364
13651365
13661366
13671367
13681368
13691369
13701370
13751375
13771377
13791379
13801380
139381512
13971397
13marino
13pass13
13qeadzc
13thirteen
14001400
14011401
14011980
14011981
14011982
14011983
14011984
14011985
14011986
14011987
14011988
14011989
14011990
14011991
14011992
14011993
14011994
14011995
14021402
14021975
14021976
14021977
14021978
14021979
14021980
14021981
14021982
14021983
14021984
14021985
14021986
14021987
14021988
14021989
14021990
14021991
14021992
14021993
14021994
14021995
14021996
14021997
14022008
14022009
14031403
14031972
14031977
14031978
14031979
14031980
14031981
14031982
14031983
14031984
14031985
14031986
14031987
14031988
14031989
14031990
14031991
14031992
14031993
14031994
14031995
14031996
14041404
14041976
14041977
14041978
14041979
14041980
14041981
14041982
14041983
14041984
14041985
14041986
14041987
14041988
14041989
14041990
14041991
14041992
14041993
14041994
14041995
14041997
14051405
14051977
14051979
14051980
14051981
14051982
14051983
14051984
14051985
14051986
14051987
14051988
14051989
14051990
14051991
14051992
14051993
14051994
14051995
14051996
14051997
14061406
14061976
14061977
14061979
14061980
14061981
14061982
14061983
14061984
14061985
14061986
14061987
14061988
14061989
14061990
14061991
14061992
14061993
14061994
14061995
14061996
14071407
14071977
14071979
14071980
14071981
14071982
14071983
14071984
14071985
14071986
14071987
14071988
14071989
14071990
14071991
14071992
14071993
14071994
14071995
14071997
14081408
14081979
14081980
14081981
14081982
14081983
14081984
14081985
14081986
14081987
14081988
14081989
14081990
14081991
14081992
14081993
14081994
14081995
14081996
14091980
14091981
14091982
14091983
14091984
14091985
14091986
14091987
14091988
14091989
14091990
14091991
14091992
14091993
14091994
14091995
14101410
14101976
14101978
14101979
14101980
14101981
14101982
14101983
14101984
14101985
14101986
14101987
14101988
14101989
14101990
14101991
14101992
14101993
14101994
14101995
14101996
14111411
14111978
14111979
14111980
14111981
14111982
14111983
14111984
14111985
14111986
14111987
14111988
14111989
14111990
14111991
14111992
14111993
14111994
14111995
14121412
14121976
14121977
14121978
14121979
14121980
14121981
14121982
14121983
14121984
14121985
14121986
14121987
14121988
14121989
14121990
14121991
14121992
14121993
14121994
14121995
14121996
14131413
14141414
14151415
14151617
14181418
14201420
1420839army
14211421
14221422
14231423
14241424
14251425
142536789
142753869
14301430
143143143
14321432
143445254
14371437
143iloveyo
143jesus
14411441
14521452
145236987
14531453
14561456
14629227
14701470
147147147
1472580369
14725836
147258369
1472583690
1472583691
147258369a
147258369q
147258963
147369258
14781478
14785236
147852369
1478523690
147852369a
147852369q
147852963
147852zes
14789632
147896321
147896325
1478963250
1478963258
147896325a
1478963a
147963258
14881488
14921492
14themoney
14theroad
15001500
15011977
15011978
15011979
15011980
15011981
15011982
15011983
15011984
15011985
15011986
15011987
15011988
15011989
15011990
15011991
15011992
15011993
15011994
15011995
15011996
150150as
15021502
15021976
15021977
15021978
15021979
15021980
15021981
15021982
15021983
15021984
15021985
15021986
15021987
15021988
15021989
15021990
15021991
15021992
15021993
15021994
15021995
15021996
15031503
15031975
15031977
15031978
15031979
15031980
15031981
15031982
15031983
15031984
15031985
15031986
15031987
15031988
15031989
15031990
15031991
15031992
15031993
15031994
15031995
15031996
15041977
15041978
15041979
15041980
15041981
15041982
15041983
15041984
15041985
15041986
15041987
15041988
15041989
15041990
15041991
15041992
15041993
15041994
15041995
15041996
15051505
15051975
15051976
15051977
15051978
15051979
15051980
15051981
15051982
15051983
15051984
15051985
15051986
15051987
15051988
15051989
15051990
15051991
15051992
15051993
15051994
15051995
15051996
15061977
15061978
15061979
15061980
15061981
15061982
15061983
15061984
15061985
15061986
15061987
15061988
15061989
15061990
15061991
15061992
15061993
15061994
15061995
15061996
15071977
15071979
15071980
15071981
15071982
15071983
15071984
15071985
15071986
15071987
15071988
15071989
15071990
15071991
15071992
15071993
15071994
15071996
15081508
15081976
15081977
15081978
15081979
15081980
15081981
15081982
15081983
15081984
15081985
15081986
15081987
15081988
15081989
15081990
15081991
15081992
15081993
15081994
15081995
15081996
15091977
15091978
15091979
15091980
15091981
15091982
15091983
15091984
15091985
15091986
15091987
15091988
15091989
15091990
15091991
15091992
15091993
15091994
15091995
15092007
15101510
15101975
15101976
15101977
15101978
15101979
15101980
15101981
15101982
15101983
15101984
15101985
15101986
15101987
15101988
15101989
15101990
15101991
15101992
15101993
15101994
15101995
15101996
15111978
15111979
15111980
15111981
15111982
15111983
15111984
15111985
15111986
15111987
15111988
15111989
15111990
15111991
15111992
15111993
15111994
15111995
15121512
15121975
15121977
15121978
15121979
15121980
15121981
15121982
15121983
15121984
15121985
15121986
15121987
15121988
15121989
15121990
15121991
15121992
15121993
15121994
15121995
15151515
1515151515
15161516
15161718
15201520
15231523
15241524
15251525
15253545
15261526
15301530
15321532
15421542
15426378
154322358
15511551
15516210
15727666
15731573
1580@welca
1580@welcamino
1580welcamino
15901590
1590736tany
159159159
159258357
159263487
15935700
159357000
159357123
159357159357
1593572468
1593572486
159357258
159357258456
15935728
159357456
15935746
159357852
15935789
159487263
159632478
159635741
15975300
159753123
159753159
159753159753
15975321
1597532468
1597532486
159753258
159753258456
1597532684
159753456
159753456852
15975346
1597534682
159753654
159753852
159753852456
159874123
15987532
159875321
1598753a
159951159
15995123
16011978
16011980
16011981
16011982
16011983
16011984
16011985
16011986
16011987
16011988
16011989
16011990
16011991
16011992
16011993
16011994
16011995
16011996
16021977
16021978
16021979
16021980
16021981
16021982
16021983
16021984
16021985
16021986
16021987
16021988
16021989
16021990
16021991
16021992
16021993
16021994
16021995
16021996
16031977
16031978
16031980
16031981
16031982
16031983
16031984
16031985
16031986
16031987
16031988
16031989
16031990
16031991
16031992
16031993
16031994
16031995
16041976
16041977
16041978
16041979
16041980
16041981
16041982
16041983
16041984
16041985
16041986
16041987
16041988
16041989
16041990
16041991
16041992
16041993
16041994
16041995
16041997
16051977
16051978
16051979
16051980
16051981
16051982
16051983
16051984
16051985
16051986
16051987
16051988
16051989
16051990
16051991
16051992
16051993
16051994
16051995
16051996
16051997
16061977
16061978
16061980
16061981
16061982
16061983
16061984
16061985
16061986
16061987
16061988
16061989
16061990
16061991
16061992
16061993
16061994
16061995
16071978
16071979
16071980
16071981
16071982
16071983
16071984
16071985
16071986
16071987
16071988
16071989
16071990
16071991
16071992
16071993
16071994
16081977
16081978
16081979
16081980
16081981
16081982
16081983
16081984
16081985
16081986
16081987
16081988
16081989
16081990
16081991
16081992
16081993
16081994
16081995
16081996
16091980
16091981
16091982
16091983
16091984
16091985
16091986
16091987
16091988
16091989
16091990
16091991
16091992
16091993
16091994
16091995
16101610
16101976
16101977
16101978
16101979
16101980
16101981
16101982
16101983
16101984
16101985
16101986
16101987
16101988
16101989
16101990
16101991
16101992
16101993
16101994
16101995
16111978
16111979
16111980
16111981
16111982
16111983
16111984
16111985
16111986
16111987
16111988
16111989
16111990
16111991
16111992
16111993
16111994
16111995
16121612
16121976
16121977
16121978
16121979
16121980
16121981
16121982
16121983
16121984
16121985
16121986
16121987
16121988
16121989
16121990
16121991
16121992
16121993
16121994
16121995
16121996
16161616
16181618
16246149
16641664
168168168
16881688
16897168
16899168
168asd168
16candles
17011701
17011977
17011980
17011981
17011982
17011983
17011984
17011985
17011986
17011987
17011988
17011989
17011990
17011991
17011992
17011993
17011994
17011995
17011996
17012003
17021977
17021978
17021979
17021980
17021981
17021982
17021983
17021984
17021985
17021986
17021987
17021988
17021989
17021990
17021991
17021992
17021993
17021994
17021995
17021996
17021997
17031978
17031980
17031981
17031982
17031983
17031984
17031985
17031986
17031987
17031988
17031989
17031990
17031991
17031992
17031993
17031994
17031995
17041977
17041978
17041979
17041980
17041981
17041982
17041983
17041984
17041985
17041986
17041987
17041988
17041989
17041990
17041991
17041992
17041993
17041994
17041995
17051978
17051979
17051980
17051981
17051982
17051983
17051984
17051985
17051986
17051987
17051988
17051989
17051990
17051991
17051992
17051993
17051994
17051995
17051996
17061978
17061980
17061981
17061982
17061983
17061984
17061985
17061986
17061987
17061988
17061989
17061990
17061991
17061992
17061993
17061994
17061995
17071977
17071978
17071979
17071980
17071981
17071982
17071983
17071984
17071985
17071986
17071987
17071988
17071989
17071990
17071991
17071992
17071993
17071994
17071995
17071996
17071997
17081945
17081977
17081978
17081980
17081981
17081982
17081983
17081984
17081985
17081986
17081987
17081988
17081989
17081990
17081991
17081992
17081993
17081994
17081995
17091976
17091979
17091980
17091981
17091982
17091983
17091984
17091985
17091986
17091987
17091988
17091989
17091990
17091991
17091992
17091993
17091994
17091995
17101710
17101975
17101978
17101979
17101980
17101981
17101982
17101983
17101984
17101985
17101986
17101987
17101988
17101989
17101990
17101991
17101992
17101993
17101994
17101995
17101996
17111979
17111980
17111981
17111982
17111983
17111984
17111985
17111986
17111987
17111988
17111989
17111990
17111991
17111992
17111993
17111994
17111995
171204jg
17121977
17121978
17121979
17121980
17121981
17121982
17121983
17121984
17121985
17121986
17121987
17121988
17121989
17121990
17121991
17121992
17121993
17121994
17121995
17121996
17151715
17171717
1721k1721
172839456
17711771
17746052
17891789
17931793
179324865
17ciao72
18001800
18011979
18011980
18011981
18011982
18011983
18011984
18011985
18011986
18011987
18011988
18011989
18011990
18011991
18011992
18011993
18011994
18011995
18021977
18021978
18021979
18021980
18021981
18021982
18021983
18021984
18021985
18021986
18021987
18021988
18021989
18021990
18021991
18021992
18021993
18021994
18021995
18021996
18031977
18031978
18031979
18031980
18031981
18031982
18031983
18031984
18031985
18031986
18031987
18031988
18031989
18031990
18031991
18031992
18031993
18031994
18031995
18031996
18031997
18041977
18041978
18041979
18041980
18041981
18041982
18041983
18041984
18041985
18041986
18041987
18041988
18041989
18041990
18041991
18041992
18041993
18041994
18041995
18041996
18051959
18051978
18051979
18051980
18051981
18051982
18051983
18051984
18051985
18051986
18051987
18051988
18051989
18051990
18051991
18051992
18051993
18051994
18051995
18061978
18061979
18061980
18061981
18061982
18061983
18061984
18061985
18061986
18061987
18061988
18061989
18061990
18061991
18061992
18061993
18061994
18061996
18071979
18071980
18071981
18071982
18071983
18071984
18071985
18071986
18071987
18071988
18071989
18071990
18071991
18071992
18071993
18071994
18071995
18081977
18081978
18081979
18081980
18081981
18081982
18081983
18081984
18081985
18081986
18081987
18081988
18081989
18081990
18081991
18081992
18081993
18081994
18081995
18091978
18091979
18091980
18091981
18091982
18091983
18091984
18091985
18091986
18091987
18091988
18091989
18091990
18091991
18091992
18091993
18091994
18101810
18101977
18101978
18101979
18101980
18101981
18101982
18101983
18101984
18101985
18101986
18101987
18101988
18101989
18101990
18101991
18101992
18101993
18101994
18101995
18101996
18111976
18111978
18111980
18111981
18111982
18111983
18111984
18111985
18111986
18111987
18111988
18111989
18111990
18111991
18111992
18111993
18111994
18111995
18121812
18121977
18121978
18121979
18121980
18121981
18121982
18121983
18121984
18121985
18121986
18121987
18121988
18121989
18121990
18121991
18121992
18121993
18121994
18121995
18121996
18181818
18191819
18211821
18273645
18297649
182blink
18436572
18811881
18811938
18atcskd2w
18n28n24a5
18street
18wheeler
19001560
19001570
19001900
19011977
19011980
19011981
19011982
19011983
19011984
19011985
19011986
19011987
19011988
19011989
19011990
19011991
19011992
19011993
19011994
19011995
19011996
19021902
19021975
19021977
19021978
19021979
19021980
19021981
19021982
19021983
19021984
19021985
19021986
19021987
19021988
19021989
19021990
19021991
19021992
19021993
19021994
19021995
19021996
19031903
19031979
19031980
19031981
19031982
19031983
19031984
19031985
19031986
19031987
19031988
19031989
19031990
19031991
19031992
19031993
19031994
19031995
19031996
19031997
19032003
19041977
19041978
19041979
19041980
19041981
19041982
19041983
19041984
19041985
19041986
19041987
19041988
19041989
19041990
19041991
19041992
19041993
19041994
19041995
19051905
19051977
19051978
19051979
19051980
19051981
19051982
19051983
19051984
19051985
19051986
19051987
19051988
19051989
19051990
19051991
19051992
19051993
19051994
19051995
19051996
19051997
19052005
19061978
19061979
19061980
19061981
19061982
19061983
19061984
19061985
19061986
19061987
19061988
19061989
19061990
19061991
19061992
19061993
19061994
19061995
19061996
19071907
19071978
19071979
19071980
19071981
19071982
19071983
19071984
19071985
19071986
19071987
19071988
19071989
19071990
19071991
19071992
19071993
19071994
19071995
19071996
19072007
1907fener
19081908
19081977
19081978
19081980
19081981
19081982
19081983
19081984
19081985
19081986
19081987
19081988
19081989
19081990
19081991
19081992
19081993
19081994
19081995
19091977
19091978
19091979
19091980
19091981
19091982
19091983
19091984
19091985
19091986
19091987
19091988
19091989
19091990
19091991
19091992
19091993
19091994
19091995
19101910
19101977
19101978
19101979
19101980
19101981
19101982
19101983
19101984
19101985
19101986
19101987
19101988
19101989
19101990
19101991
19101992
19101993
19101994
19101995
19111911
19111979
19111980
19111981
19111982
19111983
19111984
19111985
19111986
19111987
19111988
19111989
19111990
19111991
19111992
19111993
19111994
19111996
19121912
19121977
19121978
19121979
19121980
19121981
19121982
19121983
19121984
19121985
19121986
19121987
19121988
19121989
19121990
19121991
19121992
19121993
19121994
19121995
19121996
19141914
19171917
19191919
19201920
19216801
19221922
19231923
19251925
19271927
19281928
19283746
192837465
1928374655
192837465a
19371937
19372846
19381938
19391939
19391945
19401940
1941-1945
19411941
19411945
19421942
19431943
19441944
19451945
19461946
19471947
19481948
19491001
19491949
19501950
19511951
19521952
19531953
19541954
19551955
1955chevy
19561956
19571957
1957chevy
19581958
19591959
19601960
19611961
19621962
19631963
19641964
19651965
19661966
19671967
19681968
19691969
1969camaro
19701970
19711971
19721972
19731973
19733791
19734682
197346825
19741974
19751975
19761968serg
19761976
19771977
19781978
19791979
19791980
1979pool
19801980
19801981
19801982
19810301
19811981
19811982
19821010
19821012
19821020
19821023
19821028
19821108
19821209
19821212
19821982
19821983
19821984
19822891
1982gonzo
19831010
19831015
19831020
19831022
19831120
19831212
19831983
19831984
19831985
19833891
19841001
19841002
19841007
19841010
19841011
19841012
19841013
19841014
19841015
19841016
19841017
19841018
19841019
19841020
19841021
19841022
19841023
19841024
19841025
19841026
19841027
19841028
19841029
19841120
19841121
19841123
19841124
19841125
19841212
19841224
19841225
19841984
19841985
19841986
19844891
19850101
19851001
19851010
19851011
19851012
19851015
19851016
19851018
19851020
19851022
19851023
19851024
19851025
19851028
19851030
19851111
19851120
19851121
19851122
19851123
19851125
19851126
19851127
19851203
19851210
19851211
19851212
19851213
19851215
19851216
19851217
19851218
19851220
19851223
19851224
19851225
19851228
19851230
19851985
19851986
19851987
19855891
19860101
19860214
19861001
19861002
19861010
19861011
19861012
19861013
19861015
19861016
19861017
19861018
19861020
19861021
19861022
19861023
19861024
19861025
19861026
19861028
19861030
19861103
19861106
19861110
19861111
19861115
19861119
19861120
19861121
19861122
19861123
19861124
19861125
19861126
19861210
19861211
19861212
19861213
19861214
19861215
19861216
19861218
19861220
19861223
19861224
19861225
19861226
19861986
19861987
19861988
19866891
19870101
19870111
19870212
19871010
19871012
19871015
19871016
19871020
19871021
19871023
19871024
19871025
19871026
19871028
19871029
19871111
19871120
19871212
19871225
19871987
198719871987
19871988
19871989
19877891
19881010
19881212
19881988
19881989
19888891
1988comeer
19891229
19891989
19899891
19900991
19901990
19901991
19902000ttt
19911991
19911992
19912009
19921992
19921993
19922991
19931993
19931994
19932008
19932009
19933991
1993ga4mi
19941028
19941994
19941995
19942009
19944991
19951995
19951996
19952009
19955991
19960122
19960309
19961996
19961997
19966991
19971997
19971998
19977991
19980621
19981998
19991999
19992000
1a1a1a1a
1a1a1a1a1a
1a2a3a4a
1a2a3a4a5a
1a2a3a4a5a6a
1a2b3c4d
1a2b3c4d5e
1a2b3c4d5e6f
1a2s3d4f
1a2s3d4f5g
1a2s3d4f5g6h
1aaliyah
1abcdefg
1abcdefgh
1adgjmptw
1alabama
1alejandro
1alexander
1america
1american
1andonly
1anthony
1antonio
1arsenal
1asdfghj
1asdfghjkl
1asshole
1atlanta
1babyboy
1babydoll
1babygirl
1babygurl
1babylove
1badbitch
1badgirl
1barbara
1baseball
1basketbal
1bastard
1beautiful
1benjamin
1bigcock
1bigdaddy
1bigdick
1bigfish
1bighead
1bigpimp
1billion
1bitches
1blessed
1blessing
1blondie
1boricua
1bradley
1brandon
1brianna
1brittany
1brooklyn
1brother
1bubbles
1budlight
1bulldog
1bullshit
1business
1buttercup
1butterfly
1butthead
1californi
1cameron
1carolina
1cecream
1champion
1charles
1charlie
1cheater
1chelsea
1chester
1cheyenne
1chicago
1chicken
1chocolate
1chopper
1chrisbrow
1christian
1christina
1christine
1christmas
1christoph
1ck75iflga
1cocacola
1computer
1cookies
1cooldude
1coolguy
1corazon
1corvette
1country
1courtney
1cowboys
1cowgirl
1cracker
1cricket
1crystal
1cupcake
1cutiepie
1danielle
1daughter
1december
1derrick
1destiny
1diamond
1dickhead
1dolphin
1dontknow
1dreamer
1drowssap
1drpepper
1drummer
1dumbass
1eastside
1element
1elephant
1elizabeth
1estrella
1f3q8aunke
1fineday
1fireman
1fish2fish
1fishing
1florida
1flowers
1football
1forever
1fptjtl919
1fr2rfq7xl
1frankie
1freedom
1freeman
1friends
1fuckoff
1fuckyou
1g2w3e4r
1gabriel
1gangsta
1gangster
1gateway
1georgia
1getmoney
1goddess
1godisgood
1goodgirl
1grandma
1grandpa
1greenday
1hateyou
1heather
1hollywood
1hotbitch
1hotchick
1hotgirl
1hotmail
1hotmama
1hotmomma
1hotstuff
1houston
1hundred
1husband
1hustler
1hxboqg2s
1icecream
1iffqb66tw
1iloveme
1iloveyou
1internet
1inuyasha
1isabella
1jackass
1jackson
1jamaica
1jasmine
1jehovah
1jellybean
1jennifer
1jessica
1johncena
1johnson
1jonathan
1juggalo
1justice
1kenneth
1kimberly
1kingdom
1kittycat
1l0v3y0u
1ladybug
1lesbian
1letmein
1life1love
1life2live
1lilmama
1lilwayne
1linkedin
1liverpool
1lollipop
1love1life
1love4ever
1love4life
1love4me
1lovebaby
1lovebug
1lovechris
1lovegod
1loveher
1lovehim
1lovejesus
1lovelife
1lovelove
1lovemom
1lovemusic
1loverboy
1loveyou
1luckydog
1madison
1malaysia
1manarmy
1maryjane
1matthew
1maxwell
1melissa
1mercedes
1metallica
1mexican
1michael
1michelle
1midnight
1million
1mnbvcxz
1monique
1monster
1montana
1moretime
1mountain
1mustang
1myspace
1myspace1
1natalie
1natasha
1newlife
1newport
1newyork
1nicholas
1nirvana
1nothing
1november
1nternet
1ofakind
1olmetec1
1onelove
1orlando
1panther
1passion
1password
1password1
1password2
1patches
1patricia
1patrick
1peaches
1pebbles
1penguin
1phoenix
1pioneer
1pitbull
1playboy
1pokemon
1poohbear
1popcorn
1pothead
1precious
1princess
1promise
1pumpkin
1q1q1q1q
1q1q1q1q1q
1q2q3q4q
1q2q3q4q5q
1q2w1q2w
1q2w3e1q2w3e
1q2w3e4r
1q2w3e4r5
1q2w3e4r5t
1q2w3e4r5t6
1q2w3e4r5t6y
1q2w3e4r5t6y7
1q2w3e4r5t6y7u
1q2w3e4r5t6y7u8
1q2w3e4r5t6y7u8i
1q2w3e4r5t6y7u8i9o
1q2w3e4r5t6y7u8i9o0p
1q2w3e4r5t6z
1q2w3easd
1q3e2w4r
1q3e5t7u
1q3e5t7u9o
1qa2ws3ed
1qa2ws3ed4rf
1qa2ws3ed4rf5tg
1qasw23ed
1qay2wsx
1qayxsw2
1qaz!qaz
1qaz0okm
1qaz1qaz
1qaz2wsx
1qaz2wsx3
1qaz2wsx3e
1qaz2wsx3edc
1qaz2wsx3edc4rfv
1qaz2wsx3edc4rfv5tgb
1qaz3edc
1qaz@wsx
1qazwsxedc
1qazxcvb
1qazxcvbnm
1qazxdr5
1qazxsw2
1qazxsw23
1qazxsw23e
1qazxsw23edc
1qazxsw23edcvfr4
1qazxsw@
1qazzaq!
1qazzaq1
1qw21qw2
1qw23er4
1qw23er45t
1qweasdzxc
1qwerty1
1qwerty2
1qwerty7
1qwertyu
1qwertyui
1qwertyuio
1qwertyuiop
1raiders
1rainbow
1raymond
1realnigga
1rebecca
1redhead
1redneck
1redrose
1remember
1richard
1rockstar
1rooster
1rosebud
1sabella
1sabrina
1samantha
1samsung
1savannah
1scarface
1scooter
1scorpio
1sebastian
1september
1sexybitch
1sexyboy
1sexygirl
1sexygurl
1sexylady
1sexymama
1sexyman
1shannon
1shithead
1shot1kill
1slipknot
1snickers
1snowball
1snowman
1softball
1soldier
1southside
1spencer
1spiderman
1spongebob
1starwars
1stclass
1steelers
1stephanie
1stephen
1stplace
1strawberr
1stunner
1success
1sunflower
1sunshine
1superman
1superstar
1sweetie
1sweetpea
1teacher
1teddybear
1thuglife
1thunder
1thursday
1tiffany
1timothy
1tinkerbel
1toomany
1treehill
1trinity
1trouble
1truelove
1two3four
1twothree
1ty2an3ja
1unicorn
1urkilbth674
1v7upjw3nt
1vampire
1vanessa
1veronica
1victoria
1vincent
1w2e3r4t
1w2q3r4e
1w2w3w4w
1warrior
1welcome
1westside
1wetpussy
1whatever
1wildcat
1william
1williams
1winston
1wordpass
1yankees
1z2x3c4v
1z2x3c4v5b
1z2x3c4v5b6n
1zachary
1zg1h9suza
1zn6fpn01n
1zn6fpn01x
1zxcvbnm
1zyybyt82a
1й2ц3у4к
1й2ц3у4к5е
20000000
20002000
2000comeer
20011975
20011977
20011978
20011979
20011980
20011981
20011982
20011983
20011984
20011985
20011986
20011987
20011988
20011989
20011990
20011991
20011992
20011993
20011994
20011995
20011996
20012001
20012002
20012003
20012005
20012007
20021967
20021975
20021976
20021977
20021978
20021979
20021980
20021981
20021982
20021983
20021984
20021985
20021986
20021987
20021988
20021989
20021990
20021991
20021992
20021993
20021994
20021995
20021996
20021997
20022002
20022003
20022004
20022006
20022007
20031975
20031976
20031977
20031978
20031979
20031980
20031981
20031982
20031983
20031984
20031985
20031986
20031987
20031988
20031989
20031990
20031991
20031992
20031993
20031994
20031995
20031996
20031997
20032003
20032004
20032005
20032006
20032007
20032008
20041889
20041976
20041977
20041978
20041979
20041980
20041981
20041982
20041983
20041984
20041985
20041986
20041987
20041988
20041989
20041990
20041991
20041992
20041993
20041994
20041995
20041996
20042004
20042005
20042006
20042007
20042008
20051975
20051976
20051977
20051978
20051979
20051980
20051981
20051982
20051983
20051984
20051985
20051986
20051987
20051988
20051989
20051990
20051991
20051992
20051993
20051994
20051995
20051996
20051997
20052005
20052006
20052007
20052008
20052009
20061977
20061978
20061979
20061980
20061981
20061982
20061983
20061984
20061985
20061986
20061987
20061988
20061989
20061990
20061991
20061992
20061993
20061994
20061995
20061996
20061997
20062006
20062007
20062008
20062009
20070509031
20071977
20071979
20071980
20071981
20071982
20071983
20071984
20071985
20071986
20071987
20071988
20071989
20071990
20071991
20071992
20071993
20071994
20071995
20071996
20072007
20072008
20080808
20081975
20081977
20081978
20081979
20081980
20081981
20081982
20081983
20081984
20081985
20081986
20081987
20081988
20081989
20081990
20081991
20081992
20081993
20081994
20081995
20081996
20082008
200820082
20082009
20091975
20091977
20091978
20091979
20091980
20091981
20091982
20091983
20091984
20091985
20091986
20091987
20091988
20091989
20091990
20091991
20091992
20091993
20091994
20091995
20091996
20092008
20092009
20092010
20100728
20101975
20101976
20101977
20101978
20101979
20101980
20101981
20101982
20101983
20101984
20101985
20101986
20101987
20101988
20101989
20101990
20101991
20101992
20101993
20101994
20101995
20101996
20101997
20102000
20102007
20102010
20102011
2010comer
20111976
20111977
20111978
20111979
20111980
20111981
20111982
20111983
20111984
20111985
20111986
20111987
20111988
20111989
20111990
20111991
20111992
20111993
20111994
20111995
20111996
20112011
20112012
20121204
20121207
20121975
20121976
20121977
20121978
20121979
20121980
20121981
20121982
20121983
20121984
20121985
20121986
20121987
20121988
20121989
20121990
20121991
20121992
20121993
20121994
20121995
20121996
20122012
2012comeer
20132013
20142014
20152015
20202020
2020202020
20212021
20252025
20302030
20304050
20462046
21002100
21011974
21011977
21011978
21011979
21011980
21011981
21011982
21011983
21011984
21011985
21011986
21011987
21011988
21011989
21011990
21011991
21011992
21011993
21011994
21011995
21011996
21011997
21012101
21021978
21021979
21021980
21021981
21021982
21021983
21021984
21021985
21021986
21021987
21021988
21021989
21021990
21021991
21021992
21021993
21021994
21021995
21021996
21031977
21031978
21031979
21031980
21031981
21031982
21031983
21031984
21031985
21031986
21031987
21031988
21031989
21031990
21031991
21031992
21031993
21031994
21031995
21031996
21031997
21032103
21041977
21041978
21041979
21041980
21041981
21041982
21041983
21041984
21041985
21041986
21041987
21041988
21041989
21041990
21041991
21041992
21041993
21041994
21041995
21041996
21042104
21051976
21051977
21051978
21051979
21051980
21051981
21051982
21051983
21051984
21051985
21051986
21051987
21051988
21051989
21051990
21051991
21051992
21051993
21051994
21051995
21051996
21051997
21052003
21052105
21061978
21061979
21061980
21061981
21061982
21061983
21061984
21061985
21061986
21061987
21061988
21061989
21061990
21061991
21061992
21061993
21061994
21061995
21061996
21062106
21071977
21071978
21071979
21071980
21071981
21071982
21071983
21071984
21071985
21071986
21071987
21071988
21071989
21071990
21071991
21071992
21071993
21071994
21071995
21072107
21081978
21081979
21081980
21081981
21081982
21081983
21081984
21081985
21081986
21081987
21081988
21081989
21081990
21081991
21081992
21081993
21081994
21081995
21081996
21082108
21091977
21091979
21091980
21091981
21091982
21091983
21091984
21091985
21091986
21091987
21091988
21091989
21091990
21091991
21091992
21091993
21091994
21091995
21092109
21101976
21101977
21101978
21101979
21101980
21101981
21101982
21101983
21101984
21101985
21101986
21101987
21101988
21101989
21101990
21101991
21101992
21101993
21101994
21101995
21102110
21111977
21111978
21111979
21111980
21111981
21111982
21111983
21111984
21111985
21111986
21111987
21111988
21111989
21111990
21111991
21111992
21111993
21111994
21111995
21121976
21121977
21121978
21121979
21121980
21121981
21121982
21121983
21121984
21121985
21121986
21121987
21121988
21121989
21121990
21121991
21121992
21121993
21121994
21121995
21121996
21122012
21122112
2112rush
21152117
21212121
2121212121
2121321e
2121321q
21222122
21222324
212224236
21232123
21252125
21312131
21314151
21342134
213546879
21436587
2143658709
214dallas
21864812
2199127551
21ainiyan
22002200
22011979
22011980
22011981
22011982
22011983
22011984
22011985
22011986
22011987
22011988
22011989
22011990
22011991
22011992
22011993
22011994
22011995
22011996
22011997
22012201
22021977
22021978
22021979
22021980
22021981
22021982
22021983
22021984
22021985
22021986
22021987
22021988
22021989
22021990
22021991
22021992
22021993
22021994
22021995
22021996
22021997
22022002
22022202
22031975
22031976
22031977
22031978
22031979
22031980
22031981
22031982
22031983
22031984
22031985
22031986
22031987
22031988
22031989
22031990
22031991
22031992
22031993
22031994
22031995
22031996
22032203
22041976
22041977
22041978
22041979
22041980
22041981
22041982
22041983
22041984
22041985
22041986
22041987
22041988
22041989
22041990
22041991
22041992
22041993
22041994
22041995
22041996
22041997
22051977
22051978
22051979
22051980
22051981
22051982
22051983
22051984
22051985
22051986
22051987
22051988
22051989
22051990
22051991
22051992
22051993
22051994
22051995
22051996
22051997
22052205
22061941
22061976
22061977
22061978
22061979
22061980
22061981
22061982
22061983
22061984
22061985
22061986
22061987
22061988
22061989
22061990
22061991
22061992
22061993
22061994
22061995
22061996
22071972
22071977
22071979
22071980
22071981
22071982
22071983
22071984
22071985
22071986
22071987
22071988
22071989
22071990
22071991
22071992
22071993
22071994
22071995
22081977
22081978
22081979
22081980
22081981
22081982
22081983
22081984
22081985
22081986
22081987
22081988
22081989
22081990
22081991
22081992
22081993
22081994
22081995
22081996
22091978
22091979
22091980
22091981
22091982
22091983
22091984
22091985
22091986
22091987
22091988
22091989
22091990
22091991
22091992
22091993
22091994
22091995
22091996
220a220a
22101976
22101977
22101978
22101979
22101980
22101981
22101982
22101983
22101984
22101985
22101986
22101987
22101988
22101989
22101990
22101991
22101992
22101993
22101994
22101995
22101996
22101997
22102210
22111976
22111978
22111979
22111980
22111981
22111982
22111983
22111984
22111985
22111986
22111987
22111988
22111989
22111990
22111991
22111992
22111993
22111994
22111995
22112211
22121977
22121978
22121979
22121980
22121981
22121982
22121983
22121984
22121985
22121986
22121987
22121988
22121989
22121990
22121991
22121992
22121993
22121994
22121995
22121996
22122212
22132213
22152182
22221111
22222222
222222222
2222222222
222222222222
22223333
22224444
222333444
22312231
22332233
22334455
2233445566
223456789
22362236
2238qwer
22442244
22446688
2244668800
22552255
22558800
22772277
228228228
22882288
22janv67
23011978
23011980
23011981
23011982
23011983
23011984
23011985
23011986
23011987
23011988
23011989
23011990
23011991
23011992
23011993
23011994
23011995
23011996
23011997
23012301
23021977
23021978
23021979
23021980
23021981
23021982
23021983
23021984
23021985
23021986
23021987
23021988
23021989
23021990
23021991
23021992
23021993
23021994
23021995
23021996
23022302
23031977
23031978
23031979
23031980
23031981
23031982
23031983
23031984
23031985
23031986
23031987
23031988
23031989
23031990
23031991
23031992
23031993
23031994
23031995
23031996
23032303
23041977
23041978
23041979
23041980
23041981
23041982
23041983
23041984
23041985
23041986
23041987
23041988
23041989
23041990
23041991
23041992
23041993
23041994
23041995
23041996
23041997
23042304
23051978
23051979
23051980
23051981
23051982
23051983
23051984
23051985
23051986
23051987
23051988
23051989
23051990
23051991
23051992
23051993
23051994
23051995
23051996
23051997
23052305
23061976
23061978
23061979
23061980
23061981
23061982
23061983
23061984
23061985
23061986
23061987
23061988
23061989
23061990
23061991
23061992
23061993
23061994
23061995
23061996
23071977
23071978
23071979
23071980
23071981
23071982
23071983
23071984
23071985
23071986
23071987
23071988
23071989
23071990
23071991
23071992
23071993
23071994
23071995
23071996
23081977
23081978
23081979
23081980
23081981
23081982
23081983
23081984
23081985
23081986
23081987
23081988
23081989
23081990
23081991
23081992
23081993
23081994
23081995
23081996
23082308
23091977
23091978
23091979
23091980
23091981
23091982
23091983
23091984
23091985
23091986
23091987
23091988
23091989
23091990
23091991
23091992
23091993
23091994
23091995
23101977
23101978
23101979
23101980
23101981
23101982
23101983
23101984
23101985
23101986
23101987
23101988
23101989
23101990
23101991
23101992
23101993
23101994
23101995
23101996
23102310
23111977
23111978
23111979
23111980
23111981
23111982
23111983
23111984
23111985
23111986
23111987
23111988
23111989
23111990
23111991
23111992
23111993
23111994
23111995
23112311
23121977
23121978
23121979
23121980
23121981
23121982
23121983
23121984
23121985
23121986
23121987
23121988
23121989
23121990
23121991
23121992
23121993
23121994
23121995
23121996
23121997
23122312
23132313
23142314
23212321
23232323
2323232323
23242324
23242526
23252325
23262326
23322332
234234234
23452345
23456789
234567890
2345678z
23562356
23628221
23692369
23isback
23jordan
23skidoo
23wesdxc
24011980
24011981
24011982
24011983
24011984
24011985
24011986
24011987
24011988
24011989
24011990
24011991
24011992
24011993
24011994
24011995
24011996
24021976
24021978
24021980
24021981
24021982
24021983
24021984
24021985
24021986
24021987
24021988
24021989
24021990
24021991
24021992
24021993
24021994
24021995
24021996
24031977
24031979
24031980
24031981
24031982
24031983
24031984
24031985
24031986
24031987
24031988
24031989
24031990
24031991
24031992
24031993
24031994
24031995
24041978
24041979
24041980
24041981
24041982
24041983
24041984
24041985
24041986
24041987
24041988
24041989
24041990
24041991
24041992
24041993
24041994
24041995
24041996
24051978
24051980
24051981
24051982
24051983
24051984
24051985
24051986
24051987
24051988
24051989
24051990
24051991
24051992
24051993
24051994
24051995
24051996
24061978
24061979
24061980
24061981
24061982
24061983
24061984
24061985
24061986
24061987
24061988
24061989
24061990
24061991
24061992
24061993
24061994
24061995
24071980
24071981
24071982
24071983
24071984
24071985
24071986
24071987
24071988
24071989
24071990
24071991
24071992
24071993
24071994
24071995
24081977
24081978
24081979
24081980
24081981
24081982
24081983
24081984
24081985
24081986
24081987
24081988
24081989
24081990
24081991
24081992
24081993
24081994
24081995
24081996
24091979
24091980
24091981
24091982
24091983
24091984
24091985
24091986
24091987
24091988
24091989
24091990
24091991
24091992
24091993
24091994
24101977
24101978
24101979
24101980
24101981
24101982
24101983
24101984
24101985
24101986
24101987
24101988
24101989
24101990
24101991
24101992
24101993
24101994
24101995
24101996
24102410
24111978
24111979
24111980
24111981
24111982
24111983
24111984
24111985
24111986
24111987
24111988
24111989
24111990
24111991
24111992
24111993
24111994
24111995
24112411
24121976
24121977
24121978
24121979
24121980
24121981
24121982
24121983
24121984
24121985
24121986
24121987
24121988
24121989
24121990
24121991
24121992
24121993
24121994
24121995
24121996
24122412
2416101113
24242424
24252425
24262426
24422442
2468013579
24681012
2468101214
24681357
246813579
24682468
24688642
24692469
24862486
24gordon
25002500
25011978
25011979
25011980
25011981
25011982
25011983
25011984
25011985
25011986
25011987
25011988
25011989
25011990
25011991
25011992
25011993
25011994
25011995
25011996
25012501
25021977
25021978
25021979
25021980
25021981
25021982
25021983
25021984
25021985
25021986
25021987
25021988
25021989
25021990
25021991
25021992
25021993
25021994
25021995
25031978
25031980
25031981
25031982
25031983
25031984
25031985
25031986
25031987
25031988
25031989
25031990
25031991
25031992
25031993
25031994
25031995
25031996
25032503
25041977
25041978
25041979
25041980
25041981
25041982
25041983
25041984
25041985
25041986
25041987
25041988
25041989
25041990
25041991
25041992
25041993
25041994
25041995
25041996
25041997
25051975
25051976
25051977
25051978
25051979
25051980
25051981
25051982
25051983
25051984
25051985
25051986
25051987
25051988
25051989
25051990
25051991
25051992
25051993
25051994
25051995
25051996
25052005
25052505
25061977
25061978
25061979
25061980
25061981
25061982
25061983
25061984
25061985
25061986
25061987
25061988
25061989
25061990
25061991
25061992
25061993
25061994
25061996
25071977
25071978
25071979
25071980
25071981
25071982
25071983
25071984
25071985
25071986
25071987
25071988
25071989
25071990
25071991
25071992
25071993
25071994
25071995
25081978
25081979
25081980
25081981
25081982
25081983
25081984
25081985
25081986
25081987
25081988
25081989
25081990
25081991
25081992
25081993
25081994
25081995
25082508
25091978
25091979
25091980
25091981
25091982
25091983
25091984
25091985
25091986
25091987
25091988
25091989
25091990
25091991
25091992
25091993
25091994
25091995
25091996
25101977
25101978
25101979
25101980
25101981
25101982
25101983
25101984
25101985
25101986
25101987
25101988
25101989
25101990
25101991
25101992
25101993
25101994
25101995
25102510
25111978
25111979
25111980
25111981
25111982
25111983
25111984
25111985
25111986
25111987
25111988
25111989
25111990
25111991
25111992
25111993
25111994
25111995
25112511
25121975
25121976
25121977
25121978
25121979
25121980
25121981
25121982
25121983
25121984
25121985
25121986
25121987
25121988
25121989
25121990
25121991
25121992
25121993
25121994
25121995
25121996
25122512
25132513
25142514
25172517
25202520
25212521
25222522
25232523
25242524
25251325
25252525
2525252525
25257758
25262526
25272527
25282528
25292529
25302530
25312531
25352535
25362536
25393275
25412541
25452545
25522552
25632563
256buowriz
25800852
25802580
258147369
258258258
258369147
25892589
258963147
25962596
25nuvaha
25tolife
26.09.67
26011979
26011980
26011981
26011982
26011983
26011984
26011985
26011986
26011987
26011988
26011989
26011990
26011991
26011992
26011993
26011994
26011995
26011996
26021979
26021980
26021981
26021982
26021983
26021984
26021985
26021986
26021987
26021988
26021989
26021990
26021991
26021992
26021993
26021994
26021995
26021996
26031979
26031980
26031981
26031982
26031983
26031984
26031985
26031986
26031987
26031988
26031989
26031990
26031991
26031992
26031993
26031994
26031995
26031996
26031998m
26041978
26041979
26041980
26041981
26041982
26041983
26041984
26041985
26041986
26041987
26041988
26041989
26041990
26041991
26041992
26041993
26041994
26041995
26051980
26051981
26051982
26051983
26051984
26051985
26051986
26051987
26051988
26051989
26051990
26051991
26051992
26051993
26051994
26051995
26061977
26061978
26061979
26061980
26061981
26061982
26061983
26061984
26061985
26061986
26061987
26061988
26061989
26061990
26061991
26061992
26061993
26061994
26061995
26061996
26061997
26071979
26071980
26071981
26071982
26071983
26071984
26071985
26071986
26071987
26071988
26071989
26071990
26071991
26071992
26071993
26071994
26071995
26081980
26081981
26081982
26081983
26081984
26081985
26081986
26081987
26081988
26081989
26081990
26081991
26081992
26081993
26081994
26081995
26091979
26091980
26091981
26091982
26091983
26091984
26091985
26091986
26091987
26091988
26091989
26091990
26091991
26091992
26091993
26091994
26091995
26101978
26101979
26101980
26101981
26101982
26101983
26101984
26101985
26101986
26101987
26101988
26101989
26101990
26101991
26101992
26101993
26101994
26101995
26101996
26102610
26111978
26111979
26111980
26111981
26111982
26111983
26111984
26111985
26111986
26111987
26111988
26111989
26111990
26111991
26111992
26111993
26111994
26121977
26121978
26121979
26121980
26121981
26121982
26121983
26121984
26121985
26121986
26121987
26121988
26121989
26121990
26121991
26121992
26121993
26121994
26121995
26121996
26262626
26665806
26842684
27011978
27011979
27011980
27011981
27011982
27011983
27011984
27011985
27011986
27011987
27011988
27011989
27011990
27011991
27011992
27011993
27011994
27011995
27021978
27021979
27021980
27021981
27021982
27021983
27021984
27021985
27021986
27021987
27021988
27021989
27021990
27021991
27021992
27021993
27021994
27021995
27021996
27031978
27031980
27031981
27031982
27031983
27031984
27031985
27031986
27031987
27031988
27031989
27031990
27031991
27031992
27031993
27031994
27031995
27041977
27041978
27041979
27041980
27041981
27041982
27041983
27041984
27041985
27041986
27041987
27041988
27041989
27041990
27041991
27041992
27041993
27041994
27041995
27051977
27051978
27051980
27051981
27051982
27051983
27051984
27051985
27051986
27051987
27051988
27051989
27051990
27051991
27051992
27051993
27051994
27051995
27061979
27061980
27061981
27061982
27061983
27061984
27061985
27061986
27061987
27061988
27061989
27061990
27061991
27061992
27061993
27061994
27061995
27071977
27071978
27071980
27071981
27071982
27071983
27071984
27071985
27071986
27071987
27071988
27071989
27071990
27071991
27071992
27071993
27071994
27071995
27072007
27081980
27081981
27081982
27081983
27081984
27081985
27081986
27081987
27081988
27081989
27081990
27081991
27081992
27081993
27081994
27091979
27091980
27091981
27091982
27091983
27091984
27091985
27091986
27091987
27091988
27091989
27091990
27091991
27091992
27091993
27091994
27091995
27101977
27101979
27101980
27101981
27101982
27101983
27101984
27101985
27101986
27101987
27101988
27101989
27101990
27101991
27101992
27101993
27101994
27101995
27111978
27111979
27111980
27111981
27111982
27111983
27111984
27111985
27111986
27111987
27111988
27111989
27111990
27111991
27111992
27111993
27111994
27121977
27121978
27121979
27121980
27121981
27121982
27121983
27121984
27121985
27121986
27121987
27121988
27121989
27121990
27121991
27121992
27121993
27121994
27121995
27140621
27254931
27272727
27352735
27412678
275-22-74
28011980
28011981
28011982
28011983
28011984
28011985
28011986
28011987
28011988
28011989
28011990
28011991
28011992
28011993
28011994
28021978
28021980
28021981
28021982
28021983
28021984
28021985
28021986
28021987
28021988
28021989
28021990
28021991
28021992
28021993
28021994
28021995
28021996
28031979
28031980
28031981
28031982
28031983
28031984
28031985
28031986
28031987
28031988
28031989
28031990
28031991
28031992
28031993
28031994
28031995
28031996
28041977
28041979
28041980
28041981
28041982
28041983
28041984
28041985
28041986
28041987
28041988
28041989
28041990
28041991
28041992
28041993
28041994
28041995
28051978
28051979
28051980
28051981
28051982
28051983
28051984
28051985
28051986
28051987
28051988
28051989
28051990
28051991
28051992
28051993
28051994
28051995
28051996
28061977
28061979
28061980
28061981
28061982
28061983
28061984
28061985
28061986
28061987
28061988
28061989
28061990
28061991
28061992
28061993
28061994
28071976
28071977
28071979
28071980
28071981
28071982
28071983
28071984
28071985
28071986
28071987
28071988
28071989
28071990
28071991
28071992
28071993
28071994
28071995
28081976
28081978
28081980
28081981
28081982
28081983
28081984
28081985
28081986
28081987
28081988
28081989
28081990
28081991
28081992
28081993
28081994
28081995
28081996
28082008
28091979
28091980
28091981
28091982
28091983
28091984
28091985
28091986
28091987
28091988
28091989
28091990
28091991
28091992
28091993
28091994
28091995
28101977
28101978
28101979
28101980
28101981
28101982
28101983
28101984
28101985
28101986
28101987
28101988
28101989
28101990
28101991
28101992
28101993
28101994
28101995
28111980
28111981
28111982
28111983
28111984
28111985
28111986
28111987
28111988
28111989
28111990
28111991
28111992
28111993
28111994
28121976
28121977
28121978
28121979
28121980
28121981
28121982
28121983
28121984
28121985
28121986
28121987
28121988
28121989
28121990
28121991
28121992
28121993
28121994
28121995
2813308004
28282828
28462846
28972323
28zxrpunfa
28zxrpvnfa
29011980
29011981
29011982
29011983
29011984
29011985
29011986
29011987
29011988
29011989
29011990
29011991
29011992
29011993
29011994
29011996
29021980
29021984
29021988
29021992
29031979
29031980
29031981
29031982
29031983
29031984
29031985
29031986
29031987
29031988
29031989
29031990
29031991
29031992
29031993
29031994
29031995
29041979
29041980
29041981
29041982
29041983
29041984
29041985
29041986
29041987
29041988
29041989
29041990
29041991
29041992
29041993
29041994
29041995
29041996
29051978
29051979
29051980
29051981
29051982
29051983
29051984
29051985
29051986
29051987
29051988
29051989
29051990
29051991
29051992
29051993
29051994
29051995
29061979
29061980
29061981
29061982
29061983
29061984
29061985
29061986
29061987
29061988
29061989
29061990
29061991
29061992
29061993
29061994
29061995
29061996
29071980
29071981
29071982
29071983
29071984
29071985
29071986
29071987
29071988
29071989
29071990
29071991
29071992
29071993
29071994
29071995
29081979
29081980
29081981
29081982
29081983
29081984
29081985
29081986
29081987
29081988
29081989
29081990
29081991
29081992
29081993
29081994
29081995
29091976
29091977
29091978
29091979
29091980
29091981
29091982
29091983
29091984
29091985
29091986
29091987
29091988
29091989
29091990
29091991
29091992
29091993
29091994
29091995
29101978
29101979
29101980
29101981
29101982
29101983
29101984
29101985
29101986
29101987
29101988
29101989
29101990
29101991
29101992
29101993
29101994
29101995
29101996
29111978
29111979
29111980
29111981
29111982
29111983
29111984
29111985
29111986
29111987
29111988
29111989
29111990
29111991
29111992
29111993
29111994
29121978
29121979
29121980
29121981
29121982
29121983
29121984
29121985
29121986
29121987
29121988
29121989
29121990
29121991
29121992
29121993
29121994
29121995
29271188
292814lolo
29292929
29422277
29662012
29694419
29710455d
299792458
299kgj8hgf
29rsavoy
2babyboys
2babygirls
2bananas
2beautiful
2bfiy28byl
2bigballs
2bigtits
2bitches
2blessed
2blueeyes
2boobies
2bornot2b
2boys1girl
2brothers
2children
2cookies
2cool4you
2cute4you
2cxdn8s271
2daughters
2doggies
2dollars
2dragons
2dumb2live
2ealtd3y4y
2fast4you
2flowers
2friends
2fuckyou
2gangsta
2gelaf3h4a
2gether4ev
2gether4ever
2good4you
2grandkids
2h7vkzo266
2hdq6c9azv
2hot2handl
2hot4you
2jab4x2c
2kids4me
2kittens
2kitties
2kroliczek
2letmein
2loveyou
2m66xf2ajt
2manykids
2million
2mndonaaa
2monkeys
2muchfun
2muchlove
2muchmoney
2myspace
2n66xg2ziu
2n6ezl7xhp
2n76xg2yiu
2ndchance
2nipples
2nqw7a1517
2ofakind
2p76xg2yhv
2p76xh2xhv
2pac2pac
2pac4ever
2pac4life
2pacshakur
2password
2princess
2ps5wlc4xq
2psxvvd7
2puppies
2q2w3e8r5t
2q3w4e5r
2q87xi3vfx
2q87xi3wgw
2qaz2wsx
2qefx7t3sy
2r97xj3xex
2r97xj3xey
2roh8tl433
2sexy4you
2sisters
2smart4u
2sweet4u
2titties
2turtles
2w3e4r5t
2wsx1qaz
2wsx2wsx
2wsx3edc
2wsxcde3
2wsxzaq1
2wwerty1
3.1415926
3.141592654
30003000
30011978
30011979
30011980
30011981
30011982
30011983
30011984
30011985
30011986
30011987
30011988
30011989
30011990
30011991
30011992
30011993
30011994
30011995
30031977
30031978
30031979
30031980
30031981
30031982
30031983
30031984
30031985
30031986
30031987
30031988
30031989
30031990
30031991
30031992
30031993
30031994
30031995
30033003
30041978
30041979
30041980
30041981
30041982
30041983
30041984
30041985
30041986
30041987
30041988
30041989
30041990
30041991
30041992
30041993
30041994
30041996
30041997
30051978
30051979
30051980
30051981
30051982
30051983
30051984
30051985
30051986
30051987
30051988
30051989
30051990
30051991
30051992
30051993
30051994
30051995
30051996
30061978
30061979
30061980
30061981
30061982
30061983
30061984
30061985
30061986
30061987
30061988
30061989
30061990
30061991
30061992
30061993
30061994
30061995
30063006
30071979
30071980
30071981
30071982
30071983
30071984
30071985
30071986
30071987
30071988
30071989
30071990
30071991
30071992
30071993
30071994
30081980
30081981
30081982
30081983
30081984
30081985
30081986
30081987
30081988
30081989
30081990
30081991
30081992
30081993
30081994
30081995
30091978
30091980
30091981
30091982
30091983
30091984
30091985
30091986
30091987
30091988
30091989
30091990
30091991
30091992
30091993
30091994
30091995
30101978
30101979
30101980
30101981
30101982
30101983
30101984
30101985
30101986
30101987
30101988
30101989
30101990
30101991
30101992
30101993
30101994
30101995
30101996
30103010
30111978
30111979
30111980
30111981
30111982
30111983
30111984
30111985
30111986
30111987
30111988
30111989
30111990
30111991
30111992
30111993
30111994
30111995
30121978
30121979
30121980
30121981
30121982
30121983
30121984
30121985
30121986
30121987
30121988
30121989
30121990
30121991
30121992
30121993
30121994
30121996
30123012
301285mn
30303030
305miami
30624700
30seconds
30secondstomars
31011979
31011980
31011981
31011982
31011983
31011984
31011985
31011986
31011987
31011988
31011989
31011990
31011991
31011992
31011993
31011994
31011995
31011996
31011997
31031977
31031978
31031979
31031980
31031981
31031982
31031983
31031984
31031985
31031986
31031987
31031988
31031989
31031990
31031991
31031992
31031993
31031994
31031995
31051977
31051979
31051980
31051981
31051982
31051983
31051984
31051985
31051986
31051987
31051988
31051989
31051990
31051991
31051992
31051993
31051994
31051995
31051996
3106934abc
31071979
31071980
31071981
31071982
31071983
31071984
31071985
31071986
31071987
31071988
31071989
31071990
31071991
31071992
31071993
31071994
31071995
31081977
31081978
31081979
31081980
31081981
31081981rs
31081982
31081983
31081984
31081985
31081986
31081987
31081988
31081989
31081990
31081991
31081992
31081993
31081994
31081995
31101977
31101978
31101979
31101980
31101981
31101982
31101983
31101984
31101985
31101986
31101987
31101988
31101989
31101990
31101991
31101992
31101993
31101994
31101995
31101996
31103110
31121977
31121978
31121979
31121980
31121981
31121982
31121983
31121984
31121985
31121986
31121987
31121988
31121989
31121990
31121991
31121992
31121993
31121994
31121995
31122008
31122009
31123112
31133113
312881040
31313131
31415926
314159265
3141592653
31415926535
3141592654
31415927
31p5wtdyg
31p5wtdyg/wgq
31x7t5xbke
32103210
32113211
32123212
321321321
32143214
321456987
321478965
321654987
321654987a
3216732167
3219993xx
321meins
32323232
32342711
32503250
326159487
32615948worms
33103310
33221100
33223322
333222111
33333333
333333333
3333333333
33334444
333444555
333555777
333666999
333777333
33443344
33445566
3353212li
33663366
33rjhjds
34343434
34416912
34523452
34563456
34567890
34erdfcv
3500sucks
350chevy
3526535265
35353535
35365123
35793579
357magnum
360modena
36363636
3651118xun
36903690
369258147
369369369
369852147
36987412
369874125
36chambers
37213721
37217086
37373737
37gudoplfs45
38253825
38383838
38gjgeuftd
38special
39073588
393041123
39393939
3ans97t397
3bitches
3blindmice
3boys1girl
3brothers
3children
3d8cubaj2e
3daughters
3daysgrace
3dognight
3doorsdown
3e4r5t6y
3edc4rfv
3edcvfr4
3ehd1ixi1y
3fozaqb33q
3friends
3grandkids
3iverson
3kids4me
3kitties
3l3phant
3monkeys
3odi14ngxb
3odi15ngxb
3odi55ngxb
3password
3pointer
3puppies
3q2w3e4r3t
3qdlqb49js
3qvn5k4qgv
3rjs1la2qe
3rjs1la7qe
3rjs5la8qe
3s43pth5aea
3sa8xk4xdz
3sisters
3stooges
3syqo15hil
3tb8xl42bj
3tb9xm42xi
3tktkthth
3tutso24qf
3u7wrkaa8j
3ub9xm53xi
3uc9xn53xh
3yixda15hr
3zibuvmrx6
40028922
40404040
4040782as
4077mash
41034103
41234123
41414141
41563445
420420420
4204life
420allday
420bitch
420blaze
420smoke
420stoner
421uiopy258
42424242
42684268
427cobra
4294967296
43046721
43211234
43214321
4321rewq
43434343
4391634m
43922572
44332211
44442013vkkv
44444444
444444444
4444444444
44445555
44448888
444555666
44554455
44556677
44f16f17f
44magnum
45124512
45214521
45454545
4545454545
45533990
45544554
456123789
456456456
45654565
45674567
45678910
456789123
45683968
45874587
45m2do5bs
46265216
463395727
46464646
46466452
46494649
46709394
47114711
47474747
47593893
476730751
48151623
4815162342
4815162342a
4815162342lost
4815162342q
48484848
48624862
49494949
49ersrule
4beatles
4brothers
4children
4eternity
4everlove
4everluv
4evermine
4evermore
4everurs
4everyoung
4everyours
4f51eijvif
4forever
4freedom
4friends
4g3uvrxn7w
4getmenot
4grandkids
4horsemen
4j9r4rnttp
4linkedin
4me2know
4monkeys
4mutdfgvtp
4myfamily
4mygirls
4myspace
4password
4r3e2w1q
4r5t6y7u
4rfv5tgb
4rfvbgt5
4seasons
4shizzle
4sisters
4success
4sunshine
4thekids
4thofjuly
4vdaxp542g
4vgyvq46aj
4wdaxp642f
4wdaxq642f
4weaxq642e
4wheeler
4xeaxr653e
4xebxr653d
4xxlqu94yo
4yfb2s753c
4yfb2s753d
5.254.105.20:test
5.254.105.20:test1
50505050
50cent123
50cent50
51200000
51286700
51505150
51515151
51525354
5152535455
51535759
51615801
52013140
5201314520
5201314a
520520520
520love101182
52105210
521521521
52253823
52255225
523456789
523698741
52525252
52545658
52hoover
53472235
53535353
54226269
5432112345
5432154321
54545454
54565456
547896321
551976ms
55225522
55255525
5532361cnjqrf
5544332211
555151asd
55554444
55555555
555555555
5555555555
55555555555
555555555555
555555555555555
5555555tl
5555566666
55555lvl
55556666
55558888
555666777
55665566
55667788
5566778899
563214789
5647382910
56565656
567567567
56785678
5678dance
56835683
5683love
569874123
56tyghbn
57575757
579395571
584131420
584131421
5841314520
5841314521
584201314
5845201314
5845211314
58565254
58585858
59230120
594love168
595490067ua1
59595959
59635963
5a8b9c2d
5ahc2v875z
5bhc2v875z
5bt2jtztke
5children
5element
5fingers
5grandkids
5hsu75kpot
5jn16uxpid
5million
5monkeys
5plk4l5uc7
5q2w3e4r5t
5qwerty67890
5starbitch
5starchick
5t4r3e2w1q
5t6y7u8i
5tgb6yhn
5tgbnhy6
5x1cjdsb9p
5xfgs3ii9d
5xq57cgseb
5zgb2t764b
5zgc2t764b
60606060
61616161
619619619
61atnakaeva
622906268
62543234
62626262
63145151
63245009
63256632
634142554
63636363
63impala
64646464
64impala
650829yjm
65432100
654321123456
654321987
654321abc
654654654
654987321
65656565
65impala
65mustang
6610_2006
66613666
66666666
666666666
6666666666
666666666666
6666666666empulgara
66667777
66668888
66669999
666777888
666999666
666beast
666devil
666fafnir
666satan
66778899
66996699
66chevelle
66mustang
673kobby
67529353
67676767
67896789
67camaro
67chevelle
67mustang
67shelby
6817zd57
68582988
68686868
68camaro
68charger
68chevelle
68mustang
69664848
69696969
6969696969
69966996
69camaro
69camero
69charger
69chevelle
69cougar
69mustang
69qd5cgxhu
6acaxa54be
6cctbbk516
6children
6cs2huaulf
6cxd2x986x
6d2-24e5r
6dnwch275049
6exe3za97v
6feetunder
6grandkids
6hbf28w791
6letters
6lfxlo629ui
6shooter
6strings
6thgrade
6v21wbgad
6y4rv0a992
6yhn7ujm
70142021103
70707070
70chevelle
71191926
71310615
713houston
71717171
71chevelle
723723723
72727272
72chevelle
73439984
73501505
73737373
737kkblskv
73jagtk4q
74107410
74108520
741085209630
7410852963
74123698
741236985
741258963
741456963
741741741
74185296
741852963
7418529630
741852963a
741852963q
741852963z
741963852
742617000027
74699723
74747474
748159263
74a82s78
74gangsta
753951456
753951852
753951852456
75757575
759123asd
76543210
7654321a
7654321q
76767676
774517397
7753191a
77585210
776158ab
777555333
777555666
77777771
77777777
777777777
7777777777
777777777777
77777778
7777777a
7777777c
7777777d
7777777j
7777777k
7777777m
7777777n
7777777q
7777777s
7777777v
7777777z
77778888
77779999
777888999
777dashuta157
777jesus
777kroxa
7783757s
77887788
77889900
784512963
784951623
786786786
786allah
78787878
78907890
7890uiop
789123456
78917891
78945612
789456123
7894561230
7894561231
789456123a
789456123b
789456123m
789456123q
789456123z
789456321
789456qwe
78951230
789512357
7895123z
78963214
789632145
789632147
789654123
7896541230
789654321
789789789
789852123
789987789
78kdow9spf
791159392
79137913
794613258
794613852
79621601378.kirill
79641777070
79797979
79camaro
79transam
7children
7cr2gubvmg
7e9lnk3fc01
7e9lnk3fco
7elephants
7f4df451
7fperlangel
7fxf3jaa7u
7fxf3jba8t
7grandkids
7jokx7b9du
7nc4lqw7to
7samurai
7sfqc8zi5d
7so2ekbc6r
7thgrade
7thheaven
7u8i9o0p
7ugd5hip2j
7uqbwx8n4z
7v8bv5teow
8-9899578642
80173rroom5
80808080
808state
80959002443
80fefune
811224bai
814336633
81726354
81818181
82214989
824553435ss
82468246
82597971
827ccb0eea8a706c4c
82828282
82airborne
830928urodziny
83742222
83773049
84131421
84268426
84569280
84728472
84848484
849vak17
85200258
85207410
85208520
85218812
852456852456
852741963
852852852
852963741
85726648
85858585
858877108aop
8602229096klo
86026403
86248624
86402241
8675309a
8675309j
86868686
870621345
87651234
87654321
876543210
87654321a
87654321q
87654321q.
87878787
88002000600
88488848
88552200
88888888
888888881
888888888
8888888888
88888888a
88889999
88998899
88mustang
89058895869cth
89140041205
89173371487v
89216279708a
89217657066
89272585
89631139
89898989
89moocows
89mustang
8ba9klw1ce
8en3dwdxpi
8iiw4ct9rq
8ix6s1fceh
8letters
8phrowz622
8phrowz624
8rlb9l1squ
8seconds
8thgrade
8uxzd1b3bd
8wwh19duyj
8x2h4eddan
8x2h4fccap
8x2h4fddap
8xxg4gcc9q
9-11-1961
90107142a
9021090210
9052950013
9086916264
90909090
9090909090
911911911
911turbo
9121318barssuki
91827364
918273645
91866709
91919191
9198425200
91camaro
91mustang
92246247
92298899
922i4ceebk
922i4ddebm
922i4deebm
922j5cefcj
92631043
9268356683
92702689
9293709b13
92camaro
92dk2cidp
92k2cizcdp
9379992a
9379992q
93mustang
94246843
94327579
94793763
94mustang
9508402243id
95135876
951753123
951753456
951753654
951753852
951753852456
951753aa
951951951
95279527
95368452
95959595
95camaro
95mustang
9602929770
96132925
96321478
963214785
963258741
9632587410
963741852
96385274
963852741
9638527410
963852741a
963963963
96969696
96impala
96mustang
9749676621ok
9797183185
97979797
987321654
98741236
987412365
987456123
987456321
9874563210
987654123
98765432
987654321
9876543210
98765432100
9876543211
987654321123456789
987654321a
987654321b
987654321c
987654321d
987654321g
987654321j
987654321k
987654321l
987654321m
987654321n
987654321p
987654321q
987654321r
987654321s
987654321t
987654321w
987654321z
98766789
98769876
987987987
98989898
98mustang
99009900
99887766
9988776655
99889988
999666333
999888777
99990000
99998888
99999999
999999999
9999999999
999999999999
999999999a
99bottles
99mustang
99problems
99xfxlo19ui
9ac9hb7vvx
9inchnails
9itz78vufw
9uzp9jek3f
9xx7c8gseb
9yqss2h9ub
9yue27ri
<password>
????????
?????????
??????????
???????????
????????????
???????????????
??????@mail.ru
@@@@@@@@@@
@bigmir.net
@elit-centr.com.ua
@gmail.com.mx
@mail.ru
@yahoo.com
a!515253
a0000000
a00000000
a0123456
a1111111
a11111111
a111111111
a11223344
a1169619
a12121212
a123123123
a123123a
a123321a
a12341234
a12344321
a1234567
a12345678
a123456789
a1234567890
a123456789a
a123456a
a123456b
a123456z
a12345a
a12345b
a1234a
a1234b
a123654789
a123a
a123a123
a123b
a123b456
a123sd
a12b13c
a12b13c14
a1314520
a147258369
a1a1a
a1a1a1a
a1a1a1a1
a1a1a1a1a
a1a1a1a1a1
a1a2a
a1a2a3a
a1a2a3a4
a1a2a3a4a
a1a2a3a4a5
a1a2a3a4a5a
a1a2a3a4a5a6
a1b1c
a1b1c1d
a1b1c1d1
a1b2c
a1b2c3d
a1b2c3d4
a1b2c3d4e
a1b2c3d4e5
a1b2c3d4e5f
a1b2c3d4e5f6
a1l2e3x
a1l2e3x4
a1s2d
a1s2d3f
a1s2d3f4
a1s2d3f4g
a1s2d3f4g5
a1s2d3f4g5h
a1s2d3f4g5h6
a1sauce
a1z2e
a1z2e3r
a1z2e3r4
a220a
a22j5bffci
a2345678
a23456789
a2a2a
a2a2a2a
a2a2a2a2
a2a3a
a2a3a4a
a2a3a4a5a
a2a3a4a5a6a
a2b3c
a2b3c4d
a2b3c4d5e
a2b3c4d5e6f
a2s3d
a2s3d4f
a2s3d4f5g
a2s3d4f5g6h
a33k5afgdh
a3eilm2s2y
a42904290
a456b
a4s5d
a4tech
a5201314
a6543210
a741852963
a7654321
a7758521
a7777777
a789456123
a7ckuntldy
a7x4life
a7xa7x
a7xrocks
a838hfid
a8675309
a87654321
a88888888
a8b9c2d
a987654321
a9999999
a999999999
a:sldkfj
aa000000
aa111111
aa112233
aa11aa
aa11bb
aa11bb22
aa123123
aa123321
aa123456
aa1234561
aa1234567
aa12345678
aa123456789
aa224466
aa22bb
aa261599
aa3030316
aa456852
aa5201314
aaa111aaa
aaa123123
aaa12345
aaa123456
aaaa0000
aaaa1111
aaaa1234
aaaaa
aaaaa11111
aaaaaa
aaaaaa11
aaaaaa12
aaaaaa123
aaaaaaa
aaaaaaa1
aaaaaaa7
aaaaaaaa
aaaaaaaa1
aaaaaaaaa
aaaaaaaaa1
aaaaaaaaaa
aaaaaaaaaaa
aaaaaaaaaaaa
aaaaaaaaaaaaaaa
aaaaaaaaaaaaaaaa
aaaabbbb
aaaassss
aaabbb
aaabbbccc
aaaddd
aaasss
aaasssddd
aaazzz
aabb1122
aabbcc
aabbcc123
aabbccdd
aachen
aakash
aaliyah
aaliyah01
aaliyah08
aaliyah1
aaliyah12
aaliyah123
aaliyah2
aaliyah22
aaliyah3
aaliyah4
aaliyah5
aaliyah7
aaprintbb
aardvark
aardvark1
aaron
aaron123
aaron1234
aaron431
aaronc
aarons
aaryan
aassdd
aassddff
aastha
aavlg
aavlg728
aayush
ab#cd
ab123456
ab12345678
ab12cd
ab12cd34
ab34cd
ab7f23rsv
abab1122
ababab
abababab
abacab
abacabb
abacaxi
abacus
abarth
abaybay
abaybay1
abayomi
abbaabba
abbas
abbey
abbey123
abbey2010
abbeyroad
abbie
abbie123
abbigail
abbott
abby1234
abbydog
abbydog1
abbygail
abbygirl
abbygirl1
abc123!@#
abc123123
abc123321
abc12345
abc123456
abc123456!
abc1234567
abc12345678
abc123456789
abc123abc
abc123abc123
abc123def
abc123def456
abc123xyz
abcabc
abcabc123
abcabcabc
abccba
abcd1234
abcd12345
abcd123456
abcd2244
abcd4321
abcd@1234
abcdabcd
abcde
abcde123
abcde1234
abcde12345
abcdef
abcdef12
abcdef123
abcdef1234
abcdef123456
abcdefg
abcdefg!
abcdefg.
abcdefg1
abcdefg12
abcdefg123
abcdefg2
abcdefg3
abcdefg5
abcdefg7
abcdefgh
abcdefgh1
abcdefgh12
abcdefghi
abcdefghi1
abcdefghij
abcdefghijk
abcdefghijkl
abcxyz
abcxyz123
abdallah
abdelkader
abdellah
abdoul
abdoulaye
abdul
abdul123
abdula
abdulaziz
abdulla
abdullah
abdullah1
abdullahi
abegail
abeille
abelardo
abella
abenteuer
abercrombi
abercrombie
aberdeen
aberdeen1
abfkrf
abgos
abgos999
abgrtyu
abhi1234
abhijeet
abhijit
abhilash
abhilasha
abhimanyu
abhinav
abhishek
abidemi
abidjan
abigael
abigail
abigail01
abigail1
abigail11
abigail12
abigail123
abigail2
abigail3
abigail4
abigail5
abigail7
ability
abimbola
abiodun
abiodun1
abiola
abkbgg
abkbvjy
ablegod
abnormal
abogado
abosede
abpbrf
abracadabr
abracadabra
abraham
abraham1
abrakadabra
abramov
abramova
abraxas
abrejkina
abricot
abrikos
abril
absinthe
absolut
absolut1
absolute
absolute1
abstract
abstract1
abubakar
abucanda
abudfv
abudhabi
abuela
abuelita
abuelo
abulafia
abundance
abundance1
abuse_123456_abuse
ac123456
ac3sg
ac3sg728
ac9hb7vvx
acacia
academia
academic
academy
academy1
acapulco
acapulco1
acaxa54be
accent
accenture
accept
access
access01
access12
access123
accident
accord
account
account1
account123
account2
accountant
accounting
accounts
acdc1234
acdcacdc
acdcrocks
acdcrocks1
ace12345
ace154ever
aceace
aceeva.irina
aceman
acer1234
aceracer
aceraspire
aceshigh
acevedo
achiever
achille
achilles
achilles1
achraf
achtung
acidburn
acinom
acissej
acm1pt
acmilan
acmilan1
acmilan1899
acosta
acoustic
acoustic1
acquario
acqwah
acrobat
actarus
acting
action
action123
actionman
activa
activate
active
actlg
actlg728
actor
actress
actress1
actros
acuario
acuario1
acura
aczx7812
ad123456
ad1das
adaada
adaaja
adadad
adadadad
adadeh
adaeze
adagio
adalberto
adam1234
adam12345
adam2326
adamadam
adamant
adamek
adamko
adams
adams33486
adamson
adana
adarsh
addict
addicted
addicted1
addiction
addidas
addie
addison
addison1
addison2
addl0223
address
address1
adeade
adebayo
adebayo1
adebayor
adebisi
adebola
adebowale
adedayo
adedeji
adedoyin
adegoke
adejimi
adejimi1
adekunle
adekunle1
adela
adelaida
adelaide
adelaide1
adelante
adele
adeleke
adelia
adelina
adelina1
adeline
adeline1
adelka
adelle
ademola
adenike
adeniran
adeniyi
adeola
adeoye
aderonke
adeshina
adesola
adetunji
adewale
adewale1
adewunmi
adeyemi
adeyinka
adgjm
adgjmp
adgjmpt
adgjmptw
adgjmptw0
adgjmptw1
adidas
adidas01
adidas10
adidas11
adidas12
adidas123
adidas13
adidas14
adidas21
adidas22
adidas23
adidas69
adidas777
adidas88
adidass
adinda
adios
adithya
aditya
aditya123
adivina
admin
admin1213
admin123
admin1234
admin12345
admin123456
admin2010
admin321a
admin@123
adminadmin
administra
administrator
admins
admiral
admiral1
adnan
adnan123
adolf
adolfhitler
adolfo
adonai
adonis
adoption
adorable
adorable1
adrenalin
adrenalina
adrenaline
adrian
adrian01
adrian05
adrian06
adrian07
adrian08
adrian09
adrian10
adrian11
adrian12
adrian123
adrian1234
adrian13
adrian14
adrian15
adrian16
adrian17
adrian18
adrian21
adrian22
adrian23
adrian24
adrian28
adriana
adriana1
adriana12
adriana123
adriana13
adriana2
adriane
adrianita
adrianna
adrianna1
adrianne
adriano
adriano1
adriano10
adriel
adrien
adrienne
adrienne1
advance
advance1
advanced
advanced1
advantage
advent
adventure
adventure1
advertising
advocate
advokat
aeiou
aeiou123
aeiou12345
aeiouy
aekara
aekara21
aelita
aenima
aerdna
aerial
aerobics
aeroplane
aeropostal
aerosmith
aerosmith1
aerospace
aeynbr
aezakmi
aezakmi1
aezakmi123
af123456
afbic
afdjhbn
affection
affinity
afganistan
afghan
afghan123
afghanistan
afireinside
afolabi
afonso
afreen
africa
africa12
africa123
african
african1
afridi
afrika
afrique
afrodita
afrodite
afroman
afroman1
afshan
afterlife
aftermath
aftermath1
agadir
again
agamemnon
agape
agapito
agarwal
agassi
agata
agatha
agathe
agatka
agbdlcid
agency
agenda
agent
agent007
agente
agente007
aggarwal
aggie
aggies
aggies12
aggro
aggroberlin
agnes
agnese
agness
agnieszka
agnieszka1
agostina
agostino
agosto
agrawal
agriculture
aguacate
aguila
aguilar
aguilar1
aguilas
aguilas1
aguilas10
aguilera
aguirre
agung
agusia
agustin
agustin1
agustina
agustus
agyeman
ahahah
ahbird
ahbird1984
ahc2v875z
ahfywbz
ahjkjdf
ahmad
ahmad123
ahmed
ahmed123
ahmed12345
ahmed_orudzhov
ahmedabad
ahmedahmed
ahmet
ahmet123
ahojky
ahovbipw
ahovwpib
aiaiai
aicha
aidan
aidan123
aidana
aiden
aiden123
aigerim
aikido
aikman
aikman08
aileen
aiman
aiman123
aimee
aimee123
ainara
ainhoa
aini1314
ainiyan
ainsley
airbag
airborne
airborne1
airborne82
airbus
airbus320
airbus380
airbusa
airbusa380
aircraft
airedale
airforce
airforce1
airforce2
airhead
airhead1
airjordan
airjordan1
airjordan2
airjordan23
airline
airman
airmax
airmax95
airplane
airplane1
airplanes
airport
airport1
airsoft
airsoft1
airtel
airwalk
airwalk1
airwolf
aisha
aisha123
aishah
aishat
aishiteru
aishiteru1
aishwarya
aisling
aissatou
aisyah
aitana
aj123456
ajajaj
ajalaa
ajcuivd
ajcuivd289
ajedrez
ajhneyf
ajibola
ajnjuhfabz
ajtajt
ajtdmw
ajtgjm
ak123456
ak47ak
ak47ak47
akademia
akademiks
akademiks11
akamaru
akanksha
akash
akash123
akasha
akatsuki
akatsuki1
akax89wn
akbar
akeem
akhilesh
akhtar
akindele
akinola
akinom
akinsanmi
akinsola
akinto
akinwale
akinyemi
akira
akira123
akkolesnikov
akmaral
akoako
akoito
akolang
akomismo
akopa
akopa123
akril
akril2442
aksaray
aksaray68
aksenov.dms
akshat
akshay
akshaya
aksrms
aksrms8010
akucantik
akucinta
akucintaka
akucintakamu
akuganteng
akunamatata
akusayangk
akusayangkamu
al123456
al1916w
al3xand3r
alabala
alabama
alabama1
alabama12
alabama123
alabama2
alabama3
alabaster
aladdin
aladdin1
aladin
aladino
alain
alaina
alakazam
alalal
alamakota
alameda
alamierda
alamo
alan1234
alana
alana123
alanalan
alania
alanis
alanna
alannah
alannah1
alanya
alarcon
alaska
alaska11
alaska12
alaska123
alastair
alayna
albacete
albachiara
albania
albania1
albano
albany
albastru
albator
albatros
albatross
albero
albert
albert01
albert11
albert12
albert123
albert13
alberta
alberta1
albertina
alberto
alberto1
alberto10
alberto12
alberto123
alberto13
alberto2
albina
albina-1945
albino
albion
albita
alcala
alcantara
alcapone
alcatel
alcatraz
alcatraz1
alchemist
alchemist1
alchemy
alchemy1
alcohol
alcohol1
alcool
aldana
aldebaran
aldrich
aldrin
aldwin
aleale
alecia
aleena
alegna
alegre
alegria
alegria1
alejandra
alejandra.
alejandra1
alejandra2
alejandra3
alejandra7
alejandra9
alejandro
alejandro.
alejandro0
alejandro1
alejandro123
alejandro2
alejandro3
alejandro5
alejandro7
alejandro8
alejandro9
alejo
aleks
aleks-270379
aleksa
aleksandar
aleksander
aleksandr
aleksandr.ustinov
aleksandr.ustinov.2012
aleksandra
aleksandra1
alekseev
alekseeva
aleksei
aleksej
aleksej.shorin
aleksej.shorin.86
aleksey
aleksik
aleksis
aleksis1611
aleluia
aleluya
aleman
alemanha
alemania
alena
alena123
alena_plotnikova
alena_plotnikova_1995
alenka
alenushka
alesana
alesana1
alesha
alesia
alessa
alessandra
alessandro
alessandro1
alessia
alessia1
alessio
alessio1
alesya
alevtina
alex1234
alex12345
alex123456
alex1972
alex1973
alex1974
alex1975
alex1976
alex1977
alex1978
alex1979
alex1980
alex1981
alex1982
alex1983
alex1984
alex1985
alex1986
alex1987
alex1988
alex1989
alex1990
alex1991
alex1992
alex1993
alex1994
alex1995
alex1996
alex1997
alex1998
alex1999
alex2000
alex2001
alex2002
alex2003
alex2004
alex2005
alex2006
alex2007
alex2008
alex2009
alex2010
alex2011
alex2539
alex4ever
alexa
alexa123
alexalex
alexalex1
alexan
alexande
alexander
alexander!
alexander.
alexander0
alexander1
alexander11
alexander12
alexander123
alexander2
alexander3
alexander4
alexander5
alexander6
alexander7
alexander8
alexander9
alexandr
alexandra
alexandra0
alexandra1
alexandra2
alexandra3
alexandra7
alexandra9
alexandre
alexandre1
alexandrea
alexandria
alexandro
alexandros
alexandru
alexandru1
alexdelpiero
alexdok
alexdok76
alexei
alexey
alexia
alexie
alexis
alexis00
alexis01
alexis02
alexis03
alexis04
alexis05
alexis06
alexis07
alexis08
alexis09
alexis10
alexis11
alexis12
alexis123
alexis1234
alexis13
alexis14
alexis15
alexis16
alexis17
alexis18
alexis20
alexis21
alexis22
alexis23
alexis24
alexis25
alexis96
alexis97
alexis98
alexis99
alexito
alexrv
alexrv_06
alexsander
alexsandr
alexsandra
alexus
alexx
alexxx
alexzander
aleyna
alfaalfa
alfabeta
alfakran
alfalfa
alfaomega
alfaro
alfaromeo
alfaromeo1
alfie
alfie123
alfons
alfonso
alfonso1
alfred
alfred123
alfred19
alfredo
alfredo1
alfredo123
algarve
algebra
algebra1
algebra2
algeria
algerie
algernon
alhambra
alhamdulillah
ali12345
ali123456
aliali
alialiali
alianza
alianza1
alianzalima
alias
alibaba
alibaba1
alibek
alican
alicante
alicat
alice
alice123
aliceadsl
alices
alicia
alicia01
alicia10
alicia11
alicia12
alicia123
alicia13
alicia21
alicia22
alicia23
alicja
alien
alien123
aliens
alienware
aliev
aliev0583
aligator
alihan
alija-gatina
alija-gatina0
alikhan
alina
alina123
alina1995
alina1997
alina1998
alina2010
alinaalina
aline
aline123
alinka
alino4ka
alinochka
alinuta
alinutza
aliona
alireza
alisa
alisa123
alisha
alisha123
alisher
alisia
aliska
alison
alison12
alison123
alissa
alisson
alistair
alitalia
alive
alivia
alivioo
aliya
aliya.mutallapova
aliyah
alize
alizee
alkaline
alkaline3
alkohol
all4god
all4him
all4jesus
all4love
all4me
all4one
all4you
allaboutme
alladin
alladin79
allah
allah123
allah786
allaha
allahabad
allahakbar
allahallah
allahhoo
allahis
allahis1
allahisgreat
allahisone
allahoakbar
allahswt
allahu
allahuakba
allahuakbar
allalone
allalone1
allan
allan123
allana
allblack
allblacks
allblacks1
allday
allegra
allegra1
allegria
allegro
allegro1
alleluia
allen
allen123
alleniverson
allens
alley
alleycat
alleycat1
allezlom
allfor
allgood
allgood1
alliance
alliance1
allie
allie123
alliecat
allied
alligator
alligator1
alligator3
allin
allinone
allison
allison!
allison1
allison11
allison12
allison123
allison13
allison2
allison3
allison4
allison5
allison7
allister
alliswell
alliyah
allme
allmeu
allmeu112
allmine
allmine1
allmine2
allmylife
alloallo
allochka
allrecipes
allright
allsaints
allsop
allstar
allstar1
allstar11
allstar12
allstar123
allstar13
allstar2
allstar23
allstar3
allstar5
allstar7
allstars
allstars1
allstate
allstate1
alltel
allthat
allthebest
alltheway
alltimelow
allure
alluser
allycat
allycat1
allysa
allyson
allyson1
allyssa
allyssa1
almario
almario927
almaty
almaz
almaz_kiramov
almeida
almendra
almera
almeria
almighty
almighty1
almighty5
almira
almita
almond
almost
almudena
aloalo
aloevera
aloha
aloha123
alohamora
alohomora
alondra
alondra1
alone
alone4ever
along
alonso
alonso14
alonzo
alouette
aloysius
alpaca
alpacino
alperen
alpha
alpha123
alpha1906
alphabet
alphabet1
alphabeta
alphaomega
alphonse
alpina
alpine
alquimia
already
already1
alright
alright1
alsace
alskdj
alskdjfhg
alskdjfhg1
alskeo
altagracia
altair
altamira
altavista
altec
alteclansing
alterego
alterego1
alternate
alternativ
alternativa
alternative
althea
altima
altoids
altoids1
alucard
alucard1
alucard666
alukard
aluminum
alumni
alvarado
alvarado1
alvarez
alvarez1
alvarito
alvaro
alvin
alvin123
alvina
always
always12
always123
alwaysandf
alyanna
alycia
alyona
alysha
alysia
alyson
alyssa
alyssa01
alyssa02
alyssa03
alyssa04
alyssa05
alyssa06
alyssa07
alyssa08
alyssa09
alyssa10
alyssa11
alyssa12
alyssa123
alyssa13
alyssa14
alyssa15
alyssa16
alyssa21
alyssa22
alyssa23
alyssa99
alyssia
am123456
amadeo
amadeus
amadeus1
amadeus55
amador
amadou
amalia
amalie
amamam
amanaman
amanda
amanda00
amanda01
amanda02
amanda03
amanda05
amanda06
amanda07
amanda08
amanda09
amanda10
amanda101
amanda11
amanda12
amanda123
amanda1234
amanda13
amanda14
amanda15
amanda16
amanda17
amanda18
amanda19
amanda20
amanda21
amanda22
amanda23
amanda24
amanda25
amanda26
amanda27
amanda33
amanda69
amanda77
amanda86
amanda87
amanda88
amanda89
amanda92
amanda93
amanda95
amanda99
amande
amandeep
amandine
amanecer
amani
amante
amapola
amarachi
amaral
amarelo
amaretto
amari
amarillo
amarillo1
amarnath
amaterasu
amateur
amatory
amauri
amaury
amaya
amazing
amazing!
amazing1
amazing123
amazing2
amazinggrace
amazon
amazonas
amazone
amazonia
amazonka
ambassador
amber
amber101
amber123
amber1234
amberlynn
ambers
ambiente
ambika
ambition
ambition1
ambot
ambre
ambrose
ambrose1
ambrosia
ambrosio
ambulance
ambulance1
amdturion
amdturion64
amedeo
ameena
ameera
amelia
amelia12
amelia123
amelie
amenamen
america
america!
america#1
america.
america01
america07
america08
america09
america1
america10
america100
america11
america12
america123
america13
america14
america15
america16
america17
america18
america2
america21
america22
america23
america3
america4
america5
america6
america7
america8
america9
american
american1
american12
american2
americana
americano
americanpie
americas
americo
amerika
amerika1
amerikanblend
amethyst
amethyst1
ametistfatal
amherst
amicizia
amidala
amidamaru
amiga
amigas
amigo
amigo123
amigos
amilcar
amina
amina123
aminah
aminat
aminata
amine
aminin
aminin94
aminlove
amira
amirah
amiramir
amiret
amiret2015
amirkhan
amirul
amisha
amistad
amistad1
amit1234
amitabh
amitie
amitkumar
amizade
ammaamma
ammaappa
ammananna
ammukutty
ammulu
amnesia
amo-te
amoah
amoah2010
amoeba
amojesus
amonra
amooti
amor1234
amor2009
amoramor
amorcito
amorcito1
amore
amoreco
amoree
amoremio
amoremio1
amoremiotiamo
amores
amoreterno
amoretiamo
amorino
amormio
amormio1
amorosa
amoroso
amorsito
amorypaz
amorzinho
amouna
amour
amour100
amoure
amoureuse
amoureux
amours
amparo
amrita
amritsar
amruta
amrutha
amstel
amsterdam
amsterdam1
amyamy
amylee
amylou
amylynn
an123456
an4oys
an4oys12120
ana12345
ana123456
anaana
anabel
anabela
anabelen
anabella
anabelle
anacarolina
anaclara
anacleto
anaconda
anaconda1
anadolu
anaelle
anagha
anaheim
anaheim1
anaheim714
anahi
anais
anaisabel
anajulia
anakaren
anakin
anakku
anakonda
analaura
analia
analiza
analla
analog
analsex
analsex1
analsex69
analucia
analuisa
analuiza
analyn
anamaria
anamaria1
anamarie
anamika
ananas
anand
anand123
ananda
ananth
ananya
anapaula
anarchia
anarchie
anarchist
anarchy
anarchy1
anarchy666
anarchy99
anarkia
anarquia
anasofia
anastacia
anastacia1
anastas
anastasia
anastasia1
anastasija
anastasija3010
anastasiy
anastasiya
anastasya
anathema
anatol
anatole
anatoli
anatolii
anatoliy
anatomia
anatomy
anatomy1
anchor
anchorage
ancient
ancient1
ancona
ancora
ancuta
andalucia
anderlecht
anders
andersen
anderson
anderson1
anderson12
anderson2
andersson
andg1705
andi121382
andiamo
andiamo1
andika
andohz
andone
andonly
andorra
andover
andr3w
andra
andrada
andrade
andrade1
andras
andre
andre123
andre1986
andre3000
andrea
andrea01
andrea05
andrea06
andrea07
andrea08
andrea09
andrea10
andrea11
andrea12
andrea123
andrea1234
andrea13
andrea14
andrea15
andrea16
andrea17
andrea18
andrea19
andrea20
andrea21
andrea22
andrea23
andrea24
andrea25
andrea69
andrea77
andrea88
andrea89
andrea99
andreas
andreas1
andreas123
andree
andreea
andreea1
andreev
andreeva
andrei
andrei123
andrei_rew
andreia
andreika
andreina
andreita
andrej
andrejka
andres
andres01
andres10
andres12
andres123
andres13
andresito
andressa
andreu
andrew
andrew00
andrew01
andrew02
andrew03
andrew04
andrew05
andrew06
andrew07
andrew08
andrew09
andrew10
andrew101
andrew11
andrew12
andrew123
andrew1234
andrew13
andrew14
andrew15
andrew16
andrew17
andrew18
andrew19
andrew20
andrew21
andrew22
andrew23
andrew24
andrew25
andrew26
andrew27
andrew28
andrew29
andrew33
andrew55
andrew69
andrew77
andrew86
andrew87
andrew88
andrew89
andrew91
andrew92
andrew93
andrew94
andrew95
andrew96
andrew97
andrew98
andrew99
andrews
andrews1
andrey
andrey-1983_08
andrey.shalanov
andrey123
andrey1412ua
andrey1983
andrey1995
andrey1996
andrey1997
andreyka
andreyka.gorshkov
andreyka.gorshkov.98
andreyka.zhilin
andreyka.zhilin.1981
andria
andrian
andriana
andrik
andris
andriy
android
android1
andromeda
andromeda1
andron
andros
andruha
andruhova
andruhova.1982
andrusha
andrusic
andrusic1
andrzej
andrzej1
anduril
andy1234
andy1999
andyandy
andyouone
andypandy
andysixx
andzia
ane4ka
anechka
aneczka
anelka
anemone
aneta
anetka
anetka11
anette
anewlife
anfield
anfield1
anfisa
angarova
angarova81
angcuteko
angedemon
angel
angel001
angel007
angel100
angel101
angel111
angel123
angel1234
angel12345
angel143
angel1985
angel1987
angel1988
angel1989
angel1990
angel1991
angel1992
angel1993
angel1994
angel1995
angel1996
angel1997
angel1998
angel2000
angel2001
angel2003
angel2004
angel2005
angel2006
angel2007
angel2008
angel2009
angel2010
angel2011
angel321
angel333
angel420
angel4ever
angel4life
angel4u
angel555
angel637
angel666
angel675
angel777
angel911
angel999
angela
angela01
angela08
angela10
angela11
angela12
angela123
angela13
angela14
angela15
angela18
angela21
angela22
angela23
angela69
angelangel
angelbaby
angelbaby1
angelbaby2
angelboy
angeldevil
angeldog
angeldust
angele
angeles
angeles1
angeleyes
angeleyes1
angeleyes2
angelface
angelface1
angelfire
angelfire1
angelfish
angelgirl
angelgirl1
angelheart
angeli
angelia
angelic
angelic1
angelica
angelica1
angelica12
angelica13
angelica2
angelidis
angelie
angelika
angelika1
angelina
angelina1
angelina12
angelina2
angelina3
angeline
angeline1
angelino
angelique
angelique1
angelita
angelita1
angelito
angelito1
angelitos
angell
angella
angelle
angellove
angellove1
angelo
angelo01
angelo12
angelo123
angelo4ek
angelochek
angelok
angels
angels01
angels02
angels07
angels10
angels11
angels12
angels123
angels13
angels21
angels22
angels23
angels27
angels69
angels77
angelseye
angelseye22
angelus
angelus1
angelwings
angely
angelyn
angelz
angers
angga
anggandako
anggun
anghel
angie
angie123
angioletto
anglais
angle
angle123
angler
angles
anglia
angola
angpogiko
angry
angrybirds
angus
angus123
angusyoung
angwar
angwar77
anhhung
anhmaiyeuem
anhnhoem
anhthu
anhtuan
anhyeu
anhyeuem
anhyeuem1
anhyeuem123
ania1986
aniani
anibal
anicka
anika
aniket
anilkumar
anillo
anima
animal
animal11
animal12
animal123
animal13
animal69
animale
animales
animals
animals1
animals12
animals123
animals2
animals3
animation
animation1
animator
animax
anime
anime101
anime123
anime4ever
animefreak
animelover
animes
anindita
aninha
aniolek
aniram
anirudh
anisha
anisoara
anissa
anita
anita123
anitas
anitha
aniya
aniyah
anjali
anjana
anjaneya
anjani
anjela
anjelik
anjelika
anjing
anjing123
anjinho
anjink
ankara
ankara06
ankit
ankit123
ankita
ankush
anna.savickaya
anna.savickaya.1986
anna1234
anna12345
anna1982
anna1983
anna1984
anna1985
anna1986
anna1987
anna1988
anna1989
anna1990
anna1991
anna1992
anna1993
anna1994
anna1995
anna1996
anna1997
anna1998
anna1999
anna2000
anna2001
anna2002
anna2003
anna2004
anna2005
anna2006
anna2007
anna2008
anna2009
anna2010
anna2011
anna2976
annaanna
annaba
annaba23
annabel
annabel1
annabell
annabell1
annabella
annabella1
annabelle
annabelle1
annagor
annagor20
annalee
annalena
annalisa
annalise
annaliza
annalyn
annamaria
annamaria1
annamarie
annamarie1
annann
annapurna
annarella
annarita
annarose
annea
anneanne
annecy
anneke
annelies
anneliese
annelise
annemarie
annemarie1
anneso
annette
annette1
annhen
annick
annie
annie123
annieb
anniedog
annies
annika
annina
annisa
annita
anniversary
annmarie
annmarie1
anno1602
annoying
annoying1
annushka
annywka
annywka_86
anointed
anointed1
anonelbe
anonim
anonimo
anonymous
anonymous1
anorexia
another
another1
anoushka
ans97t
ansari
anselmo
anshul
anshuman
answer
antalya
antalya07
antani
antara
antares
antares1
anteater
antelope
anth0ny
anthea
anthem
anthon
anthony
anthony!
anthony.
anthony0
anthony00
anthony01
anthony02
anthony03
anthony04
anthony05
anthony06
anthony07
anthony08
anthony09
anthony1
anthony10
anthony101
anthony11
anthony12
anthony123
anthony13
anthony14
anthony15
anthony16
anthony17
anthony18
anthony19
anthony2
anthony20
anthony200
anthony21
anthony22
anthony23
anthony24
anthony25
anthony26
anthony27
anthony28
anthony29
anthony3
anthony33
anthony4
anthony5
anthony6
anthony69
anthony7
anthony77
anthony8
anthony88
anthony89
anthony9
anthony99
anthrax
anthrax1
antibes
antichrist
antifa
antiflag
antiflag1
antigone
antigua
antigua1
antihero
antilles
antioch
antique
antiques
antivirus
antman
antoha
antoha50a
antoine
antoine1
antoinette
anton
anton123
anton1995
anton1996
antonanton
antone
antonela
antonella
antonella1
antonello
antonette
antoni
antonia
antonia1
antonichmeli
antonietta
antonin
antonina
antonine
antonine1
antonino
antonio
antonio.
antonio01
antonio1
antonio10
antonio11
antonio12
antonio123
antonio13
antonio14
antonio15
antonio16
antonio17
antonio18
antonio2
antonio21
antonio22
antonio23
antonio3
antonio4
antonio5
antonio6
antonio69
antonio7
antonio8
antonio9
antonius
antonls
antonov
antonova
antony
antosha
antoshka
antoxa
antrax
antsiferova
antsiferova1973
antusenok_zhekonya
antwan
antwerp
antwerpen
antwon
anubhav
anubis
anulka
anuoluwapo
anupam
anupama
anupriya
anuradha
anurag
anusha
anushka
anushree
anusia
anuska
anutka
anvils
anwar
anycall
anycall123
anyone
anything
anything1
anything12
anything2
anytime
anytime1
anyuta
anyway
anywhere
aobo2010
aol.com
aolsucks
aosamples
aotearoa
apaaja
apache
apalkova.tatiana
aparecida
aparna
apartment
apelsin
apfelbaum
aphrodite
aphrodite1
apinoy
apjsqpm
apjsqpm844
apocalipse
apocalipsis
apocalypse
apokalipsa
apokalipsis
apollo
apollo11
apollo12
apollo123
apollo13
apollon
apolo
apologize
apolon
apolonia
apoorva
apostle
apostol
appaamma
appaloosa
appels
appelsap
apple
apple101
apple111
apple123
apple1234
apple12345
appleapple
applebees
applebees1
applejack
applejack1
applejacks
applejuice
applemac
applepie
applepie1
applepie12
applepie2
apples
apples01
apples10
apples11
apples12
apples123
apples13
apples22
apples23
applesauce
appleseed
appleseed1
appleton
appletree
appletree1
application
approtec
approved
apricot
april
april123
april1987
april1988
april1990
april1991
april1992
april1994
april2006
april2007
april2008
april2009
april2010
april420
aprile
aprilfool
aprilia
aprilia1
aprils
apsk0518
apsk54321
apteka
aptiva
aptx4869
apurva
aq123456
aq12ws
aq1sw
aq1sw2de
aq1sw2de3
aqaqaq
aqswde
aqswdefr
aquafina
aquafina1
aqualung
aquaman
aquamarine
aquario
aquarium
aquarius
aquarius1
aquila
aquiles
aquinas
aquino
aqwaqw
aqwleeb_6e0pk
aqwleeb_6e0pk59
aqwxsz
aqwzsx
aqwzsx123
aqwzsxedc
ar123456
arabella
arabella1
arabella24630
arabia
arabian
arabian1
araceli
araceli1
aracely
aracely1
aradhana
arafat
aragon
aragorn
aragorn1
aram198309
aramis
arancione
aranha
ararat
arashi
araujo
aravind
arbeit
arbiter
arbonne
arcade
arcadia
arcadia1
arcane
arcangel
arcangel1
arcenciel
archana
archangel
archangel1
archer
archery
archery1
archibald
archie
archie01
archie12
archie123
archimede
archimedes
architect
architect1
architecture
architetto
archived
archuleta
arcobaleno
arcoiris
arctic
arcticcat
ardian
ardilla
arellano
aremania
arena
arenas
arequipa
aretha
arevalo
arfarf
argent
argentina
argentina1
argentina2
argentine
argento
argentum
argyle
arhangel
ari-kyarova
ariadna
ariadne
ariana
ariana12
ariana123
ariane
arianna
arianna1
arianna2
arianne
ariel
ariel123
ariella
arielle
arielle1
aries
aries123
ariete
arigato
arihant
arina
arina-sharapova
arina-sharapova-80
arinayu
arinayu0
arinka
arisha
arista
aristide
aristo
aristotle
arividerchi_shatalov
arizona
arizona1
arizona123
arizona2
arjay
arjona
arjun
arjun123
arjuna
arkangel
arkansas
arkansas1
arkoximsp
arlene
arlette
arlington
arlington1
arlingtonp
armaan
armada
armada-n
armadillo
armageddon
armagedon
armagedon1
arman
armand
armando
armando1
armando123
armando2
armani
armelle
armenia
armenia1
armin
armine
armitage
armonia
armorgames
armstrong
armstrong1
army1234
armyach-aleksandra
armyman
armyman1
armyof
armystrong
arnaldo
arnaud
arnel
arnie
arnold
arnold123
arowana
arpita
arquitecto
arquitectura
arrahman
arrakis
arriba
arrow
arrowhead
arrowhead1
arrows
arroyo
arsalan
arsch
arsch123
arschloch
arschloch1
arsehole
arselect
arsen
arsenal
arsenal01
arsenal07
arsenal08
arsenal09
arsenal1
arsenal10
arsenal11
arsenal12
arsenal123
arsenal13
arsenal14
arsenal2
arsenal22
arsenal23
arsenal3
arsenal4
arsenal5
arsenal7
arsenal8
arsenal9
arsenalfc
arsenalfc1
arsene
arsenio
arseniy
arshad
arshavin
arshavin23
arsik-di-noxcho
arsik-di-noxcho95
arslan
art131313
artart
artem
artem123
artem1994
artem1995
artem1996
artem1997
artem1998
artem1999
artem2010
artemblya
artemida
artemis
artemis1
artemisa
artemisia
artemka
artemon
arthas
arthur
arthur01
arthur12
arthur123
artichoke
article
article456
articolo
articolo31
articuno
artist
artista
artiste
artistic
artov
artov.95
artur
artur123
arturamirov
arturamirov89
arturik
arturito
arturo
artwork
artyom
aruba
arunkumar
arusha
arvin
arvind
arwen
aryan
as123123
as123456
as123456789
as12as
as12as12
as12df
as12df34
as790433
asaasa
asabsmelik5g
asadasad
asakapa
asakapa123
asakura
asaness
asante
asas1122
asas1212
asasas
asasas12
asasasas
asasasasas
asasin
asassin
asassin1997
asawako
asawakoh
asawaq
asbestos
ascension
ascona
asd123123
asd123321
asd12345
asd123456
asd1234567
asd123456789
asd123asd
asd123asd123
asd123qwe
asd123zxc
asd666fds
asdasd
asdasd11
asdasd12
asdasd123
asdasd123123
asdasd12313d
asdasd456
asdasd666
asdasda
asdasdas
asdasdasd
asdasdasd1
asdasdasd123
asdasdasdasd
asdcxz
asddsa
asddsa123
asdert
asdewq
asdewq123
asdf0987
asdf1234
asdf12345
asdf123456
asdf3423
asdf4321
asdf:lkj
asdf;lkj
asdfas
asdfasdf
asdfasdf1
asdfasdf12
asdfasdf123
asdfasdf2
asdfasdfasdf
asdfdsa
asdffdsa
asdffdsa1
asdfg
asdfg123
asdfg1234
asdfg12345
asdfg456
asdfgasdfg
asdfgf
asdfgh
asdfgh01
asdfgh11
asdfgh12
asdfgh123
asdfgh1234
asdfgh123456
asdfghj
asdfghj1
asdfghj12
asdfghj123
asdfghjk
asdfghjk1
asdfghjk12
asdfghjkl
asdfghjkl!
asdfghjkl.
asdfghjkl0
asdfghjkl1
asdfghjkl12
asdfghjkl123
asdfghjkl12345
asdfghjkl2
asdfghjkl3
asdfghjkl4
asdfghjkl456
asdfghjkl5
asdfghjkl7
asdfghjkl9
asdfghjkl:
asdfghjkl:&#39:
asdfghjkl:'
asdfghjkl;
asdfghjkl;&#39;
asdfghjkl;'
asdfghjklz
asdfghjklzxcvbnm
asdfgzxcvb
asdfjk
asdfjkl
asdfjkl1
asdfjkl123
asdfjkl:
asdfjkl:1
asdfjkl;
asdflkj
asdflkjh
asdfqwer
asdfqwer1
asdfqwer123
asdfqwer1234
asdfrewq
asdfvcxz
asdfzxc
asdfzxcv
asdfzxcv1
asdjkl
asdlkj
asdqwe
asdqwe12
asdqwe123
asdqwezxc
asdzxc
asdzxc12
asdzxc123
asdzxcqwe
asecret
asecret1
asemmanis
aseret
aserzx
asesino
asgard
ash12345
ashanti
ashanti1
ashash
ashely
asher
ashes
ashford
ashish
ashish123
ashishbiyani
ashl3y
ashland
ashland1
ashlee
ashlee12
ashlee123
ashleigh
ashleigh1
ashley
ashley00
ashley01
ashley02
ashley03
ashley04
ashley05
ashley06
ashley07
ashley08
ashley09
ashley10
ashley101
ashley11
ashley12
ashley123
ashley1234
ashley13
ashley14
ashley15
ashley16
ashley17
ashley18
ashley19
ashley20
ashley21
ashley22
ashley23
ashley24
ashley25
ashley26
ashley27
ashley28
ashley33
ashley69
ashley77
ashley85
ashley86
ashley87
ashley88
ashley89
ashley90
ashley91
ashley92
ashley93
ashley94
ashley95
ashley96
ashley97
ashley98
ashley99
ashlie
ashly
ashlyn
ashlynn
ashlynn1
ashok
ashok123
ashoka
ashokkumar
ashraf
ashton
ashton01
ashton11
ashton12
ashton123
ashtray
ashtray1
ashu1992
ashutosh
ashwani
ashwin
ashwini
asiamarketing
asian
asian123
asians
asil.dovlatov
asil.dovlatov.1982
asilas
asimov
askim
askim123
askimaskim
askimbenim
askimsin
asking
aslan
aslan123
asmara
asmita
asmodeus
asnaeb
asotjan
asparagus
aspen
aspen123
asphalt
aspire
aspirin
aspirina
aspirine
aspirine1
asroma
asroma1927
ass12345
ass123456
ass1ass
ass1ass1
assaassa
assasin
assasin1
assass
assass123
assassass
assassin
assassin1
assassins
assassinscreed
assault
assclown
assclown1
asscrack
asscrack1
assface
assface1
assfuck
assfuck1
assfucker
assh0le
asshat
asshol
asshole
asshole!
asshole.
asshole0
asshole01
asshole1
asshole10
asshole101
asshole11
asshole12
asshole123
asshole13
asshole14
asshole2
asshole21
asshole22
asshole23
asshole24
asshole3
asshole4
asshole420
asshole5
asshole6
asshole666
asshole69
asshole7
asshole8
asshole9
asshole99
assholes
assholes1
assilem
assinantes
assistant
asskicker
asskicker1
assman
assman69
assmaster
assmonkey
assmonkey1
assmunch
assmunch1
asssss
asstastic
assumption
assunta
asswhole
asswhole1
asswipe
asswipe1
assword
assword1
astalavista
astana
astaroth
asterisk
asterix
asterix1
asterlam
asteroid
astig
astigako
astigor
aston
astonmartin
astonvilla
astonvilla1
astoria
astoria1
astra
astra123
astral
astray
astrid
astrid29
astro
astro123
astroboy
astrology
astronaut
astronomy
astros
asturias
asuncion
asusasus
aswang
asylum
atakan
atalanta
ataman
atanda
ataris
atchoum
atcskd2w
atdhfkm
atelier
atenas
atenea
ateneo
ateneo123
atharva
athena
athena12
athens
athina
athlete
athletic
athletics
athletics1
athlon
athlon64
athome
atienza
atilla
atkbrc
atkins
atkinson
atlant
atlanta
atlanta1
atlanta123
atlanta2
atlanta3
atlanta7
atlantic
atlantic1
atlantida
atlantis
atlantis1
atlars
atlars10
atlas
atlas123
atleti
atletico
atljhjdf
atmosphere
atnakaeva
atomic
atown
atreides
atreyu
attack
attention
atticus
atticus1
attila
attilio
attitude
attitude1
attorney
attorney1
atybrc
aubergine
aubree
aubrey
auburn
auburn12
auckland
auction
auction1
audi1991
audia
audio
audiopel
audioslave
audiq
audir
audirs
audis
audition
auditor
auditt
audrey
audrey01
audrey12
audrey123
aug!272010
auggie
augie
augsburg
august
august01
august02
august03
august04
august05
august06
august07
august08
august09
august10
august11
august12
august123
august13
august14
august15
august16
august17
august18
august19
august20
august21
august22
august23
august24
august25
august26
august27
august28
august29
august30
august31
august88
august89
augusta
augusta1
auguste
augustin
augustine
augustine1
augusto
augusto1
augustus
augustus1
aukewpyrt
auntie
auralog
aurelia
aurelia1
aurelie
aurelie1
aurelien
aurelio
aurevoir
auriane
aurinko
aurora
aurora32
aurore
aussie
aust1n
austen
austin
austin00
austin01
austin02
austin03
austin04
austin05
austin06
austin07
austin08
austin09
austin10
austin101
austin11
austin12
austin123
austin1234
austin13
austin14
austin15
austin16
austin17
austin18
austin19
austin20
austin21
austin22
austin23
austin24
austin25
austin316
austin512
austin69
austin88
austin94
austin95
austin96
austin97
austin98
austin99
austine
australia
australia0
australia1
australia2
australie
australien
austria
austria1
authentic
author
autism
autobahn
autobot
autobots
autobus
autocad
automatic
automobil
automobile
automotive
autumn
autumn01
autumn08
autumn11
autumn12
autumn123
autumn13
auxerre
av8ygj1f2u
avadakedavra
available
avalanche
avalanche1
avalon
avalon08
avanesov
avangard
avanti
avantika
avatar
avatar12
avatar123
avefenix
avelino
avellino
avemaria
avenged
avenged1
avenged7
avenged7x
avengedsev
avengedsevenfold
avenger
avenger1
avengers
avenir
avensis
aventura
aventura1
aventure
avenue
avery
avery123
avetisyanartur
avgust
aviation
aviation1
aviator
aviator1
avignon
avikuzen
avinash
avisis
avkhachev
avkhachev78
avm6ubdunj
avmpwd
avocado
avocat
avokado
avondale
avondale1
avril
avril123
avrill
avrillavig
avrillavigne
avrora
avto55.rus
avvocato
aw96b
awawaw
awdawd
awdrgy
awdrgyjilp
awei1616
awerty
awesome
awesome!
awesome.
awesome1
awesome101
awesome11
awesome12
awesome123
awesome13
awesome2
awesome22
awesome3
awesome4
awesome5
awesome7
awesome8
awesomeness
awful
awsedr
awsome
awsome12
awsome123
axelle
axeman
axlrose
axlrose1
axssyha
ayamgoreng
ayanami
ayanda
ayanna
aybaybay
aybaybay1
aydani
ayden
aydink
ayesha
ayinde
aylyan
aylyan2001
ayman
ayman2008
aymeric
ayobami
ayodeji
ayodeji1
ayodele
ayomide
ayomide1
ayomikun
ayoola
ayrton
aysa2423
ayurveda
ayushi
ayyappa
az123456
az123456789
az147258
aza_93-93
azacos
azalea
azalia
azamat
azazaz
azazazaz
azazel
azazello
azbest
azbest777
azbuka
azeaze
azefirov.inno1987.r
azeqsd
azeqsdwxc
azer1234
azerazer
azerbaijan
azerbaycan
azert
azert123
azerty
azerty00
azerty01
azerty10
azerty11
azerty12
azerty123
azerty1234
azerty123456
azerty13
azerty31
azerty59
azerty69
azerty77
azerty78
azerty789
azertyu
azertyui
azertyuio
azertyuiop
azertyuiop1
azertyuiop123
azimut
aziza
azizah
azizbek
azkaban
azn4life
aznpride
aznpride1
azqswx
azrael
azsxdc
azsxdc12
azsxdc123
azsxdcf
azsxdcfv
azsxdcfv1
azsxdcfvgb
aztec
azteca
azteca13
aztecs
aztnm
aztyvl_ka44ze
azucar
azucena
azulazul
azules
azure
azxcvbnm
azzurra
azzurro
b-ball
b00bies
b00ger
b00mb00m
b00mer
b0ll0cks
b1234567
b12345678
b123456789
b1b1b
b1b2b
b1b2b3b
b1b2b3b4
b1lkeb
b1lkeb6711
b1tches
b1teme
b1x7qn2tug
b2spirit
b33m6yghef
b4272327
b43m6xhiee
b43m6xhife
b43n6whifd
b8ca6yz1nj
ba9klw1ce
baba1234
bababa
babababa
babacar
babajaga
babaji
babajide
babala
babala123
babalola
babaloo
babalu
babamama
babar
babatunde
babatunde1
babby
babbygirl
babbygirl1
babcia
babe1234
babebabe
baberuth
babes
babeth
babette
babi1234
babich.e
babicka
babie
babies
babies123
babigurl
babigurl1
babii
babiigurl
babiigurl1
babilon
babilonia
babita
babloo
babmicmar
babochka
babolat
baboon
baboshka
baboso
babou
babouche
baboune
baboy
babubabu
babushka
baby-girl
baby1234
baby12345
baby123456
baby2000
baby2004
baby2005
baby2006
baby2007
baby2008
baby2009
baby2010
baby2011
baby_girl
baby_gurl
babyangel
babyangel1
babyb
babybaby
babybaby1
babybash
babybash1
babybear
babybear1
babybird
babyblu
babyblu3
babyblue
babyblue1
babyblue12
babyblue13
babyblue2
babyblue3
babyblue7
babyboi
babyboi1
babyboo
babyboo!
babyboo1
babyboo12
babyboo123
babyboo13
babyboo2
babyboo3
babyboo7
babyboom
babyboss
babyboy
babyboy!
babyboy01
babyboy06
babyboy07
babyboy08
babyboy09
babyboy1
babyboy10
babyboy11
babyboy12
babyboy123
babyboy13
babyboy14
babyboy15
babyboy16
babyboy17
babyboy18
babyboy2
babyboy21
babyboy22
babyboy23
babyboy24
babyboy3
babyboy4
babyboy5
babyboy6
babyboy69
babyboy7
babyboy8
babyboy9
babyboys
babycake
babycake1
babycakes
babycakes!
babycakes1
babycakes2
babycakes3
babycakes7
babycat
babycat1
babycoh
babycute
babyd
babydaddy
babydaddy1
babydog
babydog1
babydoll
babydoll1
babydoll12
babydoll13
babydoll2
babydoll3
babydoll69
babydoll7
babyface
babyface1
babyface12
babyface2
babyfat
babyfat1
babyg
babyg123
babyg1rl
babygal
babygirl
babygirl!
babygirl#1
babygirl.
babygirl0
babygirl00
babygirl01
babygirl02
babygirl03
babygirl04
babygirl05
babygirl06
babygirl07
babygirl08
babygirl09
babygirl1
babygirl10
babygirl11
babygirl12
babygirl123
babygirl13
babygirl14
babygirl15
babygirl16
babygirl17
babygirl18
babygirl19
babygirl2
babygirl20
babygirl21
babygirl22
babygirl23
babygirl24
babygirl25
babygirl26
babygirl27
babygirl28
babygirl29
babygirl3
babygirl30
babygirl31
babygirl32
babygirl33
babygirl34
babygirl4
babygirl44
babygirl45
babygirl5
babygirl55
babygirl56
babygirl6
babygirl69
babygirl7
babygirl77
babygirl78
babygirl8
babygirl87
babygirl88
babygirl89
babygirl9
babygirl90
babygirl91
babygirl92
babygirl93
babygirl94
babygirl95
babygirl96
babygirl97
babygirl98
babygirl99
babygirls
babygirls2
babygril
babygril1
babygrl
babygrl1
babygurl
babygurl!
babygurl01
babygurl06
babygurl07
babygurl08
babygurl09
babygurl1
babygurl10
babygurl11
babygurl12
babygurl13
babygurl14
babygurl15
babygurl16
babygurl17
babygurl18
babygurl19
babygurl2
babygurl20
babygurl21
babygurl22
babygurl23
babygurl24
babygurl3
babygurl4
babygurl5
babygurl6
babygurl69
babygurl7
babygurl8
babygurl9
babyj
babyjack
babyjames
babyjane
babyjay
babyjay1
babyjoker
babyjoker1
babykitty
babykitty1
babyko
babykoh
babylon
babylon1
babylon5
babylone
babylove
babylove1
babylove12
babylove2
babylove3
babyluv
babyluv1
babymama
babymama1
babymomma
babymomma1
babynames
babyoneone
babypapa
babyphat
babyphat1
babyphat12
babyphat2
babypink
babypink1
babyruth
babys
babyt
bacardi
bacardi1
bacardi151
bacchus
bacchus1
bachata
bachelor
bachir
back2back
backbone
backdoor
backdraft
backend
backflip
backflip1
backhoe
backlash
backoff
backoff1
backpack
backpack1
backsdau
backspace
backspace1
backspace2
backstab
backstreet
backstreetboys
backup
backyard
backyard1
bacolod
bacon
bacon123
bacteria
bad4u
bad_boys_adience
badabing
badakhshan
badalona
badass
badass11
badass12
badass123
badass13
badass21
badass22
badass23
badass69
badazz
badbad
badbitch
badbitch1
badboi
badboy
badboy01
badboy08
badboy09
badboy10
badboy11
badboy12
badboy123
badboy13
badboy14
badboy15
badboy21
badboy22
badboy23
badboy69
badboys
badboys1
badboys2
badboyz
badboyz1
badcat
badcompany
baddest
baddest1
baddog
badfish
badger
badger123
badgers
badgers1
badgirl
badgirl1
badgirl12
badgirl123
badgirl2
badgirls
badgurl
badgurl1
badguy
bading
badkitty
badlands
badman
badman123
badminton
badminton1
badmus
badong
badoo
badoo.com
badoo123
badoo2012
badoobadoo
badooo
badromance
badshah
badtrip
baerchen
bagdad
bagel
bagels
bagger
baggies
baggies1
baggins
baggins1
baggio
baggio10
baghdad
bagheera
baghera
bagira
bagong
bagpipes
bagpuss
bagpuss1
baguio
baguvix
bahadur
bahagia
bahalana
bahamas
bahamas1
bahamut
bahamut0
bahamut1
bahia
bahia1979
bahrain
baikal
bailarina
bailee
bailey
bailey00
bailey01
bailey02
bailey03
bailey04
bailey05
bailey06
bailey07
bailey08
bailey09
bailey10
bailey11
bailey12
bailey123
bailey13
bailey14
bailey15
bailey16
bailey17
bailey21
bailey22
bailey23
bailey24
bailey33
bailey69
bailey77
bailey98
bailey99
baileys
baili123com
bajaonel
bajaonel12
bajingan
bajsbajs
bajskorv
bajskorv1
bakabaka
bakekang
baker
baker123
bakers
bakery
bakker
bakla
baklan
baksik
bakugan
bakugan1
bakuman.manga.drawing
bakura
balaji
balanar
balance
balance1
balaton
balazs
balbes
balbina
balboa
baldeagle
balder
balderdash
baldrick
baldur
baldwin
baldwin1
balentinra
baleri
baleri22
balerina
balikpapan
ball1n
ball4life
balla
balla123
balla4life
ballack
ballack13
ballard
ballard1
ballas
ballbag
ballball
ballen
baller
baller01
baller03
baller07
baller08
baller09
baller10
baller101
baller11
baller12
baller123
baller13
baller14
baller15
baller16
baller17
baller20
baller21
baller22
baller23
baller24
baller25
baller32
baller33
baller34
baller44
baller45
baller4lif
baller69
ballerina
ballerina1
ballers
ballers1
ballet
ballin
ballin01
ballin07
ballin08
ballin09
ballin10
ballin101
ballin11
ballin12
ballin123
ballin13
ballin14
ballin15
ballin21
ballin22
ballin23
ballin24
ballin69
balling
balling1
ballon
balloon
balloon1
balloons
balloons1
ballroom
balls
balls123
ballsack
ballsack1
ballsdeep
balmoral
baloch
balogun
baloncesto
balong
baloo
balou
balrog
baltazar
balthazar
baltika
baltimore
baltimore1
balto
baluga
balzac
bamaboy
bamaboy1
bamako
bambam
bambam01
bambam11
bambam12
bambam123
bambam13
bambam23
bambam69
bambang
bambi
bambi123
bambie
bambina
bambino
bambino1
bambola
bambolina
bamboo
bambou
bambucha
bambus
bambush
bamidele
bammargera
banaan
banan
banan123
banana
banana01
banana10
banana11
banana12
banana123
banana13
banana14
banana21
banana22
banana23
banana33
banana69
banana77
banana88
banana99
bananaman
bananarama
bananas
bananas!
bananas1
bananas11
bananas12
bananas123
bananas2
bananas3
bananas7
banane
bananna
banban
banda
bandaid
bandana
bandera
banderas
bandgeek
bandgeek1
bandicoot
bandidas
bandidas747
bandido
bandit
bandit01
bandit07
bandit08
bandit10
bandit11
bandit12
bandit1200
bandit123
bandit13
bandit14
bandit21
bandit22
bandit23
bandit600
bandit69
bandit77
bandit99
bandito
bandito1
bandits
bandits1
bandung
bandung1
bangalore
bangaram
bangbang
bangbang1
banger
bangkok
bangkok1
bangla
bangladesh
bangor
bangsat
banjaluka
banjo
banjo123
bankai
banker
bankhead
bankhead1
banking
banking1
bankole
banks
bannana
bannana1
banned
banner
bannono
bannono8
bansal
banshee
banshee1
banshee350
bantam
banzai
baobab
baobao
baobei
baphomet
baptist
baptist1
baptiste
baraban
barabas
barabashka
baracuda
baraka
barakuda
baran
baranov
baranova
barata
barbados
barbados1
barbapapa
barbar
barbara
barbara1
barbara12
barbara123
barbara2
barbarella
barbarian
barbarita
barbarossa
barber
barber24
barbi
barbie
barbie01
barbie07
barbie08
barbie09
barbie10
barbie101
barbie11
barbie12
barbie123
barbie1234
barbie13
barbie14
barbie15
barbie16
barbie17
barbie18
barbie21
barbie22
barbie23
barbie69
barbiedoll
barbiegirl
barbora
barborka
barbos
barbosa
barbra
barby
barca
barca123
barcellona
barcelon
barcelona
barcelona0
barcelona1
barcelona10
barcelona123
barcelona2
barcelona3
barcelona5
barcelona7
barcelona8
barcelona9
barcelone
barchetta
barclay
barclays
barcode
barefoot
barefoot1
barfield
barfield13
bariloche
baritone
baritone1
barkada
barker
barkley
barkley1
barkov
barkov_65
barley
barlow
barmaley
barman
barnabas
barnaby
barnaby1
barnaul
barnes
barnett
barney
barney01
barney10
barney11
barney12
barney123
barney13
barnie
barnsley
barnyard
baron
barone
baronessa
baronessa87
baronn
barosan
barracuda
barracuda1
barrel
barrera
barret
barreto
barrett
barrett1
barrie
barrington
barrio
barrio13
barrios
barrister
barron
barros
barrow
barry
barry123
barselona
barsik
barssuki
barsuk
bartbart
bartek
bartek123
bartender
bartender1
bartlett
bartman
bartman1
bartok
bartolo
bartolome
bartolomeo
barton
bartosz
bartsimpson
baruch
barunka
bas3ball
basbas
baseba
baseba11
basebal
basebal1
baseball
baseball!
baseball.
baseball0
baseball00
baseball01
baseball02
baseball03
baseball04
baseball05
baseball06
baseball07
baseball08
baseball09
baseball1
baseball10
baseball11
baseball12
baseball123
baseball13
baseball14
baseball15
baseball16
baseball17
baseball18
baseball19
baseball2
baseball20
baseball21
baseball22
baseball23
baseball24
baseball25
baseball26
baseball27
baseball28
baseball29
baseball3
baseball30
baseball31
baseball32
baseball33
baseball34
baseball35
baseball4
baseball42
baseball44
baseball45
baseball5
baseball55
baseball6
baseball69
baseball7
baseball77
baseball8
baseball88
baseball9
baseball99
baseline
basement
basement1
basher
bashful
bashful1
bashir
bashiru
basia
basic
basil
basil123
basile
basilio
bask3tball
basket
basket10
basket101
basket11
basket12
basket123
basket13
basket23
basketba
basketba11
basketbal
basketbal1
basketbal2
basketbal9
basketball
basketball1
basketball10
basketball11
basketball12
basketball123
basketball13
basketball22
basketball23
basketball3
basketbol
basketcase
baskets
bass1234
bassam
bassbass
bassboat
basset
bassett
bassey
bassfish
bassguitar
basshunter
bassie
bassin
bassist
bassist1
bassline
bassman
bassman1
bassmaster
bassoon
bassoon1
bassplayer
basspro
basspro1
basta
bastard
bastard1
bastardo
bastards
baster
bastet
basti
basti_1014
bastian
bastian1
bastien
bastille
bastion
bastos
basura
batangas
batata
batch
bateau
bateman
bateria
batgirl
batgirl1
bathroom
bathroom1
batigol
batista
batista1
batista12
batista123
batista2
batista619
batistuta
batman
batman00
batman007
batman01
batman07
batman08
batman09
batman10
batman101
batman11
batman12
batman123
batman1234
batman13
batman14
batman15
batman16
batman17
batman18
batman19
batman20
batman21
batman22
batman23
batman24
batman25
batman27
batman33
batman44
batman45
batman55
batman66
batman666
batman69
batman77
batman88
batman89
batman99
batmonh
batteria
batterie
batteries
battery
battery1
battle
battlefield
battlefield2
battleon
battleship
battousai
batuhan
baubau
baudelaire
bauer
bauhaus
baumhaus
bautista
bautista1
bavaria
bavixepym
baxter
baxter01
baxter11
baxter12
baxter123
bayarea
bayarea1
bayarea510
baybay
baybee
bayer
bayern
bayern94
baylee
bayley
bayliner
baylor
bayonne
bayrafis
bayram
bayside
bayside1
bayview
baywatch
bazas
bazooka
bazooka1
bazueva
bazueva.1990
bazuka
bb123456
bball
bball101
bball123
bball4life
bballer
bballer1
bbbbb
bbbbbb
bbbbbbb
bbbbbbbb
bbbbbbbbbb
bbking
bbleo1zz
bcgfybz
bcnjhbz
bcp201109a
bcrich
bdfyeirf
bdfyjd
bdfyjdbx
bdfyjdf
beach
beach123
beachbabe
beachbabe1
beachboy
beachbum
beachbum1
beaches
beaches1
beacon
beagle
beagles
beaker
beamer
beanbag
beanbean
beaner
beaner12
beaner123
beaner13
beanhead
beanie
beans
beans123
bear1234
bear2327
bearbear
bearbear1
bearcat
bearcat1
bearcats
bearcats1
beardog
beardog1
bears
bears123
bearshare
bearshare1
beasley
beasley1
beast
beast123
beast556
beast666
beastie
beastie0
beastie1
beastly
beastly1
beastmode
beastmode1
beasty
beata
beatbox
beatbox1
beater
beatiful
beatit
beatka
beatle
beatles
beatles1
beatles2
beatles4
beatrice
beatrice1
beatrix
beatriz
beatriz1
beats
beaubeau
beaufort
beaumont
beaumont1
beauregard
beaute
beautifu
beautiful
beautiful!
beautiful.
beautiful0
beautiful1
beautiful2
beautiful3
beautiful4
beautiful5
beautiful6
beautiful7
beautiful8
beautiful9
beautifulg
beautifull
beauty
beauty01
beauty08
beauty101
beauty11
beauty12
beauty123
beauty21
beaver
beaver69
beavers
beavers1
beavis
bebang
bebe1234
bebebe
bebebebe
bebegim
bebeko
bebep2x
bebert
bebeto
bebita
bebito
bebop
because
because1
becca
becca123
beccaboo
becker
beckett
beckham
beckham07
beckham1
beckham23
beckham7
beckie
becky
becky123
becool
bedford
bedford1
bedrock
bedrock1
bedroom
bedroom1
bedtime
beebee
beebop
beechwood
beefcake
beefcake1
beefy
beegee
beegees
beehive
beejay
beeline
beemer
beepbeep
beepbeep1
beeper
beer4me
beerbeer
beerbeer1
beerman
beerman1
beerme
beerpong
beerpong1
beertje
beethoven
beethoven1
beethoven9
beetle
beetlejuice
beezer
beezy
before
befree
begemot
begonia
begood
behappy
behappy1
behappy2
behemoth
behemoth1
beibei
beijing
beijing2008
beirut
bekasi
bela2404
belair
belarus
belen
belette
beleza
belfast
belfast1
belgarion
belgique
belgium
belgrano
belial
belier
believe
believe1
believer
belinda
belinda1
belinea
belinea1
belinea85
belinha
belinova
belinova14
belize
belka
belkin
bella
bella101
bella123
bella1234
bella2007
bella2008
bella2009
bella2010
bellabella
bellaboo
bellaboo1
belladog
belladonna
bellagio
bellamia
bellamy
bellas
bellatrix
bellavista
bellavita
bellbell
belldandy
belle
belle123
belles
bellevue
belleza
bellezza
bellisima
bellissima
bellissimo
bello
bellota
bellsouth
bellsouth1
belly
bellydance
belmar
belmont
belmont1
belmonte
belochka
belova
beloved
beloved1
beloved_a_devil
beltran
beluga
belvedere
bembem
bemine
ben12345
ben123456
ben_a
benben
benbenben
bench
bender
bendover
benedetta
benedetto
benedict
benedict1
benedicte
benedikt
benelli
benetton
benfica
benfica1
bengal
bengals
bengals1
bengals85
bengbeng
benhur
benidorm
benita
benitez
benito
benjam1n
benjamin
benjamin!
benjamin01
benjamin1
benjamin10
benjamin11
benjamin12
benjamin123
benjamin13
benjamin15
benjamin2
benjamin22
benjamin3
benjamin4
benjamin5
benjamin7
benji
benji123
benjie
benladen
bennet
bennett
bennett1
benni
bennie
bennie!!
bennington
benny
benny123
bennyboy
bennyboy1
benoit
benson
benson12
benson123
bente
benten
benten10
bentley
bentley1
bentley2
bently
benton
bentong
benzema
benzin
beograd
beograd1
beowulf
beowulf1
bepositive
ber217an
berbatov
berber
berenice
berenice1
beretta
beretta1
bereza
bergamo
bergen
berger
bergkamp
bergkamp10
berkay
berkeley
berkeley1
berkley
berkley1
berkshire
berkut
berlin
berlin12
berlin123
berliner
berlingo
berlioz
berlitz
berlusconi
bermuda
bermuda1
bermudez
bernabe
bernadette
bernal
bernard
bernard1
bernard2
bernardino
bernardo
bernardo1
bernhard
bernice
bernice1
bernie
bernie01
berries
berries1
berry
berry123
berserk
berserk1
berserker
berta
bertha
bertie
berto
bertone
bertram
bertrand
beruska
beryl
besiktas
besiktas1
besiktas1903
besitos
bessie
best1234
bestbest
bestbuds
bestbuy
bestbuy1
bestfriend
bestfriend1
bestfriends
bestia
bestie
besties
besties1
bestman
bestmom
bestmom1
bestrong
bethan
bethann
bethany
bethany1
bethany12
bethany123
bethany2
bethel
bethesda
bethoven
betina
betito
betmen
betrayed
betrayed1
betsie
betsy
betsynx0kof
better
betterdays
bettie
bettina
bettina1
bettina23
bettis
bettis36
betty
betty123
bettyboo
bettyboo1
bettyboop
bettyboop1
bettyboop2
bettyboop3
bettyboop7
bettylou
between
between121
beulah
beverley
beverley1
beverly
beverly1
beware
beyblade
beyblade1
beyonce
beyonce1
beyonce12
beyonce123
beyonce2
beyond
beyourself
bf4ever
bff4eva
bff4ever
bff4life
bfiy28byl
bfree
bgt56yhn
bhabes
bhabie
bhaby
bhabycoh
bhabyko
bhabykoh
bhabyq
bhabyqoh
bhagwan
bhagya
bhakti
bhappy
bharat
bharat123
bharath
bharathi
bharati
bhardwaj
bhargavi
bharti
bhaskar
bhatti
bhavana
bhavani
bhavesh
bhavna
bhavya
bhbcrf
bhbirf
bhbyf
bhbyjxrf
bhbyrf
bhc2v875z
bhebhe
bhebheko
bhjxrf
bholenath
bhopal
bhumika
bhushan
bhutan
bhuvana
biabia
biagio
bianca
bianca01
bianca10
bianca11
bianca12
bianca123
bianca13
biancaneve
bianchi
bianco
bianka
biarritz
biatch
bibby
bibiana
bibibi
bibibibi
bibiche
bibigon
bible
bible123
bibles
biblia
biblioteca
biblioteka
bibou
biboune
bichette
bichito
bichon
bicicleta
bicicletta
bicth
bicycle
bicycle1
bidadari
bidemi
bidule
bieber
bieberfeve
biedronka
bienchen
bienvenido
bienvenu
bienvenue
bigal
bigapple
bigass
bigbaby
bigbaby1
bigbad
bigbad#13
bigballer
bigballer1
bigballs
bigballs1
bigballs2
bigbang
bigbang1
bigbang123
bigbass
bigbass1
bigbear
bigbear1
bigben
bigben07
bigbig
bigbird
bigbird1
bigbitch
bigbitch1
bigblack
bigblack1
bigblock
bigblue
bigblue1
bigbob
bigboi
bigboobs
bigboobs1
bigbooty
bigbooty1
bigboss
bigboss1
bigboy
bigboy01
bigboy08
bigboy09
bigboy10
bigboy11
bigboy12
bigboy123
bigboy13
bigboy14
bigboy15
bigboy21
bigboy22
bigboy23
bigboy69
bigbro
bigbrother
bigbuck
bigbuck1
bigbucks
bigbucks1
bigbutt
bigbutt1
bigbutts
bigcat
bigcock
bigcock1
bigcountry
bigdad
bigdaddy
bigdaddy01
bigdaddy1
bigdaddy10
bigdaddy11
bigdaddy12
bigdaddy13
bigdaddy2
bigdaddy23
bigdaddy3
bigdaddy5
bigdaddy69
bigdaddy7
bigdave
bigdave1
bigdawg
bigdawg1
bigdick
bigdick1
bigdick12
bigdick123
bigdick2
bigdick69
bigdick7
bigdick9
bigdicks
bigdog
bigdog01
bigdog10
bigdog11
bigdog12
bigdog123
bigdog13
bigdog22
bigdog23
bigdog69
bigdogg
bigdogg1
bigdogs
bigears
bigfish
bigfish1
bigfoot
bigfoot1
bigfoot2
biggay
biggdogg
bigger
biggie
biggirl
biggirl1
biggles
biggles1
biggun
bigguns
bigguy
biggy
bighead
bighead1
bighead2
bighouse
bigjake
bigjim
bigjoe
bigjohn
bigjohn1
biglove
bigmac
bigmama
bigmama1
bigmama2
bigman
bigman12
bigman123
bigmike
bigmike1
bigmir.net
bigmomma
bigmomma1
bigmoney
bigmoney1
bigmoney2
bigmouth
bignasty
bignose
bignose1
bigone
bigpapa
bigpapa1
bigpapi
bigpapi34
bigpenis
bigpimp
bigpimp1
bigpimpin
bigpimpin1
bigpimpin2
bigpoppa
bigpoppa1
bigpun
bigred
bigred12
bigred123
bigsexy
bigsexy1
bigshot
bigshow
bigshow1
bigsis
bigsister
bigsister1
bigsky
bigtime
bigtime1
bigtimerus
bigtits
bigtits1
bigtits2
bigtits69
bigtoe
bigtruck
bigtruck1
bigwill
bigwill1
bigworm
bigworm1
bijou
bijoux
bike4life
biker
biker123
bikerboy
bikerboy1
bikers
bikes
biking
bikini
bilabong
bilal
bilal123
bilancia
bilbao
bilbo
bilgisayar
bill1234
bill1989
billabong
billabong1
billabong2
billabong7
billard
billbill
billgates
billgeitslox
billiards
billie
billiejean
billiejoe
billiejoe1
billings
billion
billionaire
billions
billkaulit
billkaulitz
billou
bills
billups
billups1
billy
billy123
billy1234
billyb
billybob
billybob1
billybob12
billybob2
billyboy
billyboy1
billygoat
billygoat1
billyjoe
billyjoe1
billyray
billys
biloute
bimba
bimbim
bimbo
bimmer
bimsta
binbin
binder
bingbing
bingbong
bingo
bingo123
bingoo
bingos
binkie
binky
binladen
bintang
bintang1
bintou
binweevils
biochem
biochemistry
biodun
biohazard
biohazard1
biologia
biologie
biology
biology1
bionda
biondo
bionic
bionicle
bionicle1
bioshock
biotch
biotech
biotechnology
bipbip
bipolar
bipolar1
biquette
birba
birdbird
birdcage
birddog
birddog1
birdhouse
birdhouse1
birdie
birdie123
birdies
birdman
birdman1
birds
birdy
birgit
birillo
birmingham
birtanem
birthday
birthday1
birthday12
birthvillage
biscoito
biscotte
biscotto
biscuit
biscuit1
biscuit2
biscuit22
biscuits
biscuits1
bisexual
bisexual1
bishop
biskit
bismarck
bismark
bismilah
bismilla
bismillah
bismillah1
bismillah123
bismillah786
bisola
bisounours
bisous
bitanem
bitch
bitch100
bitch101
bitch111
bitch123
bitch1234
bitch12345
bitch2008
bitch2009
bitch2010
bitch321
bitch420
bitch4life
bitch666
bitchass
bitchass1
bitchass12
bitchass2
bitchbitch
bitches
bitches!
bitches.
bitches01
bitches1
bitches12
bitches123
bitches13
bitches2
bitches3
bitches4
bitches5
bitches69
bitches7
bitchez
bitchez1
bitchface
bitchface1
bitchin
bitchin1
bitchnigga
bitchpleas
bitchplease
bitchplz
bitchplz1
bitchs
bitchy
biteme
biteme01
biteme11
biteme12
biteme123
biteme13
biteme22
biteme69
bitter
bittersweet
bizarre
bizkit
bizzle
bizzy
bk.irf
bk4life
bkl29m2bk
bkmlfh
bl8lygb
bl8lygb0
blabla
blabla12
blabla123
blablabla
blablabla1
black
black101
black123
black1234
black12345
black666
blackadder
blackandwhite
blackangel
blackangel09021
blackass
blackass1
blackbear
blackbear1
blackbeauty
blackbelt
blackbelt1
blackberry
blackberry1
blackbird
blackbird1
blackblack
blackbox
blackboy
blackboy1
blackburn
blackburn1
blackcat
blackcat1
blackcat123
blackcat13
blackdeath
blackdevil
blackdog
blackdog1
blackdragon
blackeye
blackfire
blackfoot
blackgirl
blackgirl1
blackhawk
blackhawk1
blackhawks
blackheart
blackhole
blackhole1
blackhorse
blackice
blackice1
blackie
blackie1
blackie123
blackie2
blackjack
blackjack1
blackjack2
blackjack21
blackknight
blacklab
blacklab1
blacklabel
blacklight
blacklist
blackmagic
blackmamba
blackman
blackman1
blackmetal
blackmoon
blackmore
blackness
blacknight
blackops
blackops1
blackops2
blackout
blackout1
blackpanther
blackpearl
blackpool
blackpool1
blackpower
blackrock
blackrose
blackrose1
blacks
blacksabbath
blacksheep
blacksmith
blackstar
blackstar1
blackstone
blacksun
blacktiger
blackveilb
blackwater
blackwell
blackwhite
blackwidow
blackwolf
blackwood
blacky
blacky12
blacky123
blade
blade123
blader
bladerunner
blades
blah1234
blahblah
blahblah!
blahblah1
blahblah12
blahblah123
blahblah2
blahblahbl
blahblahblah
blahh
blahkg
blahkg321
blaine
blair
blaise
blake
blake123
blakey
blanah
blanca
blanchard
blanche
blanche1
blanco
blanco10
blandine
blank
blanka
blanket
blanket1
blanquita
blarney
blasco
blast
blasted
blasted1
blaster
blaster1
blastoff
blaze
blaze123
blaze420
blazed
blazedup
blazedup42
blazeit
blazeit420
blazer
blazer01
blazer12
blazers
blazers1
blaziken
blazin
blazing
blbjn
blbjn007
blbjnrf
blbntyf
blbyf
blbyf[eq
blckd_sa_unpaidfee_oct
blckd_sa_unpaidfee_oct06
bleach
bleach12
bleach123
bleble
bledsoe
bleeding
bleeding1
blender
bless
blessed
blessed!
blessed01
blessed07
blessed08
blessed09
blessed1
blessed11
blessed12
blessed123
blessed2
blessed3
blessed4
blessed5
blessed7
blessedbe
blessing
blessing1
blessing12
blessing123
blessing2
blessings
blessings1
blessings7
blessme
blessme1
blessyou
blind
blind123
blindmice
bling
bling123
blingbling
blink
blink-182
blink123
blink1234
blink182
blink183
blinkblink
blinker
blinkme
blinks
blinky
bliss
blissful
blister
blitz
blitzen
blitzkrieg
blivion
blizzard
blizzard1
bljs2v85pt
blkdrag0ns
blobby
block
blockbuster
blocked
blockhead
bloemen
bloger
bloger01
blogs
blogs123
blomma
blond
blonda
blonde
blonde12
blonde123
blondes
blondi
blondie
blondie!
blondie01
blondie1
blondie101
blondie11
blondie12
blondie123
blondie13
blondie2
blondie3
blondie69
blondie7
blondin
blondinka
blondy
blood
blood101
blood123
blood4life
blood666
bloodbath
bloodbath1
bloodgang
bloodgang5
bloodhound
bloodline
bloodline1
bloodlust
bloodlust1
bloodmoney
bloodrayne
bloodred
bloods
bloody
bloodyhell
bloodymary
bloodz
bloom
bloomfield
blooming
blossom
blossom1
blossoms
blowfish
blowfish1
blowjob
blowjob1
blowjob69
blowjobs
blowme
blowme123
blowme69
blubb
blubber
blubber1
blue1234
blue12345
blue2000
blue2222
blue4ever
blue4u
blueangel
blueangel1
bluearmy
bluebaby
blueballs
blueballs1
bluebear
bluebear1
bluebell
bluebell1
blueberry
blueberry1
blueberry2
bluebird
bluebird1
bluebird2
bluebirds
blueblue
blueblue1
blueboy
blueboy1
bluecar
bluecat
bluecat1
bluedevil
bluedevil1
bluedevils
bluedog
bluedog1
bluedragon
blueeyes
blueeyes1
blueeyes2
bluefire
bluefish
bluefish1
bluegill
bluegirl
bluegirl1
bluegrass
bluegrass1
bluegreen
bluegreen1
blueice
bluejay
bluejay1
bluejays
bluejays1
bluejeans
bluelight
blueline
bluem00n
blueman
blueman1
bluemonkey
bluemoon
bluemoon1
bluenose
bluenose1
bluenote
blueprint
blueprint1
bluered
bluerose
bluerose1
blues
blues123
bluesclues
bluesea
blueskies
bluesky
bluesky1
bluesky2
bluesman
bluesman1
bluestar
bluestar1
bluetooth
bluetooth1
bluewater
bluewater1
blueyes
blume
blumen
blumentopf
blunt
blunt420
blunts
blunts420
blyad_be
blyad_be_90
blythe
bmw318i
bmw318is
bmw320d
bmw320i
bmw325i
bmw325is
bmw328i
bmw330ci
bmwbmw
bmwm3gtr
bmx4life
bmxbmx
bnbnbn
bnfkbz
bnmbnm
board
boarder
boarder1
boarding
boateng
boater
boating
boating1
boavista
bob12345
bob123456
bobafett
bobafett1
bobber
bobbi
bobbie
bobbin
bobble
bobbob
bobbob12
bobbob123
bobbobbob
bobby
bobby101
bobby123
bobby1234
bobbyb
bobbyboy
bobbyd
bobbyjack
bobbyjack1
bobbyjoe
bobbys
bobcat
bobcat12
bobcats
bobcats1
bobdog
bobdole
bobdole1
bobdylan
bobdylan1
bobert
bobesponja
bobik
bobina
bobita
bobmarley
bobmarley1
bobmarley2
bobo1234
bobobo
bobobobo
bobrik
bobsaget
bobsaget1
bobsmith
bobster
bobthebuilder
bocajuniors
bocephus
bocephus1
bochum
bocman
bodega
bodensee
bodie
bodrum
bodyboard
bodyguard
bodyshop
boeing
boeing737
boeing747
boeing777
bogart
bogdan
bogdana
bogdanova
bogey
boggie
boggle
bogie
bogoss
bogosse
bogota
bogus
boguska
boguska123
bohemia
bohemian
bohica
boiler
boilers
boing
boing747
bojana
bojangles
bojangles1
bokbok
bokkie
boknoy
bolabola
bolaji
bolanle
bolatov.almaz
bolbol
bolero
bolinha
bolinhas
bolita
bolivar
bolivia
bolivia1
bolleke
bollocks
bollocks1
bollox
bollywood
bolno
bolno_18035
bologna
bologna1
boloto
bolshoj_zmej
bolton
boludo
boluwatife
bomba
bombay
bomber
bomberman
bombero
bomberos
bombers
bombers1
bombom
bombon
bombshell
bombshell1
bommel
bon2b
bonanza
bonanza1
bonaparte
bonbon
boncuk
bond0007
bondage
bondage1
bondar
bondarenko
bonds
boneca
bonefish
bonehead
bonehead1
boner
bones
bones123
bonethug
bonethug1
bonethugs
bonethugs1
bonfire
bongbong
bonghit
bonghits
bongo
bongos
bonheur
boniface
bonifacio
bonilla
bonita
bonita12
bonita123
bonita13
bonito
bonjour
bonjour1
bonjour123
bonjours
bonjovi
bonjovi1
bonkers
bonkers1
bonnechance
bonner
bonneville
bonnie
bonnie01
bonnie10
bonnie11
bonnie12
bonnie123
bonnie13
bonny
bonobo
bonou
bonovox
bonsai
bonsoir
bonus
bonzai
bonzo
boo-boo
boo1boo
booba
boobear
boobear1
boober
boobie
boobies
boobies!
boobies1
boobies12
boobies123
boobies2
boobies69
booboo
booboo01
booboo07
booboo08
booboo09
booboo10
booboo11
booboo12
booboo123
booboo1234
booboo13
booboo14
booboo15
booboo16
booboo18
booboo21
booboo22
booboo23
booboo69
booboo99
booboobear
boobooboo
boobs
boobs123
booby
booda
booga
boogaloo
booger
booger01
booger11
booger12
booger123
booger13
booger69
boogers
boogers1
boogie
boogie01
boogie12
boogie123
boogieman
boogieman1
boohoo
bookbook
booker
bookert
bookie
booking
bookitty
bookmark
bookmark1
books
books123
bookworm
bookworm1
booman
boomboom
boomboom1
boomboom2
boombox
boomer
boomer01
boomer10
boomer11
boomer12
boomer123
boomer13
boomer22
boomerang
boomerang1
boondock
boondocks
boondocks1
boone
boonie
booooo
booper
boopie
boosie
boost
booster
booster1
bootcamp
booter
bootie
bootleg
bootleg1
boots
boots123
bootsie
bootsie1
bootsy
booty
booty123
bootycall
bootycall1
bootylicious
bootymeat
bootymeat1
booya
booyah
booyaka
booyaka619
boozer
bopper
boquita
borabora
borabora1
boracay
boragud
boragud02
borat
borboleta
bordeaux
bordeaux33
border
borderline
borec
borec123654
bored
bored123
boredom
borges
boricua
boricua1
boricua12
boricua123
boricua2
boricua21
boricua7
boring
boriqua
boriqua1
boris
boris123
boriska
borismf5tsh
borisov
borisova
boriss
borland
borman
born2die
born2kill
born2run
born2win
bornagain
borneo
bornfree
bornot2b
borntorun
borntowin
boroda
boromir
boromirus
borracho
borrego
borris
borussia
borussia09
bosco
bosco123
boscoe
bosley
bosna
bosnia
bosox
boss1234
bossbitch
bossbitch1
bossboss
bosshog
bosshog1
bosshogg
bosslady
bosslady1
bossman
bossman1
bossss
bossy
boston
boston01
boston04
boston07
boston08
boston10
boston11
boston12
boston123
boston13
boston21
boston22
boston23
boston24
boston33
boston34
boston617
boston69
boswell
botafogo
botany
botas
botbot
botswana
bottle
bottles
bottom
bouba
boubou
bouboule
boucher
bouchon
bouchra
bouddha
boudin
boulanger
boulder
boulder1
boulet
boulette
boulevard
boulogne
boulot
boulou
bounce
bouncer
bouncer1
bounty
bourbon
bourbon1
bourne
boutique
bouvier
bovine
bowbow
bowers
bowhunter
bowhunter1
bowie
bowler
bowling
bowling1
bowling300
bowman
bowser
bowtie
bowwow
bowwow11
bowwow12
bowwow123
bowwow13
boxcar
boxer
boxer123
boxerdog
boxers
boxing
boxing123
boxster
boxter
boy12345
boy123456
boyboy
boycrazy
boycrazy1
boyfriend
boyfriend1
boyfriend2
boylover
boylover1
boys1girl
boys2men
boyscout
boysoverfl
boyssuck
boyssuck1
boytoy
boyz2men
boyzone
bozena
bozkurt
bpvtyf
bqktqqn
bqktqqn844
bqktrqn
bqktrqn844
bqlk8kx79u
br00ke
br00klyn
br00tal
br0ken
br123456
br1ttany
brabus
braceface
braceface1
bracelet
braces
bracken
bracken1
brad1234
braden
bradford
bradford1
bradipo
bradley
bradley01
bradley1
bradley11
bradley12
bradley123
bradley2
bradley3
bradley4
bradley5
bradley7
bradly
bradpitt
bradpitt1
bradshaw
brady
brady123
braeden
braeden1
brahim
brahma
brain
braindead
brainiac
brains
brainstorm
bramble
bramble1
brammi
branca
branch
branco
brand
brand0n
brandee
branden
branden1
brandi
brandi12
brandi123
brandie
brandie1
brandnew
brandnew1
brando
brandon
brandon!
brandon.
brandon0
brandon00
brandon01
brandon02
brandon03
brandon04
brandon05
brandon06
brandon07
brandon08
brandon09
brandon1
brandon10
brandon101
brandon11
brandon12
brandon123
brandon13
brandon14
brandon15
brandon16
brandon17
brandon18
brandon19
brandon2
brandon20
brandon21
brandon22
brandon23
brandon24
brandon25
brandon27
brandon3
brandon4
brandon5
brandon6
brandon69
brandon7
brandon8
brandon88
brandon9
brandon98
brandon99
brandonlee
brandt
brandy
brandy01
brandy10
brandy11
brandy12
brandy123
brandy13
brandy21
brandy22
brandy23
brandy69
branko
branson
branson1
brasil
brasil10
brasil12
brasil123
brasile
brasileiro
brasilia
brasilien
brasov
bratan
bratislava
bratty
bratva
bratwurst
bratz
bratz123
braulio
brave
braveheart
braves
braves10
braves11
braves12
braves25
braves95
bravo
bravo123
braxton
braxton1
brayan
brayden
brayden08
brayden1
brayden2
brayden3
braydon
braydon1
brazil
brazil10
brazil123
brazilia
brazzers
bread
bread123
break
breakdance
breakdown
breakdown1
breaker
breaker1
breakers
breakfast
breakfast1
breaking
breana
breanna
breanna1
breanna12
breanna123
breanna2
breanna3
breanne
breanne1
breast
breasts
breath
breathe
breathe1
brebre
brebre12
brebre123
breebree
breebree1
breeze
breezer
breezy
breitling
breizh
bremen
brenda
brenda01
brenda10
brenda11
brenda12
brenda123
brenda13
brenda14
brenda15
brenda69
brendan
brendan1
brenden
brenden1
brendon
brendon1
brenna
brennan
brennan1
brennen
brennen1
brenner
brent
brent123
brentford
brenton
brenton1
brentwood
brentwood1
breonna
breonna1
brescia
bresil
bretagne
brethart
breton
brett
brett123
brewer
brewers
brewers1
brewster
brewster1
brian
brian123
brian1234
briana
briana12
briana123
brianna
brianna!
brianna01
brianna06
brianna07
brianna08
brianna09
brianna1
brianna10
brianna11
brianna12
brianna123
brianna13
brianna14
brianna2
brianna23
brianna3
brianna4
brianna5
brianna6
brianna7
brianna8
brianna9
brianne
brianne1
brians
bribri
bribri12
bribri123
brice
briciola
brick
bricks
bricksquad
bridge
bridges
bridget
bridget1
bridgett
bridgette
bridgette1
bridie
brielle
brielle1
brigada
brigade
brigadeiro
briggs
bright
brighteyes
brighton
brighton1
brigida
brigitta
brigitte
brigitte1
brijesh
brille
brilliant
brilliant1
brillo
brina
brinchen
brinchen23
brindisi
brindle
bringit
bringiton
bringiton1
brinkley
briones
brisbane
brisbane1
brisingr
bristol
bristol1
britain
britany
britbrat
britbrat1
british
british1
britney
britney1
britney123
britney2
britneys
britneyspears
britni
britt
britt123
britta
brittani
brittani1
brittany
brittany!
brittany.
brittany01
brittany07
brittany08
brittany09
brittany1
brittany10
brittany11
brittany12
brittany13
brittany14
brittany15
brittany16
brittany17
brittany18
brittany19
brittany2
brittany20
brittany21
brittany22
brittany23
brittany3
brittany4
brittany5
brittany6
brittany69
brittany7
brittany8
brittany9
brittney
brittney1
brittney12
brittney2
brittni
britton
britton1
britty
brizet
brizet07
broadband
broadband1
broadway
broadway1
broccoli
brock
brodie
brodie10
brody
brody123
brogan
broke
broken
broken12
broken123
broken13
brokencyde
brokenhear
brokenheart
broker
bronco
broncos
broncos07
broncos1
broncos12
broncos2
broncos24
broncos7
bronson
bronson1
bronte
brontolo
bronwyn
bronx
bronx718
bronze
bronzewing
broodwar
brook
brook123
brooke
brooke01
brooke06
brooke07
brooke08
brooke09
brooke10
brooke11
brooke12
brooke123
brooke13
brooke14
brooke15
brooke21
brooke22
brooke23
brookie
brookie1
brooklin
brooklyn
brooklyn!
brooklyn01
brooklyn07
brooklyn08
brooklyn09
brooklyn1
brooklyn10
brooklyn11
brooklyn12
brooklyn13
brooklyn2
brooklyn21
brooklyn22
brooklyn23
brooklyn3
brooklyn4
brooklyn5
brooklyn6
brooklyn7
brooklyn71
brooklynn
brooklynn1
brooks
brookside
broomfield
bros4life
brosb4hoes
brother
brother1
brother12
brother123
brother2
brother3
brother4
brotherhood
brothers
brothers1
brothers2
brothers3
broucek
brown
brown123
brownbear
browncow
browndog
browndog1
browne
browneyes
browneyes1
browneyes2
brownie
brownie1
brownie12
brownie123
brownie2
brownie3
brownies
brownies1
browning
browning1
brownpride
browns
brownsuga
brownsuga1
brownsugar
browny
browser
bruce
bruce123
brucelee
brucelee1
brucewayne
bruder
bruins
bruins77
bruiser
bruiser1
brujita
bruna
brunette
brunette1
bruninha
bruninho
brunito
bruno
bruno123
brunomars
brunos
brunswick
brunswick1
brussels
brutal
brutis
brutus
brutus01
brutus11
brutus12
brutus123
bruxelles
bruxinha
bryan
bryan123
bryanna
bryanna1
bryant
bryant08
bryant24
bryce
bryce123
bryony
bryson
bscirc
bsxxbgs
bsxxbgs322
bt2jtztke
bubamara
bubba
bubba101
bubba123
bubba1234
bubbadog
bubbagump
bubbagump1
bubbas
bubbie
bubbl3s
bubble
bubble01
bubble11
bubble12
bubble123
bubblebutt
bubblegum
bubblegum!
bubblegum1
bubblegum2
bubblegum3
bubblegum5
bubblegum7
bubblegum9
bubbles
bubbles!
bubbles.
bubbles0
bubbles01
bubbles07
bubbles08
bubbles09
bubbles1
bubbles10
bubbles101
bubbles11
bubbles12
bubbles123
bubbles13
bubbles14
bubbles15
bubbles16
bubbles17
bubbles18
bubbles2
bubbles21
bubbles22
bubbles23
bubbles24
bubbles3
bubbles4
bubbles5
bubbles6
bubbles69
bubbles7
bubbles8
bubbles88
bubbles9
bubbles99
bubblez
bubblez1
bubbly
bubby
bubby123
bublik
bubluk
bububu
bubububu
bubuka
bubulina
bubulle
buburuza
buccaneers
buceta
buchanan
buckaroo
bucket
buckethead
buckeye
buckeye1
buckeyes
buckeyes1
buckfast
buckie
buckingham
buckley
buckley1
buckmaster
bucks
buckshot
buckshot1
buckwheat
buckwheat1
bucky
bucuresti
budala
budapest
budapest1
budbud
budda
buddah
buddha
buddie
buddies
buddies1
buddy
buddy101
buddy111
buddy123
buddy1234
buddy12345
buddyboy
buddyboy1
buddycat
buddydog
buddydog1
buddyholly
buddylee
buddylove
buddylove1
buddys
budget
budgie
budlight
budlight1
budlight12
budlight2
budlight3
budlight69
budlite
budlite1
budman
budweiser
budweiser1
budweiser2
budweiser8
budwiser
buenavista
buenos
buenosaires
bufalo
buffalo
buffalo1
buffalo2
buffalo66
buffer
buffet
buffett
buffett1
buffie
buffon
buffy
buffy123
buffys
buford
bugaboo
bugaboo1
bugaga
bugatti
bugatti1
bugbug
bugger
buggie
buggy
bugman
bugmenot
bugsbunny
bugsbunny1
bugsbunny2
bugsy
buheirf
buick
builder
builder1
building
bujhm
bujhtr
bukkake
buknoy
bukola
bukowski
bul5tacumi
bulacan
bulaklak
bulbul
buldog
bulgakov
bulgaria
bulgaria1
bulilit
bulka-a-shah
bulldawg
bulldog
bulldog1
bulldog10
bulldog11
bulldog12
bulldog123
bulldog13
bulldog2
bulldog21
bulldog22
bulldog23
bulldog3
bulldog4
bulldog5
bulldog6
bulldog69
bulldog7
bulldog8
bulldog9
bulldogs
bulldogs!
bulldogs08
bulldogs09
bulldogs1
bulldogs10
bulldogs11
bulldogs12
bulldogs13
bulldogs2
bulldogs3
bulldogs5
bulldogs7
bulldozer
bulldozer1
buller
bullet
bullet12
bullet123
bullet13
bullet695
bullet83
bulletproof
bullets
bullets1
bullfrog
bullfrog1
bullhead
bullit
bullock
bullrider
bullrider1
bulls
bullseye
bullseye1
bullsh1t
bullshit
bullshit!
bullshit1
bullshit12
bullshit2
bullshit3
bullshit69
bullshit7
bullwinkle
bully
bumble
bumblebee
bumblebee1
bumblebee2
bumbum
bumerang
bumfluff
bumhole
bumhole1
bummer
bumper
bunbun
bunbury
bunda
bundeswehr
bundy
bunga
bungalow
bungee
bunghole
bunghole1
bungie
bungle
bunker
bunky
bunnie
bunnies
bunnies1
bunnies2
bunny
bunny101
bunny123
bunnyboo
bunnyboo1
bunnyhop
bunnyrabbit
bunnys
bunso
bunty
buongiorno
buowriz
burak
burak123
buratino
burbank
burberry
burberry1
burbuja
burchenkovi
bureau
burger
burgerking
burgers
burgess
burgess1
burgos
burgundy
burhan
burlington
burner
burning
burning1
burnley
burnley1
burnout
burnout1
burnout3
burns
burnside
burrito
burrito1
bursaspor
burton
burton12
burton123
burton13
burunduk
burzum
busayo
busdriver
busdriver1
bushido
bushido1
bushido123
bushido7
bushman
bushra
business
business1
business12
business123
businka
busola
busta
bustamante
busted
busted123
buster
buster00
buster01
buster02
buster05
buster06
buster07
buster08
buster09
buster10
buster101
buster11
buster12
buster123
buster1234
buster13
buster14
buster15
buster16
buster17
buster18
buster21
buster22
buster23
buster24
buster25
buster33
buster44
buster55
buster69
buster77
buster88
buster99
busterboy
busterbrown
busterdog
busybee
butch
butch123
butcher
butcher1
butchie
butchie1
butchy
buterfly
buterfly1
buthead
buthead1
buthole
buthole1
butkus
butler
butt3rfly
butta
buttbutt
buttbutt1
buttcrack
buttcrack1
butter
butter01
butter11
butter12
butter123
butter13
butter22
butter44
butterball
butterbean
buttercup
buttercup!
buttercup0
buttercup1
buttercup2
buttercup3
buttercup5
buttercup7
buttercup9
butterfing
butterfinger
butterfl
butterflie
butterflies
butterfly
butterfly!
butterfly.
butterfly0
butterfly1
butterfly12
butterfly123
butterfly2
butterfly3
butterfly4
butterfly5
butterfly6
butterfly7
butterfly8
butterfly9
butterflys
buttermilk
butternut
butters
butters1
butterscotch
buttface
buttface1
buttfuck
buttfuck1
butthead
butthead1
butthead12
butthead2
butthole
butthole1
butthole2
buttman
buttmunch
buttmunch1
button
buttonquail
buttons
buttons1
buttons123
buttons2
buttplug
butts
buttsex
buttsex1
buttsex69
buxton
buzhidao
buzzard
buzzard1
buzzbuzz
buzzer
buzzy
bvgthbz
bvgthfnjh
bvp33w7epu
bwfq23jp7f
bwfqjpf
byabybnb
byajhvfnbrf
byakugan
bycnbnen
byebye
bynthytn
bypass
byron
byteme
bytheway
bytopmcd
byusdg
byusdg23
byyjxrf
c.ronaldo
c.ronaldo7
c00kie
c00kies
c00per
c0c0nut
c0cac0la
c0ffee
c0l0rad
c0l0rad0
c0mput3r
c0mputer
c0nn0r
c0raplok
c0urtney
c1234567
c12345678
c123456789
c1c2c
c2h5oh
c3por2d
c3por2d2
c43qpul5rz
c44n6vijfc
c44n6vijgc
c54p7uikgb
c6djvmskcx
c6h12o
c7777777
c9p5au8naa
ca123456
caballero
caballero1
caballo
caballo1
caballos
cabana
cabaret
cabbage
cabbage1
cabbage95
cabbages
cabelo
cabernet
cabeza
cabezon
cabinet
cable
cableguy
caboose
caboose1
caboverde
cabowabo
cabral
cabrera
cabrera1
cabrio
cabriolet
cabron
cabrones
caca1234
cacaboudin
cacaca
cacacaca
cacahuate
cacahuete
cacamaca
cacapipi
cacat
cacat123
cacatua
cacca
caccola
caceres
cachito
cachondo
cachorra
cachorro
cachorro1
cachou
cacique
cactus
cadbury
cadbury1
caddie
caddy
cadeau
caden
cadence
cadence1
cadets
cadillac
cadillac1
caesar
cafemom
caffeine
cagada
cagayan
cagiva
cagliari
cagney
cagnolino
cahaya
caiden
caillou
caitlin
caitlin1
caitlin12
caitlin123
caitlin2
caitlyn
caitlyn1
cajun
cakes
calabaza
calabria
calais
calamar
calamaro
calamity
calavera
calcio
calculator
calculus
calcutta
calderon
calderon1
caldwell
caldwell1
caleb
caleb123
caledonia
calendar
calendar1
calendario
calender
calgary
calgary1
calhoun
calhoun1
cali1234
cali4nia
caliban
caliber
calibra
calibra1
calico
caliente
caliente1
califas
califas1
califas13
californi
california
california1
californication
caligirl
caligirl1
caligula
calilove
calilove1
calimero
calimero1
caline
calinou
calipso
calis
calista
callahan
callan
callas
callaway
callaway1
calle
callie
callie01
callie11
callie12
callie123
calling
calliope
callista
callisto
callme
callofduty
callofduty1
callofduty2
callofduty4
callum
callum01
callum12
callum123
calogero
calore
calvary
calvary1
calvert
calvin
calvin01
calvin11
calvin12
calvin123
calvin23
calypso
calypso1
camacho
camacho1
camaleon
camaleonte
camara
camaro
camaro01
camaro123
camaro67
camaro68
camaro69
camaro95
camaro99
camaron
camaross
camaroz
camaroz28
cambiami
cambodia
cambodia1
cambria
cambria1
cambridge
cambridge1
camcam
camden
camel
camel123
camel232
cameleon
camelia
camello
camelo
camelot
camelot1
camels
cameltoe
cameltoe1
camer0n
camera
camera12
camera123
camero
cameron
cameron!
cameron01
cameron02
cameron03
cameron04
cameron05
cameron06
cameron07
cameron08
cameron09
cameron1
cameron10
cameron11
cameron12
cameron123
cameron13
cameron14
cameron15
cameron2
cameron21
cameron22
cameron23
cameron3
cameron4
cameron5
cameron6
cameron7
cameron8
cameron9
cameron99
cameroon
cameroun
camila
camila01
camila10
camila12
camila123
camile
camilita
camilla
camilla1
camille
camille1
camille2
camille22
camillo
camilo
camilo123
camino
camion
camisa
cammello
cammie
cammy
camomilla
campana
campanile
campanilla
campanita
campanita1
campari
campbell
campbell1
campeon
campeon1
campeones
camper
campinas
camping
camping1
campion
campione
campioni
campos
camprock
camprock1
campus
camron
camry
camryn
canaan
canabis
canabis1
canada
canada01
canada10
canada11
canada12
canada123
canada13
canada99
canadian
canadian1
canadien
canadiens
canaille
canard
canarias
canarino
canario
canary
canberra
cancan
cancel
cancer
cancer12
cancer123
cancer13
cancer22
cancer69
cancerian
cancro
cancun
candace
candace1
canddcard
canddcard1
candela
candela1
candelaria
candi
candice
candice1
candice123
candida
candide
candido
candie
candies
candies1
candle
candles
candles1
candra
candy
candy101
candy123
candy1234
candyapple
candyass
candybar
candybar1
candycandy
candycane
candycane1
candycane2
candyfloss
candygirl
candygirl1
candygirl2
candygurl
candygurl1
candyland
candyland1
candyman
candyman1
candys
candyshop
candyshop1
canela
canelita
canelle
canelo
canes
caneta
cangrejo
cangri
canguro
canibal
canine
canito
cannabis
cannabis1
cannavaro
cannelle
cannes
cannibal
cannibal1
cannon
cannonball
cannondale
canon
canon123
cantante
canterbury
cantik
canton
cantona
cantona07
cantona1
cantona7
cantor
canuck
canucks
canucks1
canuto
canvas
canyon
caocao
caonima
caonima123
capa2008
capcom
capecod
capecod1
capella
capello
capetown
capetown1
capitaine
capital
capital1
capitals
capitals11
capitan
capitan1
capitano
capitol
capoeira
capoeira1
capone
cappuccino
cappy
capri
caprice
caprice1
capricho
capricon
capricorn
capricorn1
capricorn2
capricorn7
capricorne
capricorni
capricornio
capricorno
caprisun
caprisun1
capslock
capslock1
capsule
captain
captain1
captain2
captiva
capucine
capullo
car0line
cara4com
carabinieri
caracas
caracas1
caracol
caracola
caracoles
caraculo
carajo
caralho
caralho1
caramail
caramba
carambar
carambola
caramel
caramel1
caramelito
caramella
caramelle
caramelo
caramelo1
caravaggio
caravan
caravan1
carbon
carbon12
carbone
carcar
carcass
cardenas
cardenas1
cardiac
cardiff
cardiff1
cardigan
cardinal
cardinal1
cardinals
cardinals1
cardinals2
cardinals5
cardio
cardona
cardoso
cards
carebear
carebear1
carebear12
carebear2
carebear3
carebears
carebears1
carebears2
careca
career
career121
careers
carefree
careful
caregiver
careless
caren
carey
carhartt
caribbean
caribe
caribou
caridad
carina
carine
caring
carinho
carino
carioca
carisma
carissa
carissa1
carita
caritas
carito
carl0s
carla
carla123
carlee
carlene
carletto
carley
carlie
carlin
carling
carling1
carlinha
carlinhos
carlino
carlisle
carlisle1
carlita
carlito
carlito1
carlitos
carlitos1
carlo
carlo123
carlos
carlos01
carlos05
carlos06
carlos07
carlos08
carlos09
carlos10
carlos11
carlos12
carlos123
carlos1234
carlos13
carlos14
carlos15
carlos16
carlos17
carlos18
carlos19
carlos20
carlos21
carlos22
carlos23
carlos24
carlos25
carlos26
carlos27
carlos28
carlos69
carlos88
carlos99
carlota
carlotta
carlotta1
carlsberg
carlson
carlson1
carlton
carlton1
carly
carly123
carman
carmel
carmela
carmela1
carmelina
carmelita
carmella
carmella1
carmelo
carmelo1
carmelo15
carmen
carmen01
carmen10
carmen11
carmen12
carmen123
carmen13
carmen22
carmen23
carmen69
carmencita
carmina
carmine
carmine1
carmona
carnage
carnage1
carnation
carnaval
carnegie
carneiro
carnell
carnell1
carnival
carnival1
carol
carol123
carola
carolann
carole
caroli
carolin
carolin1
carolina
carolina.
carolina01
carolina1
carolina10
carolina11
carolina12
carolina13
carolina15
carolina2
carolina22
carolina23
carolina3
carolina5
carolina7
caroline
caroline.
caroline1
caroline12
caroline2
carollo
carollo12
carolyn
carolyn1
caronte
carota
carotte
carousel
carpediem
carpediem1
carpenter
carpenter1
carpet
carranza
carrasco
carrefour
carrera
carrera1
carrera4
carrick
carrie
carrie12
carrie123
carrier
carrillo
carrillo1
carrington
carroll
carroll1
carros
carrot
carrots
carrots1
cars1234
carson
carson12
carson123
carsten
cartagena
cartel
carter
carter01
carter08
carter09
carter10
carter11
carter12
carter123
carter13
carter15
carter22
carter23
carthage
cartier
cartman
cartman1
cartman2
carton
cartoon
cartoon1
cartoon10
cartoon123
cartoons
cartoons1
cartouche
caruso
carvalho
carver
carwash
carwash1
casa1234
casablanca
casacasa
casada
casado
casale
casamento
casamia
casandra
casandra1
casanova
casanova1
cascada
cascada1
cascade
cascade1
cascades
caserta
casetta
casey
casey123
caseydog
cash1234
cashcash
cashcrate
cashew
cashflow
cashflow1
cashman
cashmere
cashmere1
cashmoney
cashmoney1
cashmoney2
cashmoney3
cashmoney5
casillas
casillas1
casimir
casimiro
casino
casino123
casio
casio123
casiopea
casita
caspar
casper
casper01
casper10
casper11
casper12
casper123
casper13
casper14
casper21
casper22
casper23
casper69
casper99
caspian
cassandra
cassandra1
cassandra2
cassandre
cassano
cassanova
cassey
cassia
cassidy
cassidy1
cassidy12
cassidy123
cassidy2
cassidy3
cassie
cassie01
cassie08
cassie09
cassie10
cassie11
cassie12
cassie123
cassie13
cassie14
cassie15
cassie16
cassie21
cassie22
cassie23
cassie69
cassiopea
cassiopeia
cassis
cassius
cassius1
cassy
castaneda
castanha
castanha1
castaway
castel
castellano
castello
castelo
caster
castillo
castillo1
casting
castle
castor
castro
castrol
casual
cat12345
cat123456
cat15175
catalan
catalin
catalina
catalina1
catalog
catalunya
catalyst
catanddog
catania
catania46
catarina
catarina1
catcat
catcat12
catcat123
catcatcat
catch
catcher
catcher1
catchme
catdaddy
catdaddy1
catdog
catdog11
catdog12
catdog123
catdog13
catdog22
caterham
caterham7
caterina
catering
caterpillar
cateyes
catfish
catfish1
catfish2
catfood
catfood1
catgirl
catgirl1
cathedral
catherin
catherine
catherine1
catherine2
catherine3
cathie
cathleen
catholic
catholic1
cathrine
cathy
cathy123
catia
catita
catlover
catlover1
catman
catnip
catolica
catracho
catracho1
catrina
catrina1
catriona
cats1234
catsanddogs
catscats
catsdogs
catseye
catsmeow
catsrule
catsrule1
cattle
catty
catwalk
catwoman
catwoman1
caught
caution
caution1
cavalier
cavalier1
cavaliere
cavaliers
cavaliers1
cavalli
cavallo
cavalo
caveman
caveman1
cavite
cavolo
cayang
cayank
cayden
cayenne
cayman
cayuga
cazador
cazzarola
cazzimiei
cazzo
cazzo1001
cazzoduro
cazzone
cb123456
cbcmrb
cbcmrf
cbcntvf
cbhbec
cbhtym
cbr1000rr
cbr1100xx
cbr600rr
cbr900rr
cbrown
cbvcbv
cbvjyf
cc123456
ccb0eea8a706c4c
ccccc
cccccc
ccccccc
cccccccc
cccccccccc
ccopacell
ccopacell1
cctbbk
cd123456
cdbymz
cde34rfv
cdexswzaq
cdflm
cdh0v99ue
cdjkjxb
cdjkjxm
cds04121989
cdtnbr
cdtnf
cdtnjxrf
cdtnkfyf
cdtnkfyrf
cdtnkzxjr
cdtnrf
cdznjckfd
ceasar
ceaser
cebucity
cecelia
cecelia1
cecil
cecile
cecilia
cecilia1
cecille
cecily
ceckbr
ceckbrcerfkbxyjcnm
ceckbrcerfkbxyjcnm2
cecream
cedar
cedric
cedrick
ceecee
ceejay
cegthgfhjkm
cegthvty
ceilidh
celebrate
celebration
celebrity
celebrity1
celeron
celeron1
celery
celeste
celeste1
celeste2
celestial
celestial1
celestin
celestina
celestine
celestino
celia
celibataire
celica
celina
celine
celinedion
celinesimon
cellardoor
cello
cellphone
cellphone1
cellphone2
cellphone3
cellular
cellulare
celtic
celtic01
celtic12
celtic123
celtic1888
celtic1967
celtic67
celtic88
celticfc
celticfc1
celtics
celtics1
celtics33
celtics34
celtics5
celular
celular1
cement
cemetery
cenation
cendrillon
cenerentola
cenicienta
centaur
centauro
center
central
central1
centre
centrino
centrino1
centro
centrum
cents
centurion
century
century1
century21
cepetsugih
ceramics
cerber
cerberus
cerberus1
cereal
cerebro
ceres
cereza
cerfcerf
cerise
certified
certified1
cerulean
cervantes
cervantes1
cerveja
cerveza
cerveza1
cesar
cesar123
cesare
cesarin
cessna
cessna152
cessna172
cestlavie
cestmoi
cet333333
cevthrb
cexfhf
ceylan
cezar
cfdtkbq
cfdxtyrj
cfhfnjd
cfiekmrf
cfiekz
cfifcfif
cfitymrf
cfkfdfn
cfrehf
cfvceyu
cfvehfq
cfvfhf
cfvfzkexifz
cfvjktn
cfymrf
cfytxrf
cgfhnfr
cghfibdfq
cghfqn
cgtwyfp
ch0c0late
ch123456
ch1ck3n
ch1cken
ch33s
ch33se
ch3cooh
ch3ls3a
ch3rry
ch_vitalij
chabela
chablis
chacal
chacha
chacha12
chacha123
chachacha
chachi
chaching
chachita
chacho
chachou
chad1234
chaddy
chadreed
chadreed22
chadwick
chadwick1
chaingang
chaingang1
chains
chainsaw
chainsaw1
chair
chairman
chairs
chaise
chaitanya
chaitu
chaka
chakkara
chakra
chalet
challenge
challenge1
challenger
chalupa
chalupa1
chaman
chamber
chamber1
chambers
chambers1
chameau
chameleon
chamois
chamonix
champ
champ123
champa
champagne
champagne1
champion
champion1
champion12
champion2
champions
champions1
champs
champy
chance
chance01
chance10
chance11
chance12
chance123
chance13
chance22
chances
chancey
chanchal
chanchan
chancho
chanda
chandan
chandana
chander
chandigarh
chandler
chandler1
chandler12
chandler2
chandni
chandra
chandra1
chandran
chandrika
chandru
chandu
chanel
chanel05
chanel11
chanel12
chanel123
chanelbag
chanelle
chanelle1
chaney
chang
changa
change
change08
change09
change12
change123
change1234
changed
changed1
changeit
changeme
changeme1
changeme123
changeme2
changepass
changer
changes
changes1
chango
channel
channel1
channing
channing1
chantal
chantal1
chante
chantel
chantel1
chantell
chantelle
chantelle1
chanti
chantilly
chaochao
chaos
chaos123
chaos666
chaotic
chaotic1
chaparra
chaparra1
chaparrita
chaparro
chaparro1
chapel
chapin
chapis
chaplain
chaplin
chapman
chapman1
chappy
chapstick
chapstick1
chapter
chapter1
chapulin
character
character1
characters
charan
charchar
charcoal
charcoal1
chardonnay
charge
charger
charger06
charger1
charger2
charger21
charger69
chargers
chargers1
chargers12
chargers13
chargers2
chargers21
charing
charis
charisma
charisma1
charissa
charisse
charito
charity
charity1
charizard
charizard1
charl0tte
charl1e
charle
charlee
charlee1
charlene
charlene1
charles
charles!
charles.
charles01
charles1
charles10
charles11
charles12
charles123
charles13
charles2
charles21
charles22
charles23
charles3
charles4
charles5
charles6
charles69
charles7
charles8
charles9
charleston
charley
charley1
charli
charlie
charlie!
charlie.
charlie0
charlie01
charlie02
charlie03
charlie04
charlie05
charlie06
charlie07
charlie08
charlie09
charlie1
charlie10
charlie101
charlie11
charlie12
charlie123
charlie13
charlie14
charlie15
charlie16
charlie17
charlie18
charlie19
charlie2
charlie20
charlie200
charlie21
charlie22
charlie23
charlie24
charlie25
charlie27
charlie3
charlie33
charlie4
charlie5
charlie6
charlie69
charlie7
charlie77
charlie8
charlie88
charlie9
charlie99
charlieb
charlieboy
charliebrown
charliedog
charlies
charline
charlize
charlo
charlot
charlote
charlott
charlotte
charlotte0
charlotte1
charlotte2
charlotte3
charlotte7
charlotte9
charlton
charlton1
charly
charly2004
charlyn
charm
charmaine
charmaine1
charmander
charmed
charmed!
charmed1
charmed12
charmed123
charmed2
charmed3
charmedp
charmedp3
charmer
charmin
charmin1
charming
charming1
charms
charon
charter
charter1
chartered
chase
chase123
chaselo
chaser
chasity
chasity1
chasse
chasseur
chastity
chata
chatchat
chateau
chatham
chatnoir
chato
chaton
chatte
chatter
chatter1
chatterbox
chatting
chatty
chaucer
chaudhary
chauhan
chauncey
chauncey1
chaussette
chava
chaves
chavez
chayank
chayanne
cheap
cheat
cheater
cheater!
cheater1
cheater123
cheater2
cheaters
cheaters1
cheating
cheating1
cheburashka
checco
cheche
chechen
checho
check
check123
checker
checker1
checkers
checkers1
checking
checking1
checkitout
checkmate
checkmate1
cheddar
cheddar1
cheeba
cheech
cheeko
cheeks
cheeky
cheekymonkey
cheena
cheer
cheer101
cheer123
cheer4life
cheerbabe
cheerbabe1
cheerful
cheergirl
cheergirl1
cheering
cheering1
cheerio
cheerio1
cheerios
cheerios1
cheerleade
cheerleader
cheerleadi
cheerleading
cheers
cheese
cheese01
cheese10
cheese101
cheese11
cheese12
cheese123
cheese1234
cheese13
cheese14
cheese15
cheese21
cheese22
cheese23
cheese24
cheese33
cheese44
cheese69
cheese88
cheese99
cheeseball
cheeseburger
cheesecake
cheesehead
cheeseman
cheesey
cheesey1
cheesy
cheeta
cheetah
cheetah1
cheetah12
cheetah2
cheeto
cheetos
cheetos1
cheeze
cheezit
cheezit1
cheezy
cheguevara
chelita
chelito
chelito19
chellam
chelle
chelle1234
chello
chelly
chels
chelsea
chelsea!
chelsea.
chelsea01
chelsea05
chelsea06
chelsea07
chelsea08
chelsea09
chelsea1
chelsea10
chelsea11
chelsea12
chelsea123
chelsea13
chelsea14
chelsea15
chelsea16
chelsea17
chelsea18
chelsea2
chelsea21
chelsea22
chelsea23
chelsea25
chelsea26
chelsea3
chelsea4
chelsea5
chelsea6
chelsea69
chelsea7
chelsea8
chelsea88
chelsea9
chelsea99
chelseafc
chelseafc1
chelsey
chelsey1
chelsi
chelsie
chelsie1
chelsy
chemical
chemical1
chemicals
chemist
chemistry
chemistry1
chenchen
cheng
chenjian
chennai
chennai123
chepalle
cherep
cheri
cherie
cherif
cherise
cherish
cherish1
cherokee
cherokee1
cherrie
cherries
cherries1
cherry
cherry01
cherry07
cherry08
cherry09
cherry10
cherry101
cherry11
cherry12
cherry123
cherry1234
cherry13
cherry14
cherry15
cherry16
cherry17
cherry18
cherry21
cherry22
cherry23
cherry24
cherry25
cherry69
cherry88
cherrybomb
cherrycoke
cherrypie
cherrypie1
cherrys
cherrys1
cherrytree
cherub
cheryl
chesca
cheshire
cheska
chesney
chesney1
chess
chess123
chessie
chessie1
chessmaster
chester
chester!
chester01
chester1
chester10
chester11
chester12
chester123
chester13
chester2
chester22
chester3
chester4
chester5
chester7
chester8
chesterfield
chestnut
chestnut1
chetan
cheval
chevalier
chevelle
chevelle1
chevelle69
chevere
chevrolet
chevrolet1
chevron
chevy
chevy123
chevy1500
chevy2500
chevy350
chevy454
chevy4x
chevy4x4
chevyman
chevyman1
chevys
chevys10
chevytruck
chevyz
chevyz71
chewbacca
chewbacca1
chewey
chewie
chewy
chewy123
cheyanne
cheyanne1
cheyenne
cheyenne01
cheyenne1
cheyenne11
cheyenne12
cheyenne13
cheyenne2
cheyenne3
cheyenne7
chhaya
chi-town
chiamaka
chiara
chiaretta
chiave
chibi
chiboy
chibuike
chibuzor
chica
chica123
chicago
chicago01
chicago08
chicago1
chicago10
chicago11
chicago12
chicago123
chicago13
chicago2
chicago21
chicago22
chicago23
chicago3
chicago4
chicago5
chicago6
chicago7
chicago8
chicago9
chicana
chicana1
chicano
chicano1
chicano13
chicas
chicca
chicca39
chicco
chicha
chicharito
chichi
chichi11
chichi12
chichi123
chicho
chick
chick123
chick3n
chicka
chickadee
chickboy
chicken
chicken!
chicken.
chicken0
chicken01
chicken1
chicken10
chicken101
chicken11
chicken12
chicken123
chicken13
chicken14
chicken15
chicken2
chicken21
chicken22
chicken23
chicken24
chicken3
chicken4
chicken44
chicken5
chicken6
chicken69
chicken7
chicken8
chicken9
chicken99
chickenbutt
chickens
chickens1
chickie
chickie1
chicklet
chicks
chicky
chico
chico123
chicony
chicos
chicosci
chidera
chidinma
chidori
chidori1
chief
chiefs
chien
chienne
chiens
chigger
chigozie
chihiro
chihuahua
chihuahua1
chijioke
chijioke123
chika
chiken
chikis
chikita
chikita1
chilango
chilango1
child
childcare
childofgod
children
children1
children2
children3
children4
children5
children6
children7
chile
chileno
chili
chilidog
chill
chiller
chilli
chillin
chillin1
chilling
chillout
chilly
chimchim
chimera
chimera1
chimie
china
china123
chinacat
chinadoll
chinadoll1
chinaman
chinaman1
chinatown
chinatown1
chinchilla
chinchin
chinchin1
chinedu
chinedu1
chinenye
chinese
chinese1
ching
chingching
chingon
chingon1
chingy
chinita
chinita1
chinito
chinky
chinna
chinni
chinnu
chino
chino123
chinois
chinonso
chinook
chinook1
chintu
chinwe
chinyere
chiodos
chiodos1
chioma
chipchip
chipie
chipmunk
chipmunk1
chipmunks
chipper
chipper1
chipper10
chipper2
chippie
chippy
chips
chips123
chipster
chiqui
chiquis
chiquis1
chiquita
chiquita1
chiquitin
chiquitita
chiquito
chiquito1
chirag
chisom
chispa
chispita
chitarra
chitchat
chito
chitown
chitown1
chitra
chitti
chiva
chivas
chivas#1
chivas01
chivas07
chivas09
chivas10
chivas100
chivas101
chivas11
chivas12
chivas123
chivas1234
chivas13
chivas14
chivas15
chivas16
chivas17
chivas18
chivas19
chivas21
chivas22
chivas23
chivas99
chloe
chloe123
chloedog
chloee
chloes
chobit
chobits
chobits1
chocha
chocho
choclate
choclate1
choco
choco123
chocobo
chocobo1
chococat
chocol
chocolat
chocolat1
chocolat3
chocolate
chocolate!
chocolate.
chocolate0
chocolate1
chocolate11
chocolate12
chocolate123
chocolate2
chocolate3
chocolate4
chocolate5
chocolate6
chocolate7
chocolate8
chocolate9
chocolates
choctaw
chode
choice
chois
chois777
chokolate
chola
cholito
cholo
cholo123
chomik
chomper
chomper1
chonchon
chooch
choochoo
choochoo1
choose
choosen
choosen1
chopchop
chopin
choppa
chopper
chopper1
chopper12
chopper123
chopper2
chopper3
chopper69
chopper7
choppers
choppers1
chopsuey
chorizo
chosen
chosenone
chouchou
chouchou1
choucroute
choudhary
chouette
choupette
choupi
choupinette
choupinou
chouquette
chowchow
chowchow1
chowdary
chowder
chowder1
chr1st1an
chris
chris007
chris100
chris101
chris111
chris123
chris1234
chris12345
chris143
chris1988
chris1989
chris1990
chris1991
chris1993
chris2006
chris2007
chris2008
chris2009
chris2010
chris420
chris4ever
chris4life
chris666
chrisb
chrisbln
chrisbrow
chrisbrow1
chrisbrown
chrisc
chrischris
chrisi
chrism
chrisp
chrispaul
chrispaul3
chriss
chrissi
chrissie
chrissy
chrissy1
chrissy123
chrissy2
christ
christ01
christ11
christ12
christ123
christ777
christa
christa1
christal
christel
christelle
christen
christen1
christi
christi1
christia
christiaan
christian
christian!
christian.
christian0
christian1
christian12
christian123
christian2
christian3
christian4
christian5
christian6
christian7
christian8
christian9
christiana
christiane
christiano
christie
christie1
christin
christin1
christina
christina!
christina0
christina1
christina2
christina3
christina4
christina5
christina7
christina8
christina9
christine
christine!
christine0
christine1
christine2
christine3
christine5
christine7
christine8
christine9
christmas
christmas!
christmas0
christmas1
christmas2
christmas3
christmas7
christo
christo1
christop
christoph
christoph1
christoph89
christophe
christopher
christopher1
christos
christy
christy1
chrome
chronic
chronic1
chronic2
chronic420
chrono
chronos
chrysler
chrysler1
chrystal
chrystal1
chubbs
chubby
chubby123
chucha
chucha0810
chuchay
chuchi
chucho
chuchu
chuck
chuck123
chuckie
chuckie1
chuckles
chuckles1
chucknorris
chucks
chucky
chucky12
chucky123
chucky13
chukwu
chukwudi
chukwuma
chula
chula123
chuleta
chulita
chulo
chumchum
chumley
chummy
chunchun
chunk
chunky
chupacabra
chupachups
chupala
chupamela
church
church12
church123
churchill
churchill1
chutney
chutrung
chyna
chynna
ciao1234
ciaoatutti
ciaobella
ciaociao
ciaociao1
ciaociaociao
ciaoo
ciaooo
ciara
ciara123
ciaran
cicamica
ciccia
ciccina
ciccino
ciccio
cicciobello
cicciolina
cicciona
ciccione
cicero
cicero1324
ciclismo
cielito
cielo
cieloazul
ciera
cierra
cigar
cigarette
cigars
cimbom
cimbom1905
cimbombom
cincin
cincinnati
cinco
cinder
cinderela
cinderella
cinders
cinders1
cindrella
cindy
cindy123
cindylou
cindys
cinema
cinghiale
cingular
cingular1
cinnamon
cinnamon1
cinque
cinta
cinta123
cintaku
cintaku1
cintaq
cintasejat
cinthia
cinthia1
cinthya
cintia
cinzia
cioccolata
cioccolato
ciocolata
cipher
cipolla
cipollina
cippalippa
ciprian
circa
circle
circuit
circus
cirebon
cirillo
cirilo
cirrus
cisco
cisco123
cisneros
citadel
citation
citibank
citizen
citizen1
citroen
citroen1
citroenc
citroenc4
citron
citrus
cityboy
cityboy1
cityhunter
civic
civicsi
civilwar
cj123456
cjcbcrf
cjcbnt
cjdthitycndj
cjhjrf
cjkjdtq
cjkysirj
cjkywt
cjmasterinf
cjrjkjd
cjrjkjdf
cjxb2014
cjymrf
cjytxrf
cjytxrj
ck75iflga
ckfdbr
ckflrbq
ckflrfz
ckiue73jp
ckjybr
cksdnd
cksdnd12
claire
claire01
claire12
claire123
clairebear
clancy
clapton
clapton1
clara
clara123
clare
claremont
clarence
clarence1
claret
clarice
clarinet
clarinet1
clarinette
clarinha
clarion
clarissa
clarissa1
clarisse
clarita
clarity
clark
clark123
clarke
clarkkent
clarkkent1
clarkson
class
class2006
class2007
class2008
class2009
class2010
class2011
class2012
class2013
classic
classic1
classical
classics
classified
classmate
classof
classof05
classof06
classof07
classof08
classof09
classof10
classof11
classof12
classof13
classof200
classof201
classof2010
classof2011
classof2012
classof99
classroom
classy
claude
claudette
claudi
claudia
claudia1
claudia12
claudia123
claudia13
claudia2
claudia7
claudie
claudine
claudio
claudio1
claudita
claudiu
claudius
clavier
claymore
clayton
clayton1
clayton2
clean
cleaner
cleaner1
cleaning
cleaning1
clear
clearwater
clelia
clemence
clemens
clement
clement1
clemente
clemente21
clementina
clementine
clements
clemson
clemson1
cleocat
cleocleo
cleopatra
cleopatra1
cleopatre
clermont
cletus
cleveland
cleveland1
cleveland2
clever
click
click123
clicker
client
cliff
clifford
clifford1
cliffy
clifton
clifton1
climax
climber
climber1
climbing
clinic
clinique
clint
clinton
clinton1
clipper
clipper1
clippers
clippers1
clitoris
clochette
clock
clock123
clocks
clockwork
clockwork1
cloclo
clones
clooney
closed
closer
clothes
clothes1
clotilde
cloud
cloud123
clouds
cloudstrife
cloudy
clover
clover12
clover123
clovis
clown
clown123
clowns
club2030
clubber
clubpenguin
clueless
clueless1
clumsy
cluster
clusters
clutch
clyde
clyde123
cm6e7aumn
cm6e7aumn9
cmoney
cmpunk
cneltyn
cneltynrf
cnfcbr
cnfkrth
cnfybckfd
cnhfcnm
cnhfyybr
cnhjbntkm
cnhjqrf
cnhtktw
cnhtrjpf
cnjqrf
cnjvfnjkju
cntgfirf
cntgfy
cntgfyjd
cntgfyjdf
cnthdf
cnthdjxrf
cntkkf
coach
coach123
coaching
coastal
coastal1
coaster
coaster1
cobain
cobaka
cobalt
cobblers
cobra
cobra123
cobra427
cobras
coca-cola
cocacola
cocacola!
cocacola0
cocacola1
cocacola10
cocacola11
cocacola12
cocacola123
cocacola13
cocacola2
cocacola3
cocacola7
cocaina
cocaine
cocaine1
coccinella
coccinelle
coccodrillo
cochise
cochise1
cochon
cocker
cockroach
cocksucker
cocktail
cocktail1
cocky
coco1234
cocoa
cocoa123
cocobean
cocochanel
cococo
cocococo
cocodog
cocodrilo
cocolino
cocoliso
cocoloco
cocoloco1
cocomero
coconut
coconut1
coconut12
coconut123
coconut2
coconuts
coconuts1
cocoon
cocopops
cocopuff
cocopuff1
cocopuffs
cocopuffs1
cocorico
cocotte
cod12qw75rqyi59n
codeblue
codegeass
codelyoko
codeman
codeman1
codename
codename47
codered
codered1
codigo
codmw
cody1234
codybear
codybear1
codyboy
codyboy1
codycody
codydog
codydog1
coelho
coeur
coffee
coffee01
coffee11
coffee12
coffee123
coffee22
coffee4me
coffeecup
cogito
coglione
cognac
cognita
coheed
cohiba
coimbatore
coimbra
coincoin
cojones
cokacola
cokecoke
coklat
cokolada
colacola
colasisi
colby
colby123
colchester
coldbeer
coldfire
coldplay
coldplay1
coldwater
cole1234
coleen
colegio
coleman
coleman1
colette
colette1
colgate
colgate1
colibri
colima
colin
colin123
coline
collect
collect1
collection
collector
colleen
colleen1
college
college08
college09
college1
college123
college2
collette
collie
collier
collin
collin12
collingwood
collins
collins1
colnago
colocolo
colocolo1
cologne
colombe
colombia
colombia1
colombia10
colombia12
colombia2
colombiano
colombo
colonel
colonel1
colonia
colonial
colony
color
color123
colorado
colorado1
colorado12
colorado2
colores
colorful
colorguard
colors
colossus
colour
colours
colt1911
colten
colton
colton12
coltrane
coltrane1
colts
colts123
columbia
columbia1
columbo
columbus
columbus1
comanche
comanche1
comandante
comander
comando
comandos
combat
combat123654
combat18
comcast
comcast1
comcom
come2me
comeback
comedian
comedian1
comedy
comeer
comein
comeon
comeon11
comeon111
comer
comercial
comet
comet123
cometa
cometome
comets
comfort
comfort1
comics
comida
coming
command
command1
commander
commander1
commando
commando1
commandos
comment
commerce
commerce1
commercial
commodore
commodore1
common
common123
commons
commons21
commrades
communication
community
community1
compac
compact
company
company1
company123
compaq
compaq01
compaq11
compaq12
compaq123
compaq13
compaq6720
compass
compass1
compassion
complete
complete1
complex
complex1
complicate
complicated
composer
compound
compras
compton
compton1
compton13
compton310
compusa
computador
computadora
computer
computer!
computer.
computer0
computer01
computer1
computer10
computer11
computer12
computer123
computer13
computer2
computer20
computer21
computer22
computer23
computer3
computer4
computer5
computer6
computer69
computer7
computer8
computer9
computers
computers1
comrade
comrades
conair
conan
conan123
conard
concac
concepcion
concept
concept1
concert
concerto
concetta
concha
conchita
concon
concord
concord1
concorde
concorde1
concordia
concours
concrete
concrete1
condition
condo
condom
condor
condorito
coneja
conejita
conejito
conejo
confiance
confidence
confident
confident1
confidential
config
confirm
confirm1
confirmed
conflict
confused
confused1
confused2
confusion
congress
coniglio
conker
conman
connard
connect
connect1
connect123
connect2
connect4
connected
connecting
connection
connections
conner
conner12
conner123
connexion
connie
connie12
connie123
connolly
connor
connor01
connor02
connor03
connor04
connor05
connor06
connor07
connor08
connor10
connor11
connor12
connor123
connor13
connor99
conor
conpro
conpro73
conquer
conquest
conrad
console
constance
constance1
constance626boilard
constance626boilard1987
constant
constanta
constantin
constantine
constanza
construction
consuelo
consuelo1
consult
consultant
consulting
consumer
contact
contact1
contacts
contador
contender
content
contessa
contest
contest1
continental
continue
continue1
contour
contra
contract
contractor
contrase
contrase+a
contrasea
contrasena
contreras
contreras1
control
control1
control2
controle
controller
converse
converse1
converse12
convict
convict1
conway
coochie
coocoo
cookbook
cooker
cooki
cookie
cookie00
cookie01
cookie02
cookie06
cookie07
cookie08
cookie09
cookie10
cookie101
cookie11
cookie12
cookie123
cookie1234
cookie13
cookie14
cookie15
cookie16
cookie17
cookie18
cookie19
cookie20
cookie21
cookie22
cookie23
cookie24
cookie25
cookie33
cookie44
cookie45
cookie55
cookie69
cookie77
cookie88
cookie99
cookiemons
cookiemonster
cookies
cookies!
cookies.
cookies01
cookies1
cookies10
cookies101
cookies11
cookies12
cookies123
cookies13
cookies2
cookies22
cookies23
cookies3
cookies4
cookies5
cookies6
cookies7
cookies8
cookies9
cooking
cooking1
cool1234
cool12345
cool123456
cool4u
cool4you
coolbaby
coolbeans
coolbeans1
coolblue
coolboy
coolboy1
coolboy123
coolbreeze
coolbuddy
coolbuddy1
coolcat
coolcat1
coolcat12
coolcat123
coolcat2
coolcats
coolchick
coolchick1
coolcool
coolcool1
cooldog
cooldog1
cooldude
cooldude09
cooldude1
cooldude12
cooldude2
cooler
cooler12
cooler123
coolest
coolest1
cooley
coolgirl
coolgirl1
coolgirl12
coolguy
coolguy1
coolguy123
coolguy2
coolhand
coolie
cooling
coolio
coolio12
coolio123
coolkid
coolkid1
coolkid12
coolkid123
coolkid2
coolkids
coolkids1
coolman
coolman1
coolman12
coolman123
coolman2
coolme
coolness
coolness1
coolpix
coolwater
coolwhip
coondog
coondog1
cooool
cooper
cooper01
cooper06
cooper07
cooper08
cooper09
cooper10
cooper11
cooper12
cooper123
cooper13
cooper14
cooper21
cooper22
cooper23
cooper24
coopers
coors
coorslight
cooter
copacabana
copain
copeland
copeland1
copenhagen
copito
copper
copper01
copper11
copper12
copper123
copper22
copperhead
copycat
copyright
copyright1
coquelicot
coqueta
coquin
coquine
coquito
coracao
coral
coralie
coraline
corazon
corazon1
corazon12
corazon123
corazon2
corazoncito
corazones
corbin
cordelia
cordell
cordell1
cordell123
cordero
cordero1
cordoba
cordova
cordova1
core2duo
coregmedia
corentin
corey
corey123
corgan
corina
corine
corinna
corinna1
corinne
corinne1
corinthian
corinthians
corkey
corky
corleone
corleone1
cornbread
cornbread1
corncake
corncake21
corndog
corndog1
cornel
cornelia
cornelia1
cornelio
cornelis
cornelius
cornelius1
cornell
cornell1
corner
cornerstone
cornflake
cornflakes
cornhole
cornholio
cornwall
cornwall1
corolla
corolla1
corona
corona12
corona123
corona13
corona69
coronado
coronado1
coronel
corporal
corporate
corporation
corpse
corpus
corrado
corrado1
correa
correct
correia
correo
corrie
corrina
corrine
corrine1
corsa
corsair
corsica
corsica1
cortes
cortex
cortez
cortina
cortland
cortney
cortney1
corvette
corvette1
corvette2
corvette69
corwin
cosanostra
cosenza
cosette
cosimo
cosita
cosmic
cosmin
cosmo
cosmo123
cosmopolitan
cosmos
cosmos0901
cossie
costa
costantino
costanza
costarica
costarica1
costas
costel
costello
cosworth
cosworth1
cottage
cottage1
cotton
cotton12
cottoncand
cottoncandy
coucou
cougar
cougar12
cougars
cougars1
coumba
council
counselor
countdown
counter
counter1
counter123
counterstrike
country
country1
country12
country123
country2
countryboy
countrygir
countrygirl
county
countylib
couple
coupon
couponmom
coupons
coupons1
couponsc
couponsc10
courage
courage1
courage9
courier
court
court123
courtney
courtney!
courtney01
courtney1
courtney10
courtney11
courtney12
courtney13
courtney14
courtney16
courtney2
courtney22
courtney3
courtney4
courtney5
courtney6
courtney7
courtney8
courtney9
couscous
cousin
cousins
cousins1
couture
couture1
covenant
covenant1
coventry
coventry1
covergirl
covert
cowabunga
cowbell
cowboy
cowboy01
cowboy09
cowboy10
cowboy11
cowboy12
cowboy123
cowboy13
cowboy21
cowboy22
cowboy23
cowboy24
cowboy69
cowboy88
cowboys
cowboys!
cowboys#1
cowboys01
cowboys07
cowboys08
cowboys09
cowboys1
cowboys10
cowboys11
cowboys12
cowboys123
cowboys13
cowboys14
cowboys2
cowboys21
cowboys22
cowboys23
cowboys24
cowboys3
cowboys31
cowboys33
cowboys4
cowboys5
cowboys69
cowboys7
cowboys8
cowboys81
cowboys88
cowboys9
cowboyup
cowboyup1
cowboyz
cowboyz1
cowcow
cowgirl
cowgirl1
cowgirl2
cowgirls
cowgirlup
cowgirlup1
cowman
cowpie
coyote
coyotes
cozumel
cppzfrc
cppzfrc933
cr125r
cr1st1an
cr250r
cr2gubvmg
crabby
crabtree
crack
crack123
cracka
cracker
cracker1
cracker12
cracker123
cracker2
crackerjack
crackers
crackers1
crackhead
crackhead1
cracovia
cradle
cradle666
cradleoffilth
craft
crafter
crafts
crafty
craig
craig123
craiova
cranberry
cranberry1
crapaud
crapola
crapper
crapper1
crappie
crappy
crapule
crash
crash123
craven
crawfish
crawfish1
crawford
crawford1
crawling
crayola
crayola1
crayon
crayons
crayons1
crazy
crazy101
crazy111
crazy123
crazy1234
crazy4life
crazy4u
crazy4you
crazy666
crazy8s
crazyass
crazyass1
crazybitch
crazyboy
crazyboy1
crazycat
crazychick
crazydog
crazyfrog
crazyfrog1
crazygirl
crazygirl1
crazygirl2
crazygurl
crazygurl1
crazyhorse
crazykid
crazykid1
crazylady
crazylady1
crazylove
crazylove1
crazyman
crazyman1
crazyme
crazyone
crazzy
cre8tive
cream
cream123
creampie
creampuff
creamy
creat1ve
create
creatine
creation
creation1
creations
creative
creative1
creative12
creative123
creative2
creativity
creator
creator1
creature
creature1
credit
creed
creek
creep
creeper
creeper1
creepy
creole
creosote
crepusculo
crescent
crespo
cretin
cretino
crevette
crf250r
crf450r
crfprf
crhbgrf
cricket
cricket1
cricket11
cricket12
cricket123
cricket2
cricket7
cricketer
crickett
cricri
crime
criminal
criminal1
crimson
crimson1
crip4life
crippin
crippin1
crips
crisis
crispin
crispy
crissangel
crissy
cristal
cristal1
cristel
cristh
cristhian
cristi
cristian
cristian1
cristian12
cristiana
cristiane
cristiano
cristiano1
cristiano7
cristianor
cristianoronaldo
cristin
cristina
cristina1
cristina12
cristine
cristo
cristobal
cristofer
cristopher
cristovive
cristy
critical
critter
critter1
critters
crjhgbjy
crjhjcnm
crjnbyf
crkurrp
crkurrp954
croatia
croatia1
crochet
crockett
crocodil
crocodile
crocodile1
crocus
cromwell
cronaldo
cronaldo7
cronic
cronic420
cronin
cronos
croquette
crosby
crosby87
croskey
cross
cross123
crossbow
crosscountry
crossfire
crossfire1
crossover
crossroad
crossroads
crossword
crowbird
crowley
crown
crownvic
crownvic1
cruise
cruiser
cruiser1
crumpet
crunch
crunchie
crunchy
crunchy1
crunk
crusade
crusader
crusader1
crusaders
crusaders1
crush
crusher
crusher1
crusty
cruzazul
cruzazul1
cruzazul10
cruzeiro
crybaby
crybaby1
crying
crypto
crysis
crystal
crystal!
crystal01
crystal08
crystal09
crystal1
crystal10
crystal11
crystal12
crystal123
crystal13
crystal14
crystal16
crystal18
crystal2
crystal21
crystal22
crystal23
crystal3
crystal4
crystal5
crystal6
crystal69
crystal7
crystal8
crystal9
crystals
crystalsaga
cs123456
cs2huaulf
cshrc
csillag
cstrike
csyekz
csyjxtr
ctcnhf
ctcnhtyrf
ctdfcnjgjkm
cthlwt
ctht:f
cthtuf
cthulhu
cthutq
cthuttd
cthuttdbx
cthuttdf
cthuttdyf
ctrhtn
ctvtyjd
ctvtyjdf
cualquiera
cuatro
cubalibre
cuban
cubana
cubanita
cubanito
cubano
cubbie
cubbies
cubbies1
cubby
cubs1908
cubswin
cubswin1
cucaracha
cucciola
cucciolo
cuckoo
cucumber
cucumber1
cuddle
cuddles
cuddles1
cuddles12
cuddles123
cuddles2
cuenca
cuervo
cuevas
cuisine
culiacan
culiacan1
culinary
culinary1
culito
cullen
cultura
culture
culture1
cumberland
cumming
cummings
cummins
cummins1
cumshot
cunningham
cuntface
cuntface1
cuore
cuoricino
cupcake
cupcake!
cupcake.
cupcake01
cupcake09
cupcake1
cupcake10
cupcake101
cupcake11
cupcake12
cupcake123
cupcake13
cupcake14
cupcake15
cupcake2
cupcake21
cupcake22
cupcake23
cupcake24
cupcake3
cupcake4
cupcake5
cupcake6
cupcake69
cupcake7
cupcake8
cupcake9
cupcakes
cupcakes1
cupcakes12
cupid
cupido
cupidon
cupoftea
cuppycake
cuppycake1
curious
curious1
curitiba
curley
curling
curly
currency
current
current1
curry
curtains
curtis
curtis12
curtis123
custard
custard1
custer
custodio
custom
customer
customer1
customs
cute1234
cute4u
cute4you
cuteako
cuteako1
cuteangel
cutebaby
cuteboy
cuteboy1
cutecute
cutegirl
cutegirl1
cutegurl
cuteko
cuteme
cuteness
cuteness1
cutes
cutey
cuthbert
cutie
cutie101
cutie123
cutie1234
cutie4life
cutiegirl
cutiepie
cutiepie!
cutiepie01
cutiepie09
cutiepie1
cutiepie10
cutiepie11
cutiepie12
cutiepie13
cutiepie14
cutiepie2
cutiepie23
cutiepie3
cutiepie4
cutiepie5
cutiepie7
cutiepie9
cuties
cutify
cutlass
cutlass1
cutter
cuttie
cuttiepie
cuttiepie1
cvbcvb
cvbhyjd
cvbhyjdf
cvbncvbn
cvbnm
cvcvcv
cvetok
cvfqkbr
cvthnm
cvtifhbrb
cvzefh1gkc
cxd2x986x
cxdn8s
cxfcnkbdfz
cxfcnmt
cxfcnmttcnm
cxy831126
cxzcxz
cxzdsaewq
cyber
cyber123
cyberman
cybernet
cyberonline
cybershot
cyborg
cycle
cycling
cyclone
cyclone1
cyclones
cyclones1
cyclops
cyclops1
cyecvevhbr
cygnus
cygnusx
cygnusx1
cyjdsvujljv
cynthia
cynthia1
cynthia12
cynthia123
cynthia2
cypher
cypress
cypress1
cyprus
cyrano
cyrielle
cyril
cyrille
cyrus
cytuehjxrf
cytujdbr
cyy813zrvr
czarek
czarina
czarna
czarny
czekolada
czekolada1
czesio
czsxumtf
czz000000
czz123456
czz224466
d-block
d-money
d-x-m
d0023500
d00kie
d04081999
d0r1nc0urt
d1234567
d12345678
d123456789
d1amond
d1bd6bc58c1d74df41a957489c9942f
d1bd6bc58c1d74df41a957489c9942f5
d1d2d
d1d2d3d
d1d2d3d4
d1e234tp
d1i2m3a
d1i2m3a4
d1lakiss
d2-24e5r
d21lwz1zjs
d2itsr81jo
d2tqqn28tc
d2xyw89sxj
d41d8cd
d41d8cd98f
d41d8cd98f00
d41d8cd98f00b204e
d41d8cd98f00b204e980
d54p7xjkha
d54q7xjmhx
d68pyfuh2v
d6ug7epz
d71lwz9zjs
d7777777
d85lwz0zjs
d8cubaj2e
d9160847880
d9189498
d9zufqd92n
da123456
da1andonly
da1nonly
dabaddest
dabaddest1
dabears
dabears1
dabest
dabomb
daboss
dabulls
dachshund
dadada
dadadada
dadang
daddad
daddie
daddio
daddy
daddy'sgir
daddy101
daddy123
daddy1234
daddycool
daddygirl
daddygirl1
daddygirl2
daddygurl
daddygurl1
daddyo
daddys
daddysboy
daddysboy1
daddysgirl
daddysgurl
daddyyanke
daddyyankee
dadmom
dadounet
dadsgirl
dadsgirl1
daedae
daedalus
daemon
daewoo
daewoo65
daffodil
daffodil1
daffodils
daffy
daffyduck
daffyduck1
daftpunk
daftpunk1
dagestan
dagestan05
dagger
dagmar
dagmara
dagobert
dagreat
dagreat1
dagwood
dahlia
daiana
daidai
daili123com
daimler
dairymilk
daisey
daisies
daisuke
daisuke1
daisuki
daisy
daisy101
daisy123
daisy1234
daisydog
daisydog1
daisyduke
daisyduke1
daisygirl
daisymae
daisymae1
daisymay
daisymay1
daisys
dajana
dak0ta
dakine
daking
dakoda
dakota
dakota00
dakota01
dakota02
dakota03
dakota04
dakota05
dakota06
dakota07
dakota08
dakota09
dakota10
dakota11
dakota12
dakota123
dakota13
dakota14
dakota15
dakota21
dakota22
dakota23
dakota69
dakota98
dakota99
dakotah
dalailama
dalbas
dalbas73
dalejr
dalejr08
dalejr88
dalia
dalibor
dalida
dalila
dallas
dallas01
dallas05
dallas06
dallas07
dallas08
dallas09
dallas10
dallas11
dallas12
dallas123
dallas13
dallas14
dallas15
dallas21
dallas214
dallas22
dallas23
dallas24
dallas31
dallas33
dallas41
dallas69
dallas81
dallas88
dallas99
dallascowb
dallascowboys
dallastx
dalmata
dalmatian
dalmation
dalmation1
dalton
dalton01
dalton12
dalton123
damage
daman
damaris
damaris1
damascus
damdam
damian
damian01
damian11
damian12
damian123
damian13
damian666
damiano
damien
damien12
damien123
damien666
damilare
damilola
damilola1
damion
damir
damira.shagabutdinova
dammit
damned
damnit
damnyou
damola
damon
damon123
damsel
dan12345
dan1el
dan1elle
dan_cheb
dana1234
danadana
danang
dance
dance101
dance123
dance4ever
dance4life
dance4me
dance5678
dancedance
dancehall
dancer
dancer01
dancer07
dancer08
dancer09
dancer10
dancer101
dancer11
dancer12
dancer123
dancer13
dancer14
dancer15
dancer16
dancer17
dancer18
dancer21
dancer22
dancer23
dancer24
dancer87
dancer88
dancers
dancers1
dances
dancing
dancing1
dancing123
dancing2
dancingqueen
dandan
dandan123
dandandan
dandelion
dandy
danecook
danecook1
danelle
danette
dangelo
danger
danger12
danger123
dangermouse
dangerous
dangerous1
dangerous12
dani1234
dani3l
danial
danica
danidani
danie
daniel
daniel00
daniel007
daniel01
daniel02
daniel03
daniel04
daniel05
daniel06
daniel07
daniel08
daniel09
daniel10
daniel101
daniel11
daniel12
daniel123
daniel1234
daniel13
daniel14
daniel15
daniel16
daniel17
daniel18
daniel19
daniel1994
daniel20
daniel2000
daniel2007
daniel2008
daniel2009
daniel2010
daniel21
daniel22
daniel23
daniel24
daniel25
daniel26
daniel27
daniel28
daniel29
daniel30
daniel31
daniel33
daniel55
daniel69
daniel77
daniel82
daniel83
daniel84
daniel85
daniel86
daniel87
daniel88
daniel89
daniel90
daniel91
daniel92
daniel93
daniel94
daniel95
daniel96
daniel97
daniel98
daniel99
daniela
daniela.
daniela1
daniela10
daniela12
daniela123
daniela13
daniela2
daniele
daniele1
danielita
danielito
danielito1
daniell
daniella
daniella1
danielle
danielle!
danielle.
danielle01
danielle07
danielle08
danielle09
danielle1
danielle10
danielle11
danielle12
danielle123
danielle13
danielle14
danielle15
danielle16
danielle17
danielle18
danielle19
danielle2
danielle20
danielle21
danielle22
danielle23
danielle3
danielle4
danielle5
danielle6
danielle69
danielle7
danielle8
danielle9
daniels
daniels1
daniil
danijela
danika
danil
danil123
danila
danilka
danilo
danilov
danilova
danish
danita
daniyar
danman
danmark
danni
dannie
dannielle
danny
danny101
danny123
danny1234
dannyb
dannyboy
dannyboy1
dannys
danone
danser
dantdm
dante
dante123
dante666
dantes
dantheman
dantheman1
dantist
danuta
danville
danyel
danyelle
danzig
danzig666
daphne
dapper
daquan
darby
darcy
dardar
dardevilk
daredevil
daredevil1
darek
daria
darian
darien
darina
darinka
dario
darion
darius
darius12
darius123
darjeeling
dark1234
darkangel
darkangel1
darkangel2
darkangel6
darkblue
darkdark
darkdevil
darkdragon
darkelf
darker
darkfire
darkhorse
darkknight
darklight
darklight1
darklord
darklord1
darkman
darkman1
darkmanx
darkmaster
darkmoon
darkn3ss
darknes
darkness
darkness!
darkness0
darkness1
darkness11
darkness12
darkness13
darkness2
darkness3
darkness5
darkness6
darkness66
darkness7
darknight
darknight1
darko
darkone
darkone1
darkorbit
darkshadow
darkside
darkside1
darksoul
darkstar
darkstar1
darkwing
darkwolf
darla
darlene
darlene1
darlin
darling
darling1
darling123
darlington
darnell
darnell1
darragh
darrel
darrell
darrell1
darren
darren12
darren123
darrin
darrius
darrius1
darryl
darshan
darshana
dartagnan
darth
darthmaul
darthvader
dartmouth
darvin
darwin
darya
daryl
daryll
dasani
dascha
dasdas
dasdasdas
dasha
dasha123
dasha1996
dasha1998
dasha2010
dashadasha
dashawn
dashawn1
dashboard
dashboard1
dashenka
dasher
dashing
dashit
dashka
dashuta
dasilva
dastan
database
dateme
dates
dating
datnigga
datnigga1
datsun
datuna
daughter
daughter1
daughter2
daughters
daughters2
daughters3
daulet
dauphin
dauphine
dauphins
dauren
dave1234
davedave
davenport
davenport1
davey
david
david007
david101
david111
david123
david1234
david12345
david2000
david2006
david2007
david2008
david2009
david2010
david666
david777
davida
davidb
davidbeckham
davidbowie
davidc
davidd
daviddavid
davide
davidek
davidg
davidh
davidic
davidic1
davidj
davidk
davidka
davidl
davidlee
davidm
davido
davidoff
davidp
davidr
davids
davidson
davidson1
davidstrokov
davidt
davidvilla
davies
davila
davina
davinchi
davinci
davinci1
davion
davis
davis123
davon
dawgs
dawid
dawid123
dawidek
dawidek1
dawkins
dawkins20
dawood
dawson
daxter
dayana
dayanara
dayang
daybreak
daycare
daycare1
dayday
dayday12
dayday123
daydream
daydream1
daydreamer
daylight
daylight1
daysgrace
daytek
dayton
daytona
daytona1
daytona500
daywalker
daz3d
dazzle
dbityrf
dbjktnnf
dblock
dbnfkbq
dbnfkbr
dbnfkz
dbnzyxbr
dbrecz
dbrekz
dbrfdbrf
dbrnjh
dbrnjhbz
dbrnjhjdbx
dbrnjhjdyf
dbyjuhfl
dc123456
dcba4321
dcltabih
dcltabih01
dcshoes
dcshoes1
dctdjkjl
dctktyyfz
dctulf
dctvghbdtn
dcwdcw
dd123456
ddddd
dddddd
ddddddd
dddddddd
ddddddddd
dddddddddd
ddzj39cb
ddzj39cb3
ddzj49nb
ddzj49nb3
deacon
deaddead
deaddog
deadend
deadeye
deadfish
deadhead
deadhead1
deadline
deadlock
deadly
deadman
deadman1
deadman2
deadman8
deadmau
deadmau5
deadmeat
deadpool
deadpool1
deadspace
deadwood
deagle
dealer
deamon
deandre
deandre1
deangelo
deangelo1
deanna
deanna12
deanne
deano
dearbook
deardear
dearest
dearmama
death
death101
death123
death2all
death2u
death666
deathangel
deathcore
deathmetal
deathnote
deathnote1
deathnote2
deathrow
deathrow1
deaths
deathstar
deathstar1
deathtoall
deathwish
deathwish1
debbie
debbie01
debbie12
debbie123
debbie69
debby
debil
debora
deborah
deborah1
debra
debtfree
decade
decatur
decatur1
december
december01
december05
december06
december07
december08
december09
december1
december10
december11
december12
december13
december14
december15
december16
december17
december18
december19
december2
december20
december21
december22
december23
december24
december25
december26
december27
december28
december29
december3
december30
december31
december4
december5
december6
december7
december8
december9
decembre
decembrie
decent
deception
decker
declan
decode
dedamiwa
dedede
dededede
dedewang
dedicated
dedication
dedmoroz
deedee
deedee11
deedee12
deedee123
deedee13
deedeedee
deedeedee1
deejay
deepa
deepak
deepak123
deepali
deepblue
deeper
deepfrequency
deepika
deeppurple
deepsea
deepspace
deepspace9
deepthi
deepti
deere
deerhunt
deerhunt1
deerhunter
deerpark
deerpark1
deerslayer
deeter
deeter_1
deeven
deeznuts
deeznuts1
deeznutz
deeznutz1
default
default05
default1
default_password
defcon
defence
defender
defender1
defender101
defense
defense1
defiance
defiant
defiant1
defjam
defleppard
deftones
deftones1
degrassi
degrassi1
degree
deguzman
dehradun
dei3mutter
deicide
deicide666
deidara
deidre
deimos
deinemudda
deinemutter
deion
deirdre
deirjj
dejavu
dejesus
dekalb
delacruz
delacruz1
delaney
delaney1
delano
delapan
delarosa
delatorre
delaware
delaware1
delbert
delbert1
delboy
deleon
delete
delete123
deleted
deleted1
delfin
delfina
delfines
delfino
delgado
delgado1
delhi
delhi123
delia
delicia
delicious
delicious1
delight
delight1
delilah
delilah1
delima
delirium
delirium9111
deliver
delivered
delivery
dell1234
della
delldell
delldell1
delmar
deloitte
delonge
delorean
delores
delores1
delosreyes
delphi
delphin
delphine
delphine1
delpiero
delpiero10
delrosario
delsol
delta
delta123
deltaforce
deltas
deluge
deluxe
delvalle
demain
demarco
demarcus
demarcus1
demarrer
demayo
dembel
demented
dementia
dementor
demeter
demetra
demetria
demetrio
demetrius
demetrius1
demian
demilovato
democrat
demola
demolay
demolition
demon
demon123
demon1234
demon12345
demon1q2w3e
demon1q2w3e4r
demon1q2w3e4r5t
demon666
demond
demonhunter
demonic
demonic1
demonio
demons
demonyo
dempsey
dempsey1
den1ks
den1ska
den221991
denali
denden
deneme
denhaag
denice
denied
denilson
deniro
denis
denis123
denis1991
denis1992
denis1994
denis1995
denis1996
denis1997
denis1998
denis_nazarenko
denisa
denisdenis
denise
denise01
denise07
denise08
denise09
denise10
denise11
denise12
denise123
denise13
denise14
denise15
denise18
denise21
denise22
denise23
denise69
deniska
denisov
deniss
denisse
denisse1
deniz
denizli
denmark
denmark1
dennis
dennis01
dennis10
dennis11
dennis12
dennis123
dennis13
dennis22
dennis23
denny
dennys
denpasar
dental
dentist
dentist1
dentista
denton
denver
denver07
denver12
denver123
denver15
denver303
denya
denya2531914
denzel
denzil
deonte
depeche
depeche1
depeche101
depechemode
deportivo
depressed
depressed1
depression
deputy
derbeder
derby
derder
derecho
dereck
derector
derector-85
derek
derek123
derekjeter
derevo
derfderf
derful
derick
derp12!@
derparol
derrick
derrick1
derrick12
derrick123
derrick2
desadesa
desant
descartes
descent
desdemona
desdes
desember
desert
desertrose
deshaun
deshaun1
deshawn
deshawn1
desiderata
desiderio
design
design123
designdeal
designer
designer1
designs
desirae
desirae1
desire
desiree
desiree1
desiree12
desiree123
desiree2
deskjet
deskjet1
desktop
desktop1
desmond
desmond1
desmond123
desperado
desperado1
desperados
desperate
dessert
dessie
destin
destination
destinee
destinee1
destiney
destiney1
destini
destini1
destino
destiny
destiny!
destiny.
destiny01
destiny02
destiny04
destiny05
destiny06
destiny07
destiny08
destiny09
destiny1
destiny10
destiny11
destiny12
destiny123
destiny13
destiny14
destiny15
destiny2
destiny21
destiny22
destiny23
destiny3
destiny4
destiny5
destiny6
destiny69
destiny7
destiny8
destiny9
destiny99
destroy
destroy1
destroyer
destroyer1
destruction
details
detective
detective1
determination
determined
dethklok
dethklok1
detroit
detroit1
detroit12
detroit2
detroit3
detroit313
detroit7
deuce
deuseamor
deusefiel
deusex
deutsch
deutsch1
deutschlan
deutschland
devan
devante
devante1
devastator
devdas
develop
developer
development
devendra
devera
device
devika
devil
devil123
devil666
devilboy
devildog
devildog1
devildriver
devilish
devilish1
deviljin
deville
devilman
devilman1
devilmaycr
devilmaycry
devilmaycry4
devils
devilz
devin
devin123
devina
devine
devious
devious1
devlin
devochka
devon
devon123
devonte
devonte1
devotion
dewalt
dewayne
dewayne1
dewdrop
dewey
dewitt
dexter
dexter01
dexter10
dexter11
dexter12
dexter123
dexter13
dexter21
dexter22
deyanira
dezember
dezembro
dfa72dfj
dfaeff
dfaeff34232
dfasnewa
dfcbkbcf
dfcbkbq
dfcbkmtd
dfcbkmtdf
dfcbktr
dfcmrf
dfczcghjcbnm
dfczdfcz
dfdbkjy
dfdfdf
dfg5fhg5vgfh
dfg5fhg5vgfh1
dfgdfg
dfgdfgdfg
dfghjc
dfghjk
dfghjkl
dfhdfhf
dfhtybr
dfkmrbhbz
dfkthbq
dfkthbz
dfkthf
dfktyjr
dfktynby
dfktynbyf
dfktynbyrf
dflbvrf
dfvgbh
dfy.if
dfymrf
dfytxrf
dg123456
dgf68yg
dgkallday
dgkallday1
dgonni
dgonni86
dhananjay
dhanya
dharma
dheeraj
dhillon
dhiraj
dhjnvytyjub
dhtlbyf
diabetes
diabetes1
diable
diablo
diablo01
diablo11
diablo12
diablo123
diablo13
diablo22
diablo666
diablo69
diablos
diabolik
diabolika
diabolo
diadora
diallo
dialog
diamant
diamante
diamante1
diamond
diamond!
diamond.
diamond01
diamond06
diamond07
diamond08
diamond09
diamond1
diamond10
diamond11
diamond12
diamond123
diamond13
diamond14
diamond15
diamond16
diamond17
diamond18
diamond2
diamond21
diamond22
diamond23
diamond24
diamond3
diamond4
diamond5
diamond6
diamond69
diamond7
diamond8
diamond9
diamonds
diamonds1
diamonds12
diamonds2
diana
diana123
diana1998
dianaa
dianadiana
dianas
diandra
diane
diane123
dianita
dianita1
diank
diank123
dianka
dianna
dianne
dianochka
dianochka1924
diaper
diapers
diarra
diavolo
dibble
dicembre
diciembre
diciembre1
diciembre2
dick1234
dickdick
dickens
dickens1
dicker
dickey
dickface
dickface1
dickhead
dickhead1
dickhead12
dickhead2
dickhead69
dickie
dickies
dickies1
dickinson
dicks
dickson
dicksucker
dickweed
dickweed1
dicky
dictionary
diddle
diddlina
diddy
dididi
didididi
didier
didine
didou
diebitch
diebitch1
diedie
diediedie
diego
diego123
diegos
dieguito
diehard
diehard1
diesel
diesel01
diesel11
diesel12
diesel123
diesel69
dietcoke
dietcoke1
dieter
dietpepsi
dietpepsi1
dietrich
dieumerci
different
different1
difficult
digger
digger12
diggler
digimon
digimon1
digimon123
digital
digital1
digital123
dignity
dikoalam
diksha
dilara
dilbert
dilbert1
dildil
dildo
dilemma
diletta
dillan
diller
dilligaf
dilligaf1
dillinger
dillion
dillion1
dillon
dillon01
dillon11
dillon12
dillon123
dilshod
dima1234
dima12345
dima1984
dima1986
dima1987
dima1988
dima1989
dima1990
dima1991
dima1992
dima199219921
dima1993
dima1994
dima1995
dima1996
dima1997
dima1998
dima1999
dima2000
dima2002
dima2009
dima2010
dima35360
dimabilan
dimadima
dimafilippov
dimanche
dimapet
dimapet09
dimaraja
dimarik
dimas
dimas34rus
dimasik
dimastic
dimdim
dimebag
dimebag1
dimension
dimension1
dimepiece
dimepiece1
dimitr
dimitr692010
dimitri
dimitri1
dimitris
dimlimonov
dimmuborgir
dimo4ka
dimochka
dimok
dimok091
dimon
dimond
dimple
dimples
dimples1
dimples2
dimulya.vasilenko
dinadina
dinamit
dinamita
dinamo
dinara
dindin
dindon
dinero
dinesh
dinesh123
dingbat
dingbat1
dingding
dingdong
dingdong1
dinger
dingle
dingo
dingo123
dingus
dinheiro
dinky
dinmamma
dinmamma1
dinner
dino1234
dinodino
dinosaur
dinosaur1
dinosaurio
dinosaurs
dinosaurus
dinozavr
diocane
diogenes
diogo
diogo123
dionis
dionisio
dionne
diosesamor
diosesfiel
diosmeama
diosmio
diosteama
diosteamo
dipali
dipika
diplom
diploma
diplomat
diplomat1
diplomats
diplomats1
dipper
dipset
dipset12
dipset123
dipset23
dipshit
dipshit1
dipstick
dipstick1
direct
direction
director
director1
direito
direktor
direngrey
dirtbag
dirtbag1
dirtbike
dirtbike1
dirtbike12
dirtbike2
dirtbike7
dirtbiker
dirtbiker1
dirtbikes
dirtbikes1
dirty
dirty123
dirtydog
dirtysouth
disaster
disaster1
disciple
disciple1
discipline
disco
disco123
discount
discover
discover1
discovery
discovery1
discreet
discus
dishant
disney
disney01
disney07
disney08
disney10
disney11
disney12
disney123
disney13
disney22
disney365
disney411
disneyland
disorder
dispatch
dispatch1
display
distance
disturbed
disturbed1
disturbed2
ditto
diva1234
diva4life
divadiva
divagirl
divagirl1
diver
divers
diversion
diversity
divina
divine
diving
divinity
divino
division
division1
divorce
divorce1
divorce2
divorced
divorced1
divya
diwtgm
diwtgm8492
dixie
dixie123
dixiedog
dixiedog1
dixon
dizzle
dizzy
dizzy123
dj123456
dj4life
djamel
djamila
django
djdjdj
djdjfedor
djdjxrf
djdxbr
djedenhit
djembe
djerba
djeter
djghjc
djhjyf
djhjyf010
djhvbrc
djibouti
djibril
djkjlz
djkrjd
djkrjdf
djkrjlfd
djkujuhfl
djkxbwf
djljktq
djmaikl
djmaikl86
djon.net
djtatko
djtiesto
dk2cidp
dkair8dda
dkflbckfd
dkflbckfdf
dkflbdjcnjr
dkflbr
dkflbvbh
dkflbvbhjdbx
dkflbvbhjdyf
dkssud
dkssud12
dkxjizc
dkxjizc282
dlfaor
dlfaor09
dlnvhvu
dlnvhvu492
dmband
dmedcn23sd
dmitri
dmitriev
dmitrii
dmitrii-skargo
dmitrij
dmitrij.mironov
dmitrij.mironov2014
dmitriy
dmitry
dmoney
dmsgk
dmsgk0103
dmwdmw
dnangel
dnflwlq
dnina
dnina666
dnstuff
dnwch
dobber
doberman
doberman1
dobermann
docdoc
docent
dochka
docinho
docker
dockers
docrafts
docteur
doctor
doctor12
doctor123
doctorwho
doctorwho1
document
dodge
dodge123
dodge1500
dodge2500
dodger
dodgeram
dodgeram1
dodgers
dodgers1
dodgers11
dodgers12
dodgers123
dodgers13
dodgers2
dodgers3
dodgers5
dodgers99
dodges
dodgeviper
dododo
dodododo
dodong
doeboy
dog12345
dog123456
dog4life
dogbert
dogbone
dogbone1
dogboy
dogbreath
dogbreath1
dogcat
dogdog
dogdogdog
dogeatdog
dogface
dogface1
dogfight
dogfish
dogfood
dogfood1
dogger
doggie
doggie12
doggie123
doggies
doggies1
doggies2
doggone
doggy
doggy123
doggydog
doggydog1
doggys
doggystyle
doghouse
doghouse1
doglover
doglover1
dogma
dogman
dogmeat
dognight
dogpound
dogpound1
dogs1234
dogshit
dogshit1
dogsrule
dogsrule1
dogstar
dogtown
dogtown1
dogwood
dogwood1
doherty
doitnow
dok74rus
dokken
doktor
dolapo
dolce
dolcevita
dolemite
dolfijn
dolfin
dolgushina
dolgushina.76
dolina
dollar
dollar123
dollarbill
dollarking
dollarking5
dollars
dollars1
dollbaby
dollface
dollface1
dollhouse
dollie
dolly
dolly123
dolores
dolores1
dolphin
dolphin!
dolphin01
dolphin1
dolphin10
dolphin11
dolphin12
dolphin123
dolphin13
dolphin2
dolphin21
dolphin22
dolphin23
dolphin3
dolphin4
dolphin5
dolphin6
dolphin69
dolphin7
dolphin8
dolphin9
dolphine
dolphins
dolphins!
dolphins1
dolphins12
dolphins13
dolphins2
dolphins3
dolphins7
domain
domain123
domani
domdom
domenic
domenica
domenico
domina
dominate
domination
dominator
dominator1
dominga
domingo
domingo1
domingos
dominguez
dominguez1
domini
dominic
dominic1
dominic12
dominic123
dominic2
dominic3
dominic5
dominic7
dominica
dominican
dominican1
dominican2
dominicana
dominicano
dominick
dominick1
dominik
dominik1
dominik123
dominika
dominika1
dominion
dominion1
dominique
dominique1
dominique2
domino
domino11
domino12
domino123
dominos
dominos1
dominus
don12345
donald
donald01
donald12
donald123
donald356
donaldduck
donatella
donatello
donato
donavan
donavan1
donbosco
doncaster
dondon
donegal
dongdong
donita
donjuan
donjuan1
donkey
donkey11
donkey12
donkey123
donkey69
donkeykong
donkeys
donna
donna123
donnas
donnell
donnell1
donnelly
donner
donnie
donny
donomar
donomar1
donotenter
donovan
donovan1
donskihv
donsun
donsun123
dont4get
dontae
dontask
dontcare
dontcare1
donte
dontforget
donthate
donthate1
dontknow
dontknow1
donttouch
dontworry
donut
donuts
donvito
donvito1
doobie
doodah
doodie
doodle
doodle12
doodle123
doodlebug
doodlebug1
doodles
doodles1
doodoo
doofus
doogie
dookenr
dookenr1
dookie
dooley
doolittle
doomdoom
doomed
doomsayer.2.7mords.v
doomsayer.2.7mords.vv
doomsday
doomsday1
doorbell
doordie
doorknob
doorknob1
doors
doorsdown
doozer
dopeboy
dopeboy1
dopeman
dopeman1
dopey
dorado
doradora
doraemon
doraemon1
dorcas
doreen
doremi
doremi123
doremifa
doremon
dorian
doriane
dorina
dorine
doris
doris123
dorita
doritos
doritos1
dorky
doroga
dorota
dorotea
dorothea
dorothee
dorothy
dorothy1
dorothy2
dorotka
dorsey
dortmund
dortmund09
dortmund1
dossantos
dotcom
dotdot
dothedew
dothedew1
dotnet
dottie
dottore
dotty
double
double07
doubled
doubled1
doublej
douche
douchebag
douchebag1
doudou
doudoune
dougal
doughboy
doughboy1
doughnut
doughnut1
dougie
douglas
douglas1
douglas12
douglas123
douglas2
douglass
dounia
doutdes
dovbeshkosushova
dovbeshkosushova.1972
dowitcher
down4life
downey
downhill
downhill1
download
download1
downloads
downtown
downtown1
downunder
dozer
dozer123
dpbk1234
dpetrucco
dpetrucco2
dr.dre
dr.karaul
dr.pepper
dr0wssap
dr4g0n
dr4life
drache
drachen
draco
dracon
draconis
dracula
dracula1
drag0n
dragan
dragana
dragao
drago
dragon
dragon00
dragon007
dragon01
dragon02
dragon05
dragon06
dragon07
dragon08
dragon09
dragon10
dragon100
dragon101
dragon11
dragon12
dragon123
dragon1234
dragon13
dragon14
dragon15
dragon16
dragon17
dragon18
dragon19
dragon20
dragon2000
dragon21
dragon22
dragon23
dragon24
dragon25
dragon26
dragon27
dragon28
dragon30
dragon31
dragon32
dragon33
dragon34
dragon42
dragon420
dragon44
dragon45
dragon52
dragon55
dragon56
dragon64
dragon66
dragon666
dragon67
dragon69
dragon75
dragon76
dragon77
dragon777
dragon78
dragon79
dragon81
dragon82
dragon83
dragon84
dragon85
dragon86
dragon87
dragon88
dragon89
dragon90
dragon91
dragon92
dragon93
dragon94
dragon95
dragon96
dragon97
dragon98
dragon99
dragonage
dragonbal
dragonbal1
dragonball
dragonball1
dragonballgt
dragonballz
dragonballz1
dragone
dragones
dragonfable
dragonfire
dragonfly
dragonfly1
dragonfly2
dragonfly3
dragonfly7
dragonforce
dragonheart
dragonite
dragonking
dragonlady
dragonlance
dragonlord
dragonman
dragonmaster
dragons
dragons1
dragons11
dragons12
dragons123
dragons13
dragons2
dragons3
dragons5
dragons7
dragonslayer
dragonz
dragoon
dragoon1
dragos
dragoste
dragoste123
dragrace
dragstar
dragster
dragster1
drake
drake123
draken
drakon
drakula
drama
drama101
drama123
dramaqueen
drandreb
dranzer
draper
draven
dravid
drawing
dread
dreads
dream
dream123
dreambig
dreambig1
dreamboy
dreamcast
dreamcast1
dreamcatcher
dreamer
dreamer1
dreamer12
dreamer123
dreamer13
dreamer2
dreamer3
dreamer7
dreamer8
dreamers
dreamgirl
dreamgirl1
dreaming
dreaming1
dreamland
dreamon
dreamon1
dreams
dreams12
dreams123
dreamteam
dreamteam1
dreamtheater
dreamweaver
dreamworld
dreamy
dreamz
dreday
dredre
dresden
dresden1
dressage
dressup
drevil
drew1234
drewdrew
drexel
drift
drifter
drifter1
drifting
driftking
driftking1
driftwood
driller
drilling
drink
drink7up
drinking
drinking1
drinks
dripik
drive
driven
driver
driving
drizzt
drjynfrnt
drm199019902323
drogba
drogba11
droopy
dropdead
dropdead1
dropkick
drowssap
drowssap1
drowssap12
drowssap2
drozdovaksusha
drpepper
drpepper1
drpepper12
drpepper2
drpepper23
drpepper3
drpepper7
drugfree
drugs
drugsty
drumandbass
drumer
drumline
drumline1
drummer
drummer1
drummer12
drummer123
drummer2
drummer3
drummer7
drummerboy
drummers
drumming
drummond
drumnbass
drumnbass1
drums
drums123
drumset
drumset1
drumstick
drunk
drunken
drywall
drywall1
ds123456
dsadsa
dsadsadsa
dsdsds
dsk4r9bskh
dsmvssq
dsmvssq955
dsmwssr
dsmwssr955
dt123456
dthjxrf
dthjybrf
dthjybxrf
dthyjcnm
dtkjcbgtl
dtlmvf
dtown
dtown214
dtxyjcnm
dtythf
duality
duane
duarte
dubai
dubai123
dublin
dublin16
dublin22
dubois
dubstep
ducados
ducati
ducati1098
ducati748
ducati916
ducati996
ducati999
duchess
duchess1
duchesse
duckduck
duckduck1
duckhunter
duckie
duckies
duckies1
duckling
duckman
duckman1
ducks
ducky
ducky123
dud_1995
dude1234
dudedude
dudedude1
dudeman
dudeman1
dudes
dudette
dudinha
dudley
dududu
dudule
duece
duende
duffbeer
duffer
duffman
duffy
dugong
duhast
duhduh
duisburg
duke1234
duke3d
dukedog
dukedog1
dukeduke
dukenukem
dukes
dukester
dulce
dulce123
dulcemaria
dulcinea
duluth
dumass
dumb2live
dumbass
dumbass!
dumbass1
dumbass123
dumbass2
dumbbitch
dumbbitch1
dumbdumb
dumbfuck
dumbfuck1
dumbledore
dumbo
dumbshit
dumbshit1
dumdum
dumitru
dummies
dummy
dummy123
dumnezeu
dumpling
dumpster
dunamis
dunbar
duncan
duncan12
duncan123
duncan21
dundee
dune2000
dungeon
dungeon1
dunhill
dunkin
dunlop
dunno
dupa1234
dupablada
dupadupa
dupadupa1
dupeczka
dupont
dupont24
duracell
duramax
duran
durand
duranduran
durango
durango1
durant
durant35
durban
durham
durian
duskolyan
duster
dustin
dustin01
dustin11
dustin12
dustin123
dustin13
dustin14
dustin23
dustin69
dusty
dusty123
dustydog
dustydog1
dutch
dutches
dutches1
dutchess
dutchess1
dutchman
duval
duval904
dvddvd
dvorak
dwade
dwayne
dwight
dylan
dylan123
dylandog
dylans
dymkovpavel
dynamic
dynamic1
dynamite
dynamite1
dynamo
dynasty
dynasty1
dynomite
dziubek
dzxtckfd
e-eremeeva
e-eremeeva1976
e-mail
e.ovcharova
e10adc3949ba59abbe
e10adc3949ba59abbe56
e1234567
e12345678
e123456789
e123e
e2w1q
e2yfp41b
e3e3e
e3r4t5y
e3r4t5y6
e3w2q
e4r5t
e4r5t6y
e5fhxkqibw
e65r82kni
e65r82kni2
e65r82mnj
e65r82mnj2
e65r82mpj
e65r82mpj2
e6pz84qfcj
e7yvsskj
e8szn4e5zc
e9lnk3fc
e9lnk3fco
e_dovich
eadgbe
eager
eagle
eagle123
eagleeye
eagleone
eagles
eagles01
eagles05
eagles06
eagles07
eagles08
eagles09
eagles10
eagles11
eagles12
eagles123
eagles13
eagles14
eagles15
eagles20
eagles21
eagles22
eagles23
eagles24
eagles25
eagles33
eagles36
eagles69
eagles81
eagles99
ealtd3y4y
eanovozhilov
earnest
earnhardt
earnhardt3
earnhardt8
earth
earth123
earthquake
easier
east1999
eastcoast
eastcoast1
eastenders
easter
eastern
eastern1
easton
eastpak
eastside
eastside02
eastside1
eastside12
eastside13
eastside14
eastside2
eastside21
eastside23
eastside3
eastside4
eastside5
eastside6
eastwest
eastwood
eastwood1
easy1234
easyas
easyas123
easyeasy
easymoney
easyrider
easyspiro
easytocrack
easytocrack1
eatadick
eating
eatme
eatme123
eatmenow
eatmyshorts
eatpussy
eatpussy1
eatpussy69
eatshit
eatshit!
eatshit1
eatshit2
eatshit69
eazy-e
eazye
ebeans
ebenezer
ebony
ebony123
ecapsym
ecapsym1
ecaterina
echelon
echizen
echizen18
echoecho
echoes
eclair
eclipse
eclipse1
eclipse2
eclipse3
eclipse7
eclipse99
ecology
economia
economic
economics
economist
ecstasy
ecuador
ecuador1
ecureuil
ed123456
edalwin
edalwin12
edberg
edc4rfv
edcrfv
edcvfr
eddie
eddie123
eddies
ededed
edelweiss
edgar
edgar123
edgard
edgardo
edgardo1
edgewood
edhardy
edhardy1
edifier
edinburgh
edinburgh1
edison
edith
edition
editor
ediz27v1kq
edmond
edmonton
edmonton1
edmund
edmundo
edoardo
edouard
eduard
eduarda
eduardito
eduardo
eduardo1
eduardo10
eduardo12
eduardo123
eduardo13
eduardo2
educate
education
education1
edvard
edward
edward01
edward08
edward09
edward10
edward101
edward11
edward12
edward123
edward1234
edward13
edward14
edward15
edward16
edward17
edward18
edward1901
edward21
edward22
edward23
edward24
edward25
edward69
edwardcull
edwardcullen
edwardo
edwards
edwards1
edwards99
edwige
edwin
edwin123
edwina
edxk20qmfs
ee19920528
eeeee
eeeeee
eeeeeee
eeeeeeee
eeeeeeeeee
eeyore
eeyore12
eeyore123
effect
efimkin_igor
efnesonline
efrain
efsane
egghead
egghead1
eggman
eggnog
eggplant
eggplant1
eggroll
eggroll1
egipto
egitto
egoist
egor.vasilin
egorka
egorov
egorov_maxim
egorova
egshm
egypt
egypte
egyptian
eh1k9oh
eh1k9oh335
ehd1ixi1y
ehdgnl
ehdgnl12
ehlb3c18tw
ehlbctw
ei33a
eiffel
eiffel65
eight
eight888
eightball
eightball1
eightball8
eighteen
eighteen18
eighty
eiknon
eiknon11
eileen
eindhoven
einstein
einstein1
eintracht
eistee
eitaeita
ekaterina
ekbnrf
ekmzyf
ekx1x3k9bs
el1zabeth
elaina
elaine
elaine01
elaine12
elaine123
elamor
elanor
elantra
elbarto
elbereth
elbert
elcamino
elcamino1
elcubano1893a
eldiablo
eldorado
eldorado1
eleanor
eleanor1
eleazar
electra
electra1
electric
electric1
electrical
electrician
electro
electro1
electron
electronic
electronica
electronics
elefant
elefant1
elefante
elefante1
elegance
elegant
elektra
elektra1
elektrik
elektro
elektro73
element
element!
element.
element0
element1
element11
element12
element123
element13
element14
element2
element3
element4
element5
element6
element69
element7
element8
element9
elemental
elemental1
elementary
elements
elements1
elena
elena123
elena2010
elenaelena
elenanesterova
elenas
elenberg
elendil
elenita
elenka
elensobko
elenst
elenst14
eleonor
eleonora
eleonore
elephant
elephant!
elephant1
elephant11
elephant12
elephant123
elephant2
elephant3
elephant5
elephant7
elephants
elephants1
elessar
elettra
elevation
elevator
eleven
eleven11
elfenlied
elfriede
elgato
elgordo
elguapo
eliana
eliane
elias
elias123
elie3173
elieli
eliezer
elijah
elijah01
elijah03
elijah04
elijah05
elijah06
elijah07
elijah08
elijah09
elijah10
elijah11
elijah12
elijah123
elijah13
elijah23
elina
elinor
eliott
elisa
elisa123
elisabet
elisabeth
elisabeth1
elisabetta
elise
elise123
eliseo
elisha
eliska
elissa
elit-centr.com.ua
elite
elite123
elixir
eliza
eliza123
elizabet
elizabeth
elizabeth!
elizabeth.
elizabeth0
elizabeth1
elizabeth12
elizabeth123
elizabeth2
elizabeth3
elizabeth4
elizabeth5
elizabeth6
elizabeth7
elizabeth8
elizabeth9
elizaveta
eljefe
ellabella
ellabella1
ellada
ellaine
ellamae
ellarose
ellehcim
ellen
ellen123
ellie
ellie123
elliemae
elliemae1
elliemay
elliot
elliott
elliott1
ellipsis
ellis
ellison
ellobo
elloco
elmatador
elmejor
elmejor1
elmer
elmira
elmo1234
elmoelmo
elmwood
elnegro
elnegro1
elnene
elnino
elnumero
elnumero1
elocin
elodie
eloelo
elohim
eloisa
eloise
elpapi
elpaso
elrey
elrond
elsalvador
elshadai
elshaddai
elsie
eltigre
elton
eltonjohn
eltoro
elunico
elvin
elvina
elvira
elvira198927
elvis
elvis123
elvis1977
elvislives
elvisp
elvispresley
elviss
elway
elwood
elwooo
elynca
elynca96
elyssa
elzbieta
emachine
emachine1
emachines
emachines1
emachines2
email
email123
emailonly
emanon
emanuel
emanuel1
emanuela
emanuele
embassy
embassy1
embrace
emelec
emelia
emelie
emeline
emerald
emerald1
emerald7
emeralds
emeraude
emergency
emergency1
emerica
emerica1
emerica2
emerson
emerson1
emery
emilee
emilia
emiliana
emiliano
emiliano1
emilie
emilien
emilio
emilka
emilly
emily
emily101
emily123
emily1234
emily2005
emilyann
emilyrose
emilys
emin3m
eminem
eminem01
eminem10
eminem11
eminem12
eminem123
eminem1234
eminem13
eminem14
eminem15
eminem17
eminem21
eminem22
eminem23
eminem313
eminem69
eminem88
eminemd
eminemd12
emirates
emirhan
emma1234
emma2000
emma2003
emma2004
emma2005
emma2006
emma2007
emma2008
emma2009
emma2010
emmaemma
emmagrace
emmagrace1
emmajane
emmajean
emmalee
emmalee1
emmalou
emmalou1
emmalouise
emmanuel
emmanuel1
emmanuel12
emmanuel123
emmanuel2
emmanuel7
emmanuella
emmanuelle
emmarose
emmarose1
emmawatson
emmett
emmie
emmitt
emmitt22
emmylou
emo4ever
emo4life
emo_limonad
emoboy
emocore
emoemo
emogirl
emogirl1
emogurl
emokid
emokid123
emolove
emolove1
emolover
emoney
emopunk
emopunk1
emotion
emotion1
emotional
emotional1
emotions
emperador
emperor
emperor1
empire
empires
emploi
employment
emporio
emprego
empress
empress1
empty
empulgara
emreemre
emyeuanh
en3dwdxpi
enamorada
enamorada1
enamorado
encarta
enchanted
encore
encounter
encule
enculer
encyclopedia
endeavour
ender
endless
endless1
endlesslove
endurance
enduro
enemy
energia
energie
energizer
energizer1
energy
energy123
energystar
enfant
enfants
enfermagem
enfermera
enfield
enforcer
engage
engel
engel00007
engelchen
engelchen1
engenharia
engine
engineer
engineer1
engineering
england
england1
england10
england12
england123
england2
england66
england7
english
english1
english12
english123
english2
english3
enigma
eniola
enjoi
enjoy
enjoylife
enocnayr
enomis
enough
enrica
enrico
enrique
enrique1
enrique123
enriquez
ensemble
ensenada
enteng
enter
enter123
enterme
enternow
enterprise
enterprise1
enters
entertainment
entrada
entrance
entrar
entropy
entu6ea64h
envelope
environment
envision
envision1
enyvbuois
enzyme
eoce59cl9u
ephraim
epiphany
epiphone
epiphone1
episode
episode1
epsilon
epsilon1
epson
eqes606898
equilibrium
equinox
equinox1
equity
equitydev
er2sizo
er2sizo241
eragon
eragon123
eraser
erasmus
erast
erast.82
erasure
ercole
erdbeere
erdfcv
erection
eremei_vasechkin
erenity
ererer
erevan
erfolg
erhfbyf
eric1234
erica
erica123
ericeric
erick
erick123
erick1234
ericka
erickson
ericson
ericsson
ericsson1
erika
erika123
erikas
erikerik
erikson
erine
eritrea
erlan
erlinda
ermakova
ernest
ernest97
ernestina
ernestine
ernesto
ernesto1
ernestsantikov
ernie
ernie123
erofka
erotic
erotica
eroticy
errereer
erreway
error
ersatz
ersrule
ertert
ertyui
ervin
erwann
erwin
eryyv
eryyv588
erzurum
escada
escaflowne
escalade
escalade1
escalante
escape
escapethef
escargot
escobar
escobar1
escola
escondido
escorpiao
escorpio
escorpion
escorpion1
escort
escuela
esenin
esercito
esidez
esidez57
eskimo
esmeralda
esmeralda1
esmeralda2
esoteric
espace
espada
espagne
espana
espanha
espanol
especial
espejo
esperanca
esperance
esperanto
esperanza
esperanza1
espero
espinosa
espinoza
espinoza1
espiritu
espoir
esponja
esposito
espresso
esprit
esqueci
esquire
essence
essence1
essendon
essendon1
essential
establish
estate
esteban
esteban1
esteem
estefani
estefania
estefania1
estefany
estela
estella
estella1
estelle
estelle1
ester
estetica
esther
esther12
esther123
estonia
estopa
estrada
estrada1
estrela
estrela1
estrelas
estrelinha
estrella
estrella1
estrella10
estrella12
estrella13
estrella2
estrella5
estrella7
estrellas
estrellita
estudante
estudiante
estudio
estupida
estupido
eszter
eternal
eternal1
eternel
eternity
eternity1
ethan
ethan123
ethanryan
ethanryan01
ethel
ethernet
ethiopia
ethiopia1
etienne
etienne1
etnies
etnxtxsa
etnxtxsa65
etoile
etoiles
etravelmoleoptin
ettore
euamojesus
euclid
eudlekb
eudlekb645
eueueu
eugene
eugene12
eugenia
eugenia1
eugenie
eugenio
eulalia
eumeamo
eumesma
eumesmo
eunice
euphoria
eureka
euro2008
euro2012
eurogunz
euronics
europa
europe
eusebio
eusitu
euskadi
euteamo
euzinha
evaeva
evamaria
evanescenc
evanescence
evangelina
evangeline
evangelion
evangelist
evans
evaristo
evasion
evelin
evelina
eveline
evelyn
evelyn12
evelyn123
evelyne
evenflow
events
everafter
everclear
everclear1
everest
everest1
everett
everett1
evergreen
evergreen1
everlast
everlast1
everlastin
everlasting
everlong
everlove
everluv
everme
evermine
evermore
everquest
everquest1
everquest2
everton
everton1
everton11
everton123
everton1878
evertonfc
evertonfc1
everurs
every
everybody
everyday
everyday1
everyone
everyoung
everyours
everything
everytime
evette
evgeni
evgenia
evgenii
evgenii-shenderovich
evgenij
evgeniy
evgeniya
evgenkac
evgeny
evgesha
evial_marina
evicka
evidence
evildead
evildead1
evildick
evilone
evolution
evolution1
evolution2
evolution7
evolution8
evolution9
evolve
evony
evony123
evony192
evropa
evybwf
ewanko
ewankosayo
ewelina
ewelina1
ewelinka
ewqasd
ewqasdcxz
ewqdsacxz
ewqewq
ewunia
example
exbntkm
excal
excal007
excaliber
excalibur
excalibur1
excel
excellence
excellent
excellent1
excelsior
exchange
excite
exclusive
exclusive1
exe3za97v
executive
executor
exercise
exeter
exigent
exit_window
exitos
exodia
exodus
exotic
expedition
expensive
experience
experiment
expert
expert12
explode
exploited
explore
explore1
explorer
explorer1
explosion
export
express
express1
expresso
extasy
extensa
extension
extra
extrem
extreme
extreme1
extremo
eybdth
eybdthcbntn
eyeball
eyeball1
eyeballs
eyecandy
eyecandy1
eyeliner
eyeliner1
eyeshield
eyeshield21
ezekiel
ezekiel1
ezekiel11989
ezekiel11991
ezequiel
ezequiel1
f00bar
f00tba
f00tba11
f00tball
f0lhvbok
f0rever
f1234567
f12345678
f123456789
f14tomcat
f15eagle
f16f17f
f1f2f
f1f2f3f
f1f2f3f4
f1f2f3f4f
f1f2f3f4f5
f1uuhza
f1uuhza723
f22raptor
f246865h
f3q8aunke
f51eijvif
f5ghyjqhav
f75s83nqk
f75s83nqk3
f76t93nqk
f76t93nqk3
f76t94prm
f76t94prm4
fabian
fabian12
fabian123
fabiana
fabiano
fabien
fabienne
fabietto
fabio
fabio123
fabiola
fabiola1
fable
fabolous
fabolous1
fabregas
fabregas4
fabric
fabrice
fabricio
fabrizio
fabulous
fabulous1
faca210898
face2face
faceb00k
facebook
facebook1
facebook11
facebook12
facebook123
facebook2
facebox
faceoff
facial
facile
fackyou
factor
factory
factory1
facundo
fade2black
fadila
faerie
fafafa
fafnir
fagboy
faget
fagg0t
fagget
faggot
faggot12
faggot123
faggot69
fahbrf
faheem
fahjlbnf
fahrenheit
failure
fairbanks
fairfax
fairfield
fairfield1
fairies
fairies1
fairlady
fairlane
fairmont
fairplay
fairview
fairway
fairways
fairy
fairy123
fairydust
fairydust1
fairytail
fairytale
fairytale1
faisal
faisal123
faisalabad
faith
faith101
faith123
faith777
faithful
faithful1
faithfull
faithingod
faithless
faiths
faithy
faizal
faizan
fajardo
fake1234
fakeass
fakeass1
fakebitch
fakebitch1
fakefake
fakefake1
fakegirl
fakegirl1
fakeid
fakename
fakename1
fakeone
fakeone1
fakepage
fakepage1
faker
fakespace
fakespace1
faktor
falcao
falco
falcon
falcon01
falcon10
falcon11
falcon12
falcon123
falcon13
falcon16
falcon69
falcons
falcons07
falcons1
falcons12
falcons2
falcons7
fall2007
fall2008
fall2011
fallen
fallen12
fallen123
fallen13
fallen_angel
fallenange
fallenangel
falling
falling1
fallinlove
fallon
fallou
fallout
fallout1
fallout2
fallout3
falloutboy
falp5050
fam1ly
famar
famar219948
famiglia
familia
familia1
familia10
familia123
familia4
familia5
familie
families
familiyafamiliya
famille
family
family#1
family01
family03
family04
family05
family06
family07
family08
family09
family10
family101
family11
family12
family123
family1234
family13
family14
family15
family1st
family21
family22
family23
familyguy
familyguy1
familyguy2
familylove
familyof
familyof4
familyof5
familyof6
famous
famous11
famous12
famous123
famous13
famous21
famous23
fanatic
fanatik
fanculo
fancy
fancypants
fandango
fandango1
fandome
fandome1
fanfan
fang2008
fangfang
fannie
fanny
fanny123
fanta
fanta123
fantacy
fantasia
fantasia1
fantasma
fantastic
fantastic1
fantastic4
fantastico
fantasy
fantasy1
fantasy12
fantasy2
fantasy7
fantasy8
fantik
fantom
fantomas
faraday
farah
farah123
faramir
faraon
faraway
farcry
fardubay
farewell
farfalla
farfallina
farfar
fargo
farhad
farhan
farhan123
farhana
farhat
farheen
farid
farida
farina
farkas
farley
farmacia
farmall
farmboy
farmboy1
farmer
farmers
farmers1
farmgirl
farmhouse
farming
farmville
farooq
farouk
farrah
farrell
farrell1
farscape
farscape1
farside
farside1
farted
farter
fartface
fartface1
fartfart
farthead
farthead1
farting
farting1
fartman
fartman1
farts
farzana
fashion
fashion!
fashion1
fashion101
fashion12
fashion123
fashion2
fashion7
fashionist
fashionista
fast4u
fast4you
fastback
fastball
fastball1
fastcar
fastcar1
fastcars
fastcars1
faster
fastfood
fastlane
fastrack
fasttrack
fatal
fatal1ty
fatality
fatamorgana
fatass
fatass12
fatass123
fatass13
fatass69
fatbastard
fatbitch
fatbitch1
fatboi
fatboy
fatboy01
fatboy10
fatboy11
fatboy12
fatboy123
fatboy13
fatboy21
fatboy23
fatboy69
fatboy99
fatboyslim
fatcat
fatcat12
fatcat123
fatcow
fatdaddy
fatdaddy1
fatdog
fatema
fatfat
fatfuck
fatfuck1
fatgirl
fatgirl1
fathead
fathead1
father
father12
father123
father12345
fathima
fatiha
fatima
fatima12
fatima123
fatimah
fatime
fatina
fatjoe
fatkid
fatma
fatman
fatman12
fatman123
fatouma
fatoumata
fatpussy
fatso
fattie
fatty
fatty123
faulkner
faustina
faustine
faustino
fausto
fauzan
favola
favored
favored1
favorit
favorite
favorite1
favorites
favour
favoured
favourite
favre
faygo
fazer
fazer600
fbi11213
fbobh
fbu89bxx5f
fcbarca
fcbarcelona
fcbayern
fcbayern1
fcinter
fckgwrhqq
fckgwrhqq2
fcporto
fdcnhfkbz
fdfdfd
fdfnfh
fdfyufhl
fdhjhf
fdsafdsa
fdsfds
fduecn
feanor
fearless
fearless1
feather
feather1
feathers
feathers1
febbraio
febrero
februari
february
february1
february10
february11
february12
february13
february14
february15
february16
february17
february18
february19
february2
february20
february21
february22
february23
february24
february26
february27
february28
febuary
fedcba
feder
feder_1941
federal
federal1
federation
federer
federer1
federica
federica1
federico
federico1
fedex
fedor
fedora
fedorov
fedorov717
fedorova
fedotovsa
fedotovsa76
feedback
feeder
feedme
feefee
feelgood
feeling
feelings
feelmylove
feetunder
fefefe
fefune
feifei
felice
felicia
felicia1
feliciano
felicidad
felicidad1
felicidade
felicidades
felicita
felicitas
felicity
felicity1
feliks
felina
feline
felino
felipe
felipe01
felipe10
felipe12
felipe123
felipe13
felisa
felix
felix.1957
felix123
felix1952
felixthecat
felixx
feliz
fellini
fellow
fellowes
fellowship
felony
felton
female
femist
femist22
femme
femmes
fenchel
fenchel55
fencing
fender
fender01
fender11
fender12
fender123
fender69
fener
fener1907
fenerbahce
fenerbahce1907
fenerli
fengfeng
fengshui
fenice
feniks
fenix
fenohasina
fenohasina39
fenomeno
fenrir
fenris
fenster
fenton
fenway
fenwick
feram0n
feranmi
ferari
ferarri
fercho
ferda
ferdie
ferdinand
ferdinand1
ferdinando
ferec
ferfer
fergie
fergie12
fergis
fergus
ferguson
ferguson1
ferhat
fericire
feride
feride51
ferien
fermat
fermer
fermin
fernan
fernand
fernand0
fernanda
fernanda1
fernanda12
fernande
fernandes
fernandez
fernandez1
fernandito
fernando
fernando.
fernando1
fernando10
fernando12
fernando123
fernando13
fernando2
fernando9
fernandotorres
ferndale
fernie
ferrara
ferrari
ferrari01
ferrari1
ferrari12
ferrari123
ferrari2
ferrari355
ferrari360
ferrari430
ferrari7
ferrarif
ferrarif1
ferrarif40
ferrarif430
ferrarif50
ferrary
ferreira
ferrer
ferrero
ferret
ferrets
ferris
ferrum
fester
festina
festival
festival1
festus
fetish
feuerwehr
feuerwehr1
fever
fevral
fevrier
feyenoord
feyenoord1
ff123456
fffff
ffffff
fffffff
ffffffff
fffffffff
ffffffffff
ffffffffffff
fffjjj
fgdfgdfg
fgfgfg
fgfr56hfve
fgfr56hfve6
fggjkbyfhbq
fggjkbyfhbq007
fghfgh
fghfghfgh
fghjkl
fghtkm
fgjrfkbgcbc
fgjrfkbgcbc34
fgntrf
fgrd58es
fgrd58es24
fgtkmcby
fgtkmcbyrf
fh1hm1wl
fhbirf
fhbyjxrf
fhctybq
fhifdby
fhnehxbr
fhntv
fhntv1998
fhntvbq
fhntvrf
fhtylf
fhutynbyf
fhvfutljy
fialka
fiamma
fiammalex1@hotmail.it
fiatpunto
fiatuno
fibonacci
ficelle
fickdich
fickdich1
ficken
ficken123
ficken666
ficken69
ficken76
ficker
fiction
fiction1
fiddle
fiddler
fidel
fidele
fidelidade
fidelio
fidelio1
fidelis
fidelity
fidget
fidodido
field
fields
fierce
fiesta
fiesta01
fietsbel
fifa2000
fifa2002
fifa2005
fifa2006
fifa2007
fifa2008
fifa2009
fifa2010
fifa2011
fifafifa
fififi
fifnfy
fifteen
fifteen15
fifty
fiftycent
figaro
fight
fight123
fightclub
fightclub1
fighter
fighter1
fighters
fighting
fighting1
figment
figueroa
figueroa1
figure
figvam
filatov_and
filatovaev
filatovaev1981
filbert
filefront
filemon
files
filhos
filimon
filip
filip123
filipa
filipe
filipek
filipina
filipino
filipino1
filipp
filippo
filippo1
filler
filles
fillmore
film@123
filomena
filosofia
filou
filsdepute
filter
filthy
filudskou
final
final123
finale
finalfanta
finalfantasy
finalfantasy7
finally
finally1
finance
finance1
financial
financial123
finch
find1234
find_pass
findajob
finder
findjob
findlove
findme
findus
fine4u
fineboy
fineday
fines
finest
finestra
finger
finger11
fingers
fingers1
finish
finite
finland
finland1
finlandia
finlay
finley
finnegan
finnigan
finster
fiocco
fiona
fiona123
fiore
fiorella
fiorellino
fiorello
fiorentina
firakoki
firdaus
fire1234
fireandice
fireball
fireball1
fireball12
fireball2
firebird
firebird1
fireblade
fireblade1
firebolt
fireboy
firecracker
firedog
firedog1
firedragon
firefighte
firefighter
firefire
firefire1
fireflies
firefly
firefly1
firefox
firefox1
firehawk
firehouse
firehouse1
fireman
fireman1
fireman12
fireman2
firenze
firenze1
fireplace
firestar
firestar1
firestarter
firestone
firestone1
firestorm
firestorm1
firetruck
firetruck1
firewall
firewall1
firewater
firewire
firewood
firework
fireworks
fireworks1
firman
first
firstborn
firstlady
firstlove
firstlove1
fisch
fische
fischer
fischer1
fish1234
fish2fish
fishbaracuda
fishbone
fishbone1
fishbowl
fishboy
fishcake
fisher
fisher12
fisherman
fisherman1
fishers
fishes
fishface
fishface1
fishfish
fishfish1
fishfood
fishfood1
fishhead
fishhead1
fishie
fishies
fishin
fishing
fishing!
fishing01
fishing1
fishing101
fishing11
fishing12
fishing123
fishing2
fishing3
fishing4
fishing5
fishing69
fishing7
fishka
fishlips
fishman
fishman1
fishon
fishpond
fishstick
fishstick1
fishsticks
fishtank
fishtank1
fishy
fishy123
fisica
fisioterapia
fister
fit4life
fitch
fitness
fitness1
fitter
fitzgerald
fivekids
fivestar
fivestar1
fizika
fizzle
fj5tx19hit
fjfjfj
fjodorova-natashenka
fk3456abc
fkbcrf
fkbyf
fkbyf001
fkbyjxrf
fkbyrf
fkg7h4f3v
fkg7h4f3v6
fkkjxrf
fkmabz
fkmnthyfnbdf
fktdnbyf
fktirf
fktrcf
fktrcfylh
fktrcfylh1
fktrcfylhf
fktrcfylhjdbx
fktrcfylhjdyf
fktrctq
fktrcttdf
fktyeirf
fktyf
fktyjxrf
fktyrf
fl0wer
flaca
flaco
flags
flaka
flakes
flakita
flame
flame123
flameboy
flameboy1
flamenco
flamenco1
flamengo
flamengo1
flamengo10
flamer
flames
flames12
flaming
flamingo
flamingo1
flamme
flanagan
flanders
flanker
flapjack
flapjack1
flappy
flaquita
flaquito
flash
flash123
flashback
flasher
flashlight
flashman
flashpoint
flashy
flatblocker
flathead
flatland
flatline
flatout
flatron
flatron1
flavia
flavie
flavien
flavio
flavius
flavor
flavour
flawless
flawless1
flblfc
fldjrfn
fleetwood
fleetwood1
flego
flego0815
fleming
fleming1
flemming
fler_2351
fletch
fletcher
fletcher1
fleur
fleurs
flexible
flexible1
flhtyfkby
flicka
flicker
flight
flight23
fling
fling123
flint
flintstone
flipflop
flipflop1
flipmode
flipmode1
flipper
flipper1
flipper2
flippy
flipside
flipside1
flirt
flirty
floare
float
flocke
flocon
floflo
floortje
floppy
flopsy
flora
florcita
florecita
florence
florence1
florencia
florencia1
florencio
florent
florentin
florentina
florentino
flores
flores12
flores123
flores13
floresta
florian
florian1
floriana
floriane
floricienta
florida
florida!
florida01
florida06
florida07
florida08
florida09
florida1
florida10
florida11
florida12
florida123
florida13
florida2
florida22
florida3
florida4
florida5
florida6
florida7
florida8
florida9
florin
florina
florinda
florine
floripa
floris
florzinha
flossie
flossie1
flossy
flounder
flounder1
flower
flower01
flower08
flower09
flower10
flower101
flower11
flower12
flower123
flower1234
flower13
flower14
flower15
flower16
flower17
flower18
flower21
flower22
flower23
flower24
flower33
flower45
flower69
flower77
flower88
flower99
flowergirl
flowerpot
flowerpot1
flowerpowe
flowerpower
flowers
flowers!
flowers.
flowers1
flowers11
flowers12
flowers123
flowers2
flowers22
flowers3
flowers4
flowers5
flowers7
flowers8
floyd
floyd123
fltkbyf
flubber
flubber1
fluff
fluffy
fluffy01
fluffy10
fluffy11
fluffy12
fluffy123
fluffy13
fluffy22
fluffy69
fluminense
flute
flutes
flutterby
fluturas
flvbybcnhfnjh
fly4u
flyaway
flyaway1
flyboy
flyer
flyers
flyers88
flyfish
flyfish1
flyfishing
flyfly
flygirl
flygirl1
flyguy
flyhigh
flyhigh1
flying
flyleaf
flyleaf1
fnkfynblf
focker
focus
focus123
focused
focused1
fodase
fofinha
fofinho
foggia
foghorn
fokker
foks8484
folake
folashade
folder
folgore
folks
follar
folletto
follow
followme
fomalex
fomalex10
fondoom
fonseca
fontaine
fontana
fonzie
foobar
food1234
foodfood
foodie
foofighter
foofighters
foofoo
foolish
foolish1
foolproof
foosball
footba
footba11
footbal
footbal1
football
football!
football#1
football.
football0
football00
football01
football02
football03
football04
football05
football06
football07
football08
football09
football1
football10
football101
football11
football12
football123
football13
football14
football15
football16
football17
football18
football19
football2
football20
football21
football22
football23
football24
football25
football26
football27
football28
football29
football3
football30
football31
football32
football33
football34
football35
football36
football37
football38
football4
football40
football41
football42
football43
football44
football45
football46
football47
football48
football49
football5
football50
football51
football52
football53
football54
football55
football56
football57
football58
football59
football6
football60
football61
football62
football63
football64
football65
football66
football67
football68
football69
football7
football70
football71
football72
football73
football74
football75
football76
football77
football78
football79
football8
football80
football81
football82
football83
football84
football85
football86
football87
football88
football89
football9
football90
football91
football92
football93
football94
football95
football96
football97
football98
football99
footballer
foothill
footie
footloose
footprints
footy
forall
forbes
forbidden
forbidden1
force
forces
ford1234
ford2000
ford2001
fordescort
fordf
fordf100
fordf150
fordf250
fordf350
fordfiesta
fordfocus
fordfocus1
fordford
fordgt
fordgt40
fordham
fordman
fordman1
fordmondeo
fordmustang
fordranger
fordtruck
fordtruck1
foreman
foreman1
forensic
foreplay
foresight
forest
forest12
forest123
forester
forever
forever!
forever.
forever0
forever01
forever07
forever08
forever09
forever1
forever10
forever11
forever12
forever123
forever13
forever14
forever15
forever16
forever17
forever18
forever2
forever21
forever22
forever23
forever24
forever25
forever27
forever3
forever4
forever5
forever6
forever69
forever7
forever8
forever9
foreveralone
foreverand
foreverlov
foreverlove
forevermor
foreveryou
foreveryoung
forfun
forget
forget12
forget123
forgetful
forgetful1
forgetit
forgetit1
forgetme
forgetmenot
forgin
forgive
forgive1
forgiveme
forgiven
forgiven1
forgot
forgotit
forgotten
forgotten1
forklift
forlife
forlife1
forlove
format
formation
forme
formel
formentera
formula
formula1
formule
formule1
forreal
forreal1
forrest
forrest1
forsaken
forsaken1
forsale
forsberg
forsberg21
forsythe
fortaleza
fortis
fortress
fortuna
fortuna1
fortuna95
fortunate
fortunato
fortune
fortune1
forty
fortytwo
forum
forum123
forward
forward1
foryou
forza
forzainter
forzaitalia
forzajuve
forzalazio
forzalecce
forzamilan
forzanapoli
forzaroma
forzatoro
foshizzle
foshizzle1
fosho
fossil
foster
fosters
fosters1
fotbal
fotball
fotboll
fotinia
fotinia-66
fotograf
fotografia
fottiti
foufou
foufoune
foundation
founder
fountain
fountain1
four4444
fourboys
fourfour
fourier
fourkids
fourkids4
fourteen
fourteen14
fourtwenty
fouzia
fowler
foxfire
foxfire1
foxfox
foxglove
foxhound
foxmulder
foxpass
foxracing
foxracing1
foxracing2
foxtrot
foxtrot1
foxxy
foxylady
foxylady1
foxyroxy
foxyroxy1
fozaqb33q
fozzie
fperlangel
fpna23aas
fpna23aas1
fptjtl
fqi3p8arjg
fqrg7cs
fqrg7cs493
fquekm
fr1ends
fr2rfq7xl
fr33d0m
fr33dom
fractal
fraggle
fraggle1
fragile
fragile1
fragola
fragolina
fraise
framboise
franca
francais
france
france12
france123
france98
frances
frances1
frances2
francesc
francesca
francesca1
francesco
francesco1
franchesca
francheska
franchise
franchise1
franci
francia
francine
francine1
francis
francis1
francis12
francis123
francis2
francis3
francisca
francisca1
francisco
francisco1
francisco2
franck
francky
franco
franco123
francois
francois1
francoise
francy
franek
frank
frank123
frank1234
franka
frankenstein
frankfurt
frankfurt1
franki
frankie
frankie!
frankie01
frankie1
frankie11
frankie12
frankie123
frankie13
frankie2
frankie3
frankie4
frankie5
frankie7
frankiero
frankiero1
frankies
franklin
franklin1
franklin12
franklin2
franklyn
franko
frankreich
franks
franky
frankzappa
frannie
frannie1
franny
frant_nat
franta
frantic
franz
franzi
franziska
fraser
frasier
fratello
fraud
frazer
frazier
frazier1
frdfhbev
frdfvfhby
freak
freak101
freak123
freak666
freakazoid
freakout
freaks
freakshow
freakshow1
freaky
freaky12
freaky123
freaky69
freccia
frechdachs
freckle
freckles
freckles1
fred1234
fred1994
freddie
freddie1
freddie123
freddie2
freddo
freddurst
freddy
freddy01
freddy11
freddy12
freddy123
freddy13
frederic
frederic1
frederick
frederick1
frederico
frederik
frederique
fredfred
fredfred1
fredo
fredom
fredperry
fredrick
fredrick1
fredrik
fredy
free1234
free2beme
free2bme
free2rhyme
free4all
free4ever
free4life
free4me
freeatlast
freebee
freebie
freebies
freebird
freebird1
freed0m
freedom
freedom!
freedom.
freedom0
freedom01
freedom06
freedom07
freedom08
freedom09
freedom1
freedom10
freedom101
freedom11
freedom12
freedom123
freedom13
freedom2
freedom200
freedom201
freedom2010
freedom21
freedom22
freedom23
freedom3
freedom4
freedom4me
freedom5
freedom55
freedom6
freedom69
freedom7
freedom77
freedom8
freedom88
freedom9
freedoms
freefall
freefall1
freefood
freefree
freefree1
freelance
freelancer
freeland
freelander
freelife
freelove
freemail
freeman
freeman1
freeman2
freeme
freemind
freemoney
freemusic
freenet
freepass
freeporn
freeport
freeport1
freeride
freerider
freesex
freespirit
freestuff
freestyle
freestyle1
freestyler
freetime
freetown
freeuser
freeway
freeway1
freewill
freewilly
freeze
freeze112
freezer
fregis
fregna
freiburg
freight
freiheit
freiheit89
freinds
freitag
freitas
fremont
fremont1
french
frenchfrie
frenchfries
frenchfry
frenchfry1
frenchie
frenchie1
frenchkiss
frenchy
frenchy1
frends
frenzy
fresa
fresas
fresca
fresco
fresh
fresh101
fresh123
fresh2def
freshboy
freshman
freshman09
freshman1
freshmen
freshstart
fresita
fresita1
fresno
fresno559
freund
freunde
freunde1
freya
frfltvbz
fri3q9arjg
frida
friday
friday01
friday11
friday12
friday123
friday13
fridge
fridolin
frieda
friedrich
friend
friend11
friend12
friend123
friendly
friendly1
friendofarriane
friendofearning
friendofearning$1
friendofemily
friendofeveryemailyouproc
friendofgerly
friendofjoan
friendofthenext18peoplew
friendofyoucanmake
friendofyoucanmake$200-
friends
friends!
friends.
friends0
friends01
friends06
friends07
friends08
friends09
friends1
friends10
friends101
friends11
friends12
friends123
friends13
friends14
friends15
friends16
friends2
friends21
friends22
friends23
friends3
friends33
friends4
friends4ev
friends4ever
friends4li
friends4me
friends5
friends6
friends7
friends8
friends9
friendsfor
friendsforever
friendship
friendship1
friendss
friendster
friendster1
friendz
friendz1
frighten
frijolito
frimousse
fripon
fripouille
frisbee
frisbee1
frisco
frisco415
friskie
frisky
fritz
fritz123
fritzi
fritzie
fritzy
frodo
frodo123
frodon
frog1234
frogfrog
frogger
frogger1
frogger2
froggie
froggie1
froggies
froggies1
froggy
froggy01
froggy101
froggy11
froggy12
froggy123
froggy13
froggy22
froggy69
froglegs
froglegs1
frogman
frogman1
frogs
frogs123
froilan
frolov
frolova
fromage
front
front242
frontech
frontera
frontier
frontier1
frontline
frontline1
frosch
frost
frostbite
frosty
frosty12
frosty123
frozen
frqnj0zf5p
frufru
fruit
fruitbat
fruitcake
fruitcake1
fruitloop
fruitloop1
fruitloops
fruits
fruity
frusciante
frytol
fs.swl
fsd9shtyut
fslhggi
ftbfrvlg
ftbfrvlg17
ftrcvh
ftrcvh5732
fu7u4a
fu7u4a#$$$
fubar
fuchurli
fuck-off
fuck-you
fuck.you
fuck0ff
fuck1234
fuck12345
fuck123456
fuck1t
fuck1you
fuck3r
fuck_off
fuck_you
fuckabitch
fuckaduck
fuckaduck1
fuckall
fuckall1
fuckass
fuckass1
fuckbitch
fuckbitch1
fuckbitche
fuckbitches
fuckbuddy
fucked
fuckedup
fuckedup1
fuckem
fuckemall
fucker
fucker01
fucker11
fucker12
fucker123
fucker13
fucker21
fucker22
fucker23
fucker666
fucker69
fuckers
fuckers!
fuckers1
fuckevery
fuckevery1
fuckface
fuckface1
fuckface2
fuckfuck
fuckfuck1
fuckfuckfuck
fuckhaters
fuckhead
fuckhead1
fuckher
fuckher1
fuckher2
fuckhim
fuckhim1
fuckhoes
fuckhoes1
fuckin
fucking
fucking1
fucking123
fucking2
fucking69
fuckingshit
fuckit
fuckit11
fuckit12
fuckit123
fuckit13
fuckit420
fuckit69
fuckitall
fuckitall1
fuckl0v
fuckl0v3
fuckl0ve
fucklife
fucklife1
fucklov
fucklov3
fucklove
fucklove!
fucklove09
fucklove1
fucklove10
fucklove12
fucklove13
fucklove14
fucklove2
fucklove21
fucklove23
fucklove3
fucklove4
fucklove69
fucklove7
fuckm
fuckme
fuckme11
fuckme12
fuckme123
fuckme13
fuckme21
fuckme22
fuckme23
fuckme420
fuckme666
fuckme69
fuckmehard
fuckmenow
fuckmyass
fuckmylife
fuckmyspac
fucknut
fucknut1
fuckof
fuckoff
fuckoff!
fuckoff.
fuckoff0
fuckoff01
fuckoff09
fuckoff1
fuckoff11
fuckoff12
fuckoff123
fuckoff13
fuckoff2
fuckoff21
fuckoff22
fuckoff23
fuckoff3
fuckoff4
fuckoff420
fuckoff5
fuckoff6
fuckoff666
fuckoff69
fuckoff7
fuckoff8
fuckoff88
fuckoff9
fuckshit
fuckshit1
fuckstick
fuckstick1
fucktard
fucktard1
fuckth1s
fuckthat
fuckthat1
fuckthemall
fuckthewor
fucktheworld
fuckthis
fuckthis!
fuckthis1
fuckthis12
fuckthis2
fuckthissh
fuckthisshit
fucktop
fucktop8
fucku
fucku123
fucku666
fuckuall
fuckuall1
fuckubitch
fuckup
fucky0u
fuckya
fuckyeah
fuckyeah1
fuckyou
fuckyou!
fuckyou!!
fuckyou.
fuckyou0
fuckyou00
fuckyou01
fuckyou02
fuckyou06
fuckyou07
fuckyou08
fuckyou09
fuckyou1
fuckyou10
fuckyou100
fuckyou101
fuckyou11
fuckyou111
fuckyou12
fuckyou123
fuckyou13
fuckyou14
fuckyou15
fuckyou16
fuckyou17
fuckyou18
fuckyou187
fuckyou19
fuckyou2
fuckyou20
fuckyou21
fuckyou22
fuckyou23
fuckyou24
fuckyou25
fuckyou26
fuckyou27
fuckyou3
fuckyou32
fuckyou321
fuckyou33
fuckyou4
fuckyou420
fuckyou44
fuckyou45
fuckyou5
fuckyou55
fuckyou6
fuckyou66
fuckyou666
fuckyou69
fuckyou7
fuckyou77
fuckyou78
fuckyou8
fuckyou86
fuckyou87
fuckyou88
fuckyou89
fuckyou9
fuckyou90
fuckyou92
fuckyou99
fuckyouall
fuckyouass
fuckyoubit
fuckyoubitch
fuckyoutoo
fudge
fudge123
fuentes
fuerte
fugazi
fujifilm
fujitsu
fujitsu1
fujitvpass
fuk19600
fukoff
fuku00198
fukyou
fulcrum
fulham
fullaccess
fullback
fuller
fullerton
fullerton1
fullhouse
fullhouse1
fullmetal
fullmetal1
fullmoon
fullmoon1
fulmine
fulton
fulvio
fumanchu
fun4all
fun4me
function
funeral
funeral1
funfun
funfunfun
fungible
fungus
funhouse
funky
funky123
funkymonkey
funkytown
funkytown1
funmilayo
funmilola
funny
funny123
funnybunny
funnyface
funnygirl
funnygirl1
funnyguy
funnyman
funnyman1
funstuff
funtik
funtime
funtime1
funtimes
funtimes1
fupyuxta
fupyuxta66
fupyuxtb
fupyuxtb66
furball
furball1
furby
furious
furious1
furkan
furman
furniture
furniture1
fusion
fusion12
fussball
fussball1
fussel
futbol
futbol10
futebol
futsal
futura
futurama
futurama1
future
future12
future123
futuro
futyn
futyn007
fuzzball
fuzzball1
fuzzy
fuzzy123
fvcnthlfv
fvthbrf
fx-one
fxf3jaa7u
fxf3jba8t
fxnocp
fxnocp14
fxzz75$yer
fxzz75yer
fy.njxrf
fy.nrf
fyabcf
fybcbvjdf
fyfcnfcbz
fyfnjkbq
fyfnjkbq777
fyfnjkmtdyf
fyfrjylf
fyfyfc
fylh.if
fylh.irf
fylhsq
fylhtq
fylhtq12
fylhtqrf
fylhttdf
fylhttdyf
fynjif
fynjirf
fynjy
fynjybj
fynjybyf
fynjyjdf
fysihz5g
fytxrf
fyujk.fyukf
fyujk.fyukf.87
fyutkbyf
fyutkjr
fyutkjxtr
fyyeirf
fyzfyz
g-money
g-unit
g-unot
g00ber
g00dluck
g00dpa$$w0rd
g00gl
g00gle
g0ldfish
g1234567
g12345678
g123456789
g13916055158
g1nger
g2w3e4r
g3uvrxn7w
g4life
g76t94prm
g76t94prm4
g76u94prm
g76u94prm4
g86u94psn
g86u94psn5
g86ua5qsn
g86ua5qsn5
g9l2d1fzpy
g_alisa
g_alisa1502
ga4mi
gaar_vitalik
gaar_vitalik73
gaara
gaara123
gabbana
gabber
gabbiano
gabbie
gabby
gabby123
gabgab
gabika
gabita
gabriel
gabriel.
gabriel01
gabriel05
gabriel06
gabriel07
gabriel08
gabriel09
gabriel1
gabriel10
gabriel11
gabriel12
gabriel123
gabriel13
gabriel14
gabriel15
gabriel17
gabriel2
gabriel21
gabriel22
gabriel23
gabriel3
gabriel4
gabriel5
gabriel6
gabriel7
gabriel8
gabriel9
gabriela
gabriela1
gabriela12
gabriela2
gabriela7
gabriele
gabriele1
gabrielito
gabriell
gabriella
gabriella1
gabrielle
gabrielle1
gabrielle2
gadget
gadjieva.gulmira
gaelle
gaetan
gaetano
gaffer
gagaga
gagagaga
gagarin
gagged
gagoako
gagoka
gajanan
galactica
galadriel
galahad
galaktika
galang
galant
galapagos
galata
galatasara
galatasaray
galatasaray1905
galatea
galaxia
galaxie
galaxy
galaxy123
galicia
galileo
galileo1
galina
galina-davidyuk
galina9181
galindo
galinka
galinka_korneeva
galinkaru
gallagher
gallagher1
gallant
gallardo
gallardo1
gallego
gallegos
gallery
gallery1
galleta
gallina
gallito
gallo
galloway
galvez
galway
gamaliel
gambia
gambino
gambion
gambion32
gambit
gamble
gambler
gambler1
gamboa
game1234
gameboy
gameboy1
gameboy2
gamecock
gamecock1
gamecocks
gamecocks1
gamecube
gamecube1
gamefreak
gamefreak1
gamegame
gamemaster
gameon
gameover
gameover1
gameplay
gamer
gamer123
gamer4life
gamers
games
games123
gamess
gamestar
gamestop
gamestop1
gametime
gametime1
gaming
gamlet
gamma
gammaray
gampang
ganapathi
ganapathy
ganapati
ganda
gandaako
gandako
gandako1
gandakoh
gandalf
gandalf1
gandhi
gandolf
gandon
ganesh
ganesh123
ganesha
ganesha1
ganeshji
gangbang
gangbang1
ganggang
gangrel
gangsta
gangsta!
gangsta.
gangsta01
gangsta1
gangsta10
gangsta101
gangsta11
gangsta12
gangsta123
gangsta13
gangsta14
gangsta15
gangsta2
gangsta21
gangsta22
gangsta23
gangsta3
gangsta4
gangsta5
gangsta6
gangsta69
gangsta7
gangsta74
gangsta8
gangsta9
gangstah
gangstar
gangstar1
gangster
gangster!
gangster1
gangster10
gangster11
gangster12
gangster13
gangster14
gangster2
gangster23
gangster3
gangster4
gangster5
gangster6
gangster7
gangsters
ganja
ganja123
ganja420
ganjaman
ganjubas
gannon
ganondorf
ganpati
gansta
ganster
ganster1
ganteng
ganteng1
garage
garance
garant
garbage
garbage1
garcia
garcia10
garcia12
garcia123
garcia13
garden
gardener
gardenia
gardening
gardens
gardner
gardner1
garena
gareth
garfield
garfield1
garfield12
garfield2
garfield7
garfild
gargamel
gargoyle
garibaldi
garima
garion
garland
garland1
garlic
garner
garnet
garnett
garnett21
garnett5
garnier
garret
garrett
garrett1
garrett12
garrett123
garrett2
garrett3
garrison
garrison1
garry
garten
garth
garuda
gary1234
gasgas
gasman
gasolina
gasoline
gaspar
gaspard
gaspare
gasparin
gasper
gaston
gastone
gatekeeper
gates
gateway
gateway1
gateway11
gateway12
gateway123
gateway2
gateway200
gateway2000
gateway3
gateway5
gateway7
gather
gathering
gatina_albina
gatinha
gatinho
gatita
gatito
gatitos
gatogato
gatonegro
gator
gator123
gatorade
gatorade1
gators
gators01
gators11
gators12
gators123
gators15
gatsby
gatti
gattina
gattino
gatto
gattone
gattuso
gatubela
gaucho
gaudens
gauge
gauloises
gaurav
gaurav123
gautam
gauthier
gavgav
gavilan
gavin
gavin123
gaviota
gavrik
gavroche
gay4life
gayass
gayassfagpastebinleaks
gayathri
gayatri
gayboy
gayfag
gaygay
gaygaygay
gayguy
gaylord
gaylord1
gayman
gayness
gayness1
gaypride
gaypride1
gaysex
gazebo
gazelle
gazeta
gazette
gazprom
gb15kv
gb15kv99
gbaby
gbcmrf
gbemisola
gbenga
gbgbcmrf
gbgrf
gbhfvblf
gbjyth
gblfhfc
gblfhfcs
gbljhfc
gbljhfcs
gbolahan
gbpltw
gbrfxe
gbyudby
gcheckout
gd4life
gdcc9921
ge0rge
gearhead
gears
gearsofwar
gearsofwar2
gecko
gedeon
geegee
geelong
geelong1
geetanjali
geetha
geezer
gefccgag
geforce
gegcbr
gegege
geheim
geheim123
geibcnbr
geirby
geisha
gelaf3h4a
gelato
gembel
gembird
gemelas
gemelli
gemelos
gemeni
gemgem
gemini
gemini01
gemini06
gemini11
gemini12
gemini123
gemini13
gemini17
gemini18
gemini21
gemini22
gemini23
gemini69
gemini77
gemini88
geminis
gemma
gemma123
gemstone
genaro
gendarme
gender
gendut
general
general01
general1
general123
general2
generale
generallee
generals
generals1
generation
generator
generic
generic1
genesis
genesis01
genesis1
genesis11
genesis12
genesis123
genesis2
genesis3
genesis7
genetics
geneva
geneve
genevieve
genevieve1
gengen
genial
genie
genius
genius12
genius123
geniusnet
geniusv
gennadiy
gennaio
gennaro
genoa
genoa1893
genocide
genova
genoveva
gentle
gentleman
gentry
genuine
genuine1
geoff
geoffrey
geoffrey1
geogeo
geografia
geography
geology
geometra
geometry
geordie
geordie1
georg
george
george01
george06
george07
george08
george09
george10
george11
george12
george123
george1234
george13
george14
george15
george16
george17
george18
george21
george22
george23
george24
george25
george27
george69
george77
george99
georges
georgetown
georgette
georgi
georgia
georgia01
georgia1
georgia11
georgia12
georgia123
georgia2
georgia3
georgia7
georgiana
georgie
georgie1
georgina
georgina1
georgiy
georgy
gepard
geppetto
gerald
gerald123
geraldine
geraldine1
geraldo
geranium
gerard
gerard12
gerard123
gerardo
gerardo1
gerardway
gerardway1
gerasim
gerber
gerbera
gerbil
gerger
gerhard
gericom
gerlinde
germain
germaine
german
german123
germania
germany
germany1
germany123
germany2
geroin
gerome
geronimo
geronimo1
geronto
gerrard
gerrard08
gerrard1
gerrard8
gerrit
gerry
gershwin
gerson
gertie
gertrude
gertrude1
gestapo
gesundheit
get2work
getajob
getalife
getalife1
getatme
getatme1
getaway
getbent
getcrunk
getcrunk1
getdown
getfucked
getfucked1
gether
gether4ev
gether4ever
gethigh
gethigh1
gethigh420
getit
getjob
getlaid
getlikeme
getlikeme1
getlost
getlost1
getlow
getmein
getmenot
getmoney
getmoney!
getmoney$
getmoney07
getmoney08
getmoney09
getmoney1
getmoney10
getmoney11
getmoney12
getmoney2
getmoney21
getmoney22
getmoney23
getmoney24
getmoney3
getmoney4
getmoney5
getmoney6
getmoney7
getoff
getout
getpaid
getpaid1
getrdone
getrdone1
getreal
getrich
getrich1
getsilly
getsilly1
getsmart
getsome
getsome1
gettherefast
gettysburg
geujdrf
gewinner
gfccdjhl
gfcgjhn
gfdkbr
gfdkeif
gfdkjd
gfdkjdf
gfgekz
gfgfgf
gfgfgfgf
gfgfvfvf
gfghbrf
gfgjxrf
gfhfdjp
gfhfif
gfhfljrc
gfhfpbn
gfhfyjz
gfhjdjp
gfhjk
gfhjk123
gfhjkm
gfhjkm11
gfhjkm12
gfhjkm123
gfhjkm12345
gfhjkm13
gfhjkm1998
gfhjkm777
gfhjkmgfhjkm
gfhjkmm
gfhjkmrf
gfhjkmxbr
gfhjkzytn
gfhkfvtyn
gfhnbpfy
gfhreh
gfhtym
gfkmvf
gfnhbjn
gfnhbr
gforce
gfs2z6wb
gfyfcjybr
gfynthf
gfyt63gd
gg123456
ggggg
gggggg
ggggggg
gggggggg
ggggggggg
gggggggggg
ggolob
ggunit
ghalina
ghalina_1971
ghana
ghana123
ghandi
ghazal
ghbdfn
ghbdtn
ghbdtn12
ghbdtn123
ghbdtnbr
ghbdtnbrb
ghbdtndctv
ghbdtnekmrb
ghbdtnghbdtn
ghbdtngjrf
ghbdtnrfrltkf
ghbhjlf
ghbjhbntn
ghblehjr
ghblehrb
ghbphfr
ghbrjk
ghbrjkbcn
ghbrjkmyj
ghbynth
ghbywtccf
gheniagabb
gheorghe
ghetto
ghetto12
ghetto123
ghfdlf
ghfplybr
ghghgh
ghghghgh
ghhh47hj
ghhh47hj7649
ghislain
ghislaine
ghjcgtrn
ghjcnb
ghjcnbnenrf
ghjcnbvtyz
ghjcnj
ghjcnj123
ghjcnjgfhjkm
ghjcnjghjcnj
ghjcnjkjk
ghjcnjnfr
ghjcnjq
ghjcnjqgfhjkm
ghjcnjrdfibyj
ghjcnjrdfif
ghjcnjz
ghjdthrf
ghjgecr
ghjghj
ghjghjghj
ghjhjr
ghjkju
ghjkl
ghjnjnbg
ghjnjrjk
ghjrehfnehf
ghjrehjh
ghjuhfvvbcn
ghjuhfvvf
ghjuhtcc
ghkdf
gholovach
gholovach75
ghost
ghost123
ghost666
ghostdog
ghostface
ghostface1
ghostman
ghostrecon
ghostrider
ghosts
ghrhfh
ghrimachiova
ghrimachiova64
ghtdtl
ghtdtl123
ghtktcnm
ghtpbltyn
ghusieva
ghusieva1958
ghzybr
giacomino
giacomo
giacomo1
giada
giadina
giallo
giancarlo
gianfranco
giangi
gianluca
gianmarco
gianna
gianni
giant
giants
giants08
giants10
giants11
giants12
giants123
giants21
giants25
giants56
gibbon
gibbons
gibraltar
gibson
gibson01
gibson12
gibson123
gibsonsg
gibsonsg1
giddyup
gideon
gidget
gidrometeoburo
gifema
gifted
gigabyte
gigaman
gigaman8891
gigant
gigante
giggity
giggity1
giggle
giggles
giggles1
giggles12
giggles123
giggles13
giggles2
gigglez
gigglez1
giggs
giggsy
gigigi
gigigigi
gigino
gigolo
gilang
gilbert
gilbert1
gilbert2
gilberto
gilberto1
gilera
gilgamesh
gilipollas
gilles
gillespie
gillette
gillian
gillian1
gilligan
gilligan1
gillingham
gillou
gilmore
gilmore1
gilmour
ginagina
ginebra
ginette
ginevra
ginger
ginger00
ginger01
ginger02
ginger06
ginger07
ginger08
ginger09
ginger10
ginger101
ginger11
ginger12
ginger123
ginger1234
ginger13
ginger14
ginger15
ginger16
ginger17
ginger18
ginger21
ginger22
ginger23
ginger24
ginger33
ginger69
ginger77
ginger88
ginger99
gingerale
gingerbread
gingersnap
gingging
gingin
ginny
ginogino
ginola
gintonic
ginuwine
ginuwine1
gioconda
giogio
gioia
giordano
giorgi
giorgia
giorgina
giorgio
giorgio1
giotto
giovana
giovani
giovanna
giovanna1
giovanni
giovanni1
giovanni123
giovanny
gipper
girafa
girafe
giraffa
giraffe
giraffe1
girasol
girasole
girassol
giratina
giresun
giresun28
girija
girish
girl1234
girlfriend
girlgirl
girlie
girlpower
girlpower1
girls
girls101
girls123
girlsrock
girlsrock1
girlsrule
girlsrule1
girlss
girly
girly123
girlygirl
girlygirl1
gisela
gisele
gisella
giselle
giselle1
gismo
gisselle
gitana
gitano
gitara
gitarre
gitler
gitrdone
gitrdone1
giuditta
giugno
giulia
giuliana
giuliano
giulietta
giulio
giuseppe
giuseppe1
giuseppina
giusy
giveit2me
giveme
given
givenchy
gixxer
gizmo
gizmo123
gizmos
gizzie
gizzmo
gizzy
gjcaixxx
gjgeufq
gjgeuftd
gjgjdf
gjhjctyjr
gjhjkm
gjikbdctyf
gjikbyf
gjitkyf
gjkbujy
gjkbyf
gjkbyjxrf
gjkbyrf
gjkzrjdf
gjlcnfdf
gjlfhjr
gjmptw
gjpbnbd
gjrtvjy
gjujlf
gjvbljh
gjyjxrf
gjyxbr
gkfytnf
glacier
glacier1
gladbach
gladiador
gladiator
gladiator1
gladiatore
gladiolus
gladis
gladstone
gladys
glafira
glafira110169
glaiza
glamorous
glamorous1
glamour
glamour1
glamur
glasgow
glasgow1
glass
glass123
glasses
glasses1
glassjaw
glassman
gldfzpy
gleiser
gleiser4
glenda
glendale
glendale1
glenn
glenn123
glenwood
glenwood1
glider
glitter
glitter1
glitter2
global
global123
globe
globus
glock
gloire
gloria
gloria12
gloria123
glorioso
glorious
glorious1
glory
glory123
glory2god
glorytogod
gloucester
glover
gloves
gluxov
gluxov70
gmail
gmail.com
gmail.com.mx
gmail123
gmoney
gn9gu44s
gnaget
gnbxrf
gnocca
gnomes
gnomik
gnusmas
go2hell
go49ers
go4itnow
go4jobs
goahead
goalie
goalkeeper
goarmy
goats
goaway
gobble
gobears
gobears1
gobigred
goblin
goblue
gobucks
gobucks1
gocards
gocards1
gocats
gocubs
god12345
god1st
god4ever
god4life
god4me
godawgs
godawgs1
godbless
godbless1
godblessme
godblessu
godblessus
godblessyou
godchild
goddamn
goddamn1
goddess
goddess1
goddey
goderdzikarxjxv
godess
godfather
godfather1
godfather2
godfirst
godfirst1
godfrey
godfrey1
godgod
godgrace
godhelp
godhelpme
godhelpme1
godim
godim001
godis
godisable
godisgood
godisgood!
godisgood1
godisgood2
godisgood7
godisgr
godisgr8
godisgreat
godislove
godislove1
godislove2
godislove7
godisone
godiva
godjesus
godknows
godlike
godlike1
godlove
godlove1
godloveme
godloves
godloves1
godlovesme
godman
godofwar
godofwar1
godofwar2
godofwar3
godrocks
godrocks1
godrules
godrules1
godschild
godschild1
godsent
godsfavor
godsgift
godsgift1
godsgirl
godsgrace
godslove
godslove1
godsmack
godsmack1
godson
godspeed
godspeed1
godsson
godsson1
godswill
godswill1
godtime
goducks
goducks1
goduke
godwin
godzila
godzilla
godzilla1
godzilla2
goeagles
goethe
gofast
gofish
gofman_osk
goforit
goforit1
gofuckyour
gofuckyourself
gogators
gogators1
gogeta
gogetit
gogetta
gogetta1
gogetter
goggles
gogiants
gogirl
gogogo
gogogogo
gogreen
gogreen1
gohabsgo
gohan
gohard
gohawks
goheels
gohogs
gohome
goirish
goirish1
gokart
gokhan
gokil
gokussj
gokussj4
golaso
golaso64
gold1234
goldberg
goldberg1
goldcoast
golddigger
golden
golden01
golden11
golden12
golden123
golden22
goldenboy
goldenboy1
goldeneye
goldeneye1
goldengate
goldengirl
goldensun
goldfinger
goldfish
goldfish1
goldfish12
goldfish2
goldflake
goldgold
goldie
goldie12
goldie123
goldilocks
goldleaf
goldman
goldmember
goldmine
goldorak
goldrush
goldsmith
goldstar
goldstar1
goldwing
goldwing1
goldy
goleafsgo
golf1234
golf4fun
golfball
golfball1
golfclub
golfcourse
golfer
golfer01
golfer11
golfer12
golfer123
golfer69
golfgolf
golfgti
golfing
golfing1
golfinho
golfman
golfnut
golfpro
golfpro1
golfr
golftdi
golfvr
golga
golga.70
golgo
goliat
goliath
goliath1
gollum
golosa
golosa69
golova
golovizina_elena
golubinskij
golubinskij.87
goluboglazka
goluboglazka08
goman
goman1985
gomets
gomez
gomez123
gonavy
goncalo
goncalves
gondon
gondor
gonefishin
gonefishing
gonoles
gonoles1
gonzaga
gonzaga1
gonzales
gonzales1
gonzalez
gonzalez1
gonzalez12
gonzalo
gonzalo1
gonzo
gonzo123
goober
goober12
goober123
goobers
good1234
good12345
good123456
good123654
good2go
good4me
good4now
good4u
good4you
goodboy
goodboy1
goodboy123
goodbullet
goodbye
goodbye1
goodbye2
goodcharlotte
goodday
goodday1
gooddog
goodfella
goodfella1
goodfellas
goodfood
goodfriend
goodgame
goodgirl
goodgirl1
goodgod
goodgod1
goodgood
goodgood1
goodguy
goodguy1
goodie
goodies
goodies1
goodison
goodjob
goodlife
goodlife1
goodlooking
goodlord
goodlove
goodluck
goodluck1
goodluck123
goodman
goodman1
goodmorning
goodmother
goodness
goodness1
goodnews
goodnight
goodnight1
goodone
goodpussy
goodpussy1
goodrich
goodsex
goodstuff
goodtime
goodtime1
goodtimes
goodtimes1
goodtogo
goodwife
goodwill
goodwill1
goodwin
goodwin1
goodwoman
goodwood
goody
goody2shoe
goodyear
goodyear1
goofball
goofball1
goofy
goofy123
googie
google
google.com
google01
google10
google11
google12
google123
google1234
google13
google21
google22
google23
google69
googlecheckout
googles
googletester
googly
googoo
goomba
goon4life
gooner
goonie
goonies
goonies1
goons
goonsquad
goonsquad1
goose
goose123
goosebumps
goosey
gopack
gopal
gopher
gopher12
gophers
gopinath
gopnik
gorams
gorda
gordie
gordis
gordita
gordita1
gordito
gordito1
gordo
gordo123
gordon
gordon12
gordon123
gordon24
gorgeous
gorgeous1
gorges
gorila
gorilla
gorilla1
gorillas
gorillaz
gorillaz1
gorlonis
gorman
gorodok
gosia
gosiaczek
gosling
gospel
gossip
gossipgirl
gostosa
gostoso
got2go
gotcha
gotenks
gotenks1
gotham
gothic
gothic12
gothic123
gothic13
gothic666
gothica
gothika
gotigers
gotigers1
gotika
gotmilk
gotmilk1
gotmilk2
gotmilk?
gotmoney
gotmoney1
gotohell
gotohell1
gotribe
gotrice
gotten
gotti
gotyou
gougou
gouranga
gourmet
government
governor
govind
govinda
govols
goxyboib
goyj2010
gr33nday
gr8ful
gr8one
grace
grace123
grace4me
grace777
gracee
graceful
graceland
graceland1
graces
gracey
gracia
gracias
gracie
gracie01
gracie03
gracie05
gracie06
gracie07
gracie08
gracie09
gracie10
gracie11
gracie12
gracie123
gracie13
gracie22
graciela
graciela1
gracious
grad2006
grad2007
grad2008
grad2009
grad2010
grade
graduate
graduate08
graduate1
graduation
grady
graeme
graffiti
graffiti1
grafton
graham
grahm
gramma
grammar
grammy
gramps
granada
granada1
granat
granata
grand
grandad
grandad1
grandam
grandam1
grandchase
grandchildren
grande
grandkids
grandkids1
grandkids2
grandkids3
grandkids4
grandkids5
grandkids6
grandkids7
grandma
grandma!
grandma01
grandma1
grandma11
grandma12
grandma123
grandma2
grandma3
grandma4
grandma5
grandma6
grandma7
grandma8
grandmaster
grandmom
grandmom1
grandmother
grandpa
grandpa1
grandpa2
grandprix
grandprix1
grandslam
grandson
grandson1
grandtheft
grange
granger
granger1
granit
granite
granite1
granny
granny12
grant
grant123
granville
grape
grapeape
grapefruit
grapes
grapevine
graphic
graphics
graphics1
grass
grasshoppe
grasshopper
grateful
grateful1
gratis
gratis123
gratitude
gravedigger
graves
graveyard
gravity
gravity1
gravy
grayson
grayson1
graywolf
grazia
graziano
grazie
graziella
grease
great
great123
greatdane
greatday
greatday1
greater
greater1
greatest
greatest1
greatgod
greatman
greatness
greatness1
greatone
greatone1
greats
greatwhite
grecia
greece
greedisgood
greedy
greek
green
green100
green101
green111
green123
green1234
green12345
green321
green420
green777
greenapple
greenbay
greenbay1
greenbay4
greenbean
greenbean1
greenday
greenday!
greenday.
greenday1
greenday10
greenday11
greenday12
greenday123
greenday13
greenday14
greenday2
greenday21
greenday3
greenday4
greenday5
greenday6
greenday7
greenday9
greendog
greene
greeneggs
greener
greeneyes
greeneyes1
greeneyes2
greenfield
greenfrog
greenfrog1
greengirl
greengrass
greengreen
greenhouse
greenie
greenland
greenlantern
greenleaf
greenlight
greenman
greenman1
greenpeace
greens
greentea
greentea1
greentree
greentree1
greenville
greenway
greenwich
greenwood
greenwood1
greeny
greetings
greg1234
greggy
gregoire
gregor
gregorio
gregory
gregory1
gregory123
gregory2
gregory3
gregory7
gremio
gremlin
gremlin1
gremlins
grenada
grenade
grendel
grendel1
grenoble
grenouille
greshnik
greta
gretchen
gretchen1
gretel
gretta
gretzky
gretzky99
greygoose
greygoose1
greyhound
greyhound1
greyson
greywolf
gribouille
griffen
griffey
griffey1
griffey24
griffin
griffin1
griffith
griffon
grigri
grih-rom
grihan
grillo
grillz
grimreaper
grinch
grind
grindcore
grinder
grinder1
grinding
grine
grinface
gringa
gringo
griselda
griselda1
grisette
grisha
grishin
grishin0308
grisou
grissom
grizzly
grizzly1
groceries
grocery
gromit
groningen
groove
groovy
groucho
groucho1
ground
grounded
grounded1
groundhog
group
groupd
groupd2013
grove
grover
growth
gruby
grumpy
grumpy13
grundig
grunge
grunt
gryffindor
gryphon
grzegorz
grzesiek
gshock
gsxr1000
gsxr1100
gsxr1300
gtagta
gtasanandreas
gtavicecity
gthcbr
gthdsq
gthtcnhjqrf
gtivr
gtkmvtyb
gtkmvtym
gtnheirf
gtnhjczy
gtnhjd
gtnhjdbx
gtnhjdf
gtnhjdyf
gtxtymrf
gu1tar
guacamole
guadalajar
guadalajara
guadalupe
guadalupe1
guadalupe2
guadeloupe
gualapmi
guanajuato
guapa
guapo
guarana
guard
guardian
guardian1
guardian101
guardians
guatemala
guatemala1
guatemala2
guayaquil
gucci
gucci123
guccimane
guccimane1
gucio
gudiya
gudoplfs
gudrun
guera
guero
guerra
guerreiro
guerrero
guerrero1
guess
guess123
guessit
guessit1
guessit22
guessthis
guessthis1
guesswhat
guesswhat1
guesswho
guesswho1
guest
guevara
guevara1
guevarra
guido
guigui
guild
guildwars
guildwars1
guilherme
guilherme1
guillaume
guillaume1
guille
guillermo
guillermo1
guilty
guimaraes
guinea
guineapig
guiness
guiness1
guinness
guinness1
guismo
guitar
guitar01
guitar10
guitar101
guitar11
guitar12
guitar123
guitar13
guitar14
guitar15
guitar21
guitar22
guitar23
guitar666
guitar69
guitar77
guitare
guitare1
guitarhero
guitarist
guitarist1
guitarman
guitarman1
guitarra
guitarra1
guitars
guitars1
guizmo
gujunpyo
guldaniya.galina
gulfik
gulliver
gulmira
gulnara
gulnaz
gulshan
gumball
gumball1
gumbo
gumby
gumdrop
gumdrop1
gummy
gummybear
gummybear1
gummybears
gumption
gunawan
gunblade
gunbound
gundam
gundam00
gundam01
gundam123
gundamseed
gundamwing
gungrave
gungun
gunit
gunit123
gunjan
gunman
gunnar
gunner
gunner01
gunner11
gunner12
gunner123
gunners
gunners1
gunot
gunshot
gunslinger
gunsmoke
gunsnroses
gunter
gunther
gunther1
guntis
guntur
gupta
gurpreet
guru1234
gurudev
guruguru
guruji
gurunanak
gusanito
gusano
gusgus
gussie
gustav
gustave
gustavo
gustavo1
gustavo12
gustavo123
guster
gutentag
guthrie
gutierrez
gutierrez1
gutschein
gutta
gutter
guwahati
guwapo
guyana
guyg56fghf
guyguy
guyssuck
guyssuck1
guyver
guzel.t.f
guzman
gv5235523532
gvinpinka
gvinpinka123
gvqjvxvb
gvqjvxvb76
gvqzvxub
gvqzvxub76
gwada
gwada971
gwadada
gwapa
gwapako
gwapings
gwapito
gwapo
gwapo123
gwapoako
gwapoko
gwarmonster
gwendoline
gwendolyn
gwendolyn1
gwerty
gwerty123
gwiazda
gwyneth
gxtkrf
gy3yt2rgls
gygypyfyyyposhy
gymnast
gymnast1
gymnastics
gypsie
gypsy
gypsy123
gznybwf
gznybwf13
h-town
h00ters
h0ckey
h0ller
h0llyw00d
h0td0g
h0ttie
h1234567
h12345678
h123456789
h1992iding
h1h1h
h1xp2z2duk
h2oh2o
h2opolo
h2vwdubjx
h2vwdubjx4
h36js3ggof
h3llokitty
h4ck3r
h4hgaipgzu
h4t3cr3w
h7vkzo
h80lsa
h87va5rtp
h87va5rtp6
h8llp9f
h97e7ijwwb
ha123456
habana
habbo
habbo123
habeeb
habib
habiba
habibi
habitat
habitat1
hacienda
hacked
hacked123
hacker
hacker12
hacker123
hackers
hackers1
hacking
hackme
hackthis
hackthis1
hadassah
haddock
hades
hadiza
hadley
hadoken
hadouken
hafida
hagakure
haggard
haggard1
haggis
hagrid
haha1234
haha12345
hahabitch
hahabitch1
hahaha
hahaha11
hahaha12
hahaha123
hahahaha
hahahaha1
hahahahaha
hahahehe
hahalol
hahalol1
haider
haihai
haikal
hailee
hailey
hailey01
hailey03
hailey04
hailey05
hailey06
hailey07
hailey08
hailey11
hailey12
hailey123
hailey13
hailie
hailmary
hairball
hairball1
haircut
haircut1
hairdresser
hairspray
hairspray1
hairy
haiti
haitian
haitian1
hajduk
hajime
hakan
hakeem
hakim
hakima
hakkinen
hakuna
hakunamatata
halamadrid
halcon
halcyon
haleigh
haleigh1
haleluya
haley
haley123
halflife
halflife1
halflife2
halfmoon
halfpint
halfpint1
halibut
halifax
halifax1
halima
halina
hallelujah
haller
halley
hallie
hallihallo
halliwell
halliwell1
hallmark
hallo
hallo123
hallo1234
hallo12345
hallodu
hallodu1
halloduda
hallohallo
hallombn
hallombn001
halloo
hallow
halloween
halloween1
halloween2
halloween3
hallucinationse
halo1234
halo12345
halo3odst
halo3rocks
halo3rules
halohalo
halohalo007
haloreach
halowars
halowars1
hamada
hamasaki
hambone
hambone1
hamburg
hamburg1
hamburg15
hamburger
hamburger1
hamdan
hameed
hamham
hamid
hamida
hamilton
hamilton1
hamish
hamlet
hammad
hammarby
hammed
hammer
hammer01
hammer11
hammer12
hammer123
hammer69
hammerfall
hammerhead
hammers
hammers1
hammertime
hammie
hammond
hammond1
hammy
hammy123
hampshire
hampster
hampster1
hampton
hampton1
hamradio
hamster
hamster1
hamster12
hamster123
hamster2
hamster3
hamsters
hamsters1
hamtaro
hamtaro1
hamulakvitaly
hamza
hamza123
hamzah
hanahana
hanakimi
hanako
hanane
hancock
hancock1
handbag
handball
handball1
handel
handicap
handle
handoi
handsome
handsome1
handy
handyman
handyman1
hangar
hangar18
hanger
hanger18
hangman
hangman1
hangover
hanhan
hanhphuc
hanibal
hanicka
hanifa
hanihani
hanka
hanna
hanna123
hannah
hannah00
hannah01
hannah02
hannah03
hannah04
hannah05
hannah06
hannah07
hannah08
hannah09
hannah10
hannah101
hannah11
hannah12
hannah123
hannah1234
hannah13
hannah14
hannah15
hannah16
hannah17
hannah18
hannah19
hannah20
hannah21
hannah22
hannah23
hannah24
hannah25
hannah69
hannah77
hannah88
hannah95
hannah96
hannah97
hannah98
hannah99
hannahmont
hannahmontana
hannan
hannelore
hannes
hannibal
hannibal1
hannie
hannover
hannover96
hanover
hanover1
hans4queck
hansel
hansen
hanshans
hansi
hansol
hansolo
hansolo1
hanson
hanspeter
hanswurst
hanter
hantu
hantu123
hanuman
hanuman1
hanumanji
hao123456
haohao
hapiness
hapkido
happening
happie
happines
happiness
happiness!
happiness1
happiness2
happiness7
happy
happy100
happy101
happy111
happy123
happy1234
happy12345
happy2007
happy2008
happy2009
happy2010
happy2011
happy2be
happy2bme
happy2day
happy321
happy420
happy4ever
happy4me
happy4u
happy777
happybirth
happybirthday
happyboy
happybunny
happycat
happyday
happyday1
happydays
happydays1
happydog
happyface
happyface1
happyfamily
happyfeet
happyfeet1
happyfeet2
happygirl
happygirl1
happyhappy
happyhour
happylife
happylove
happyman
happyman1
happyme
happyme1
happyness
happyness1
happynewyear
happyone
happys
happytime
happyy
harajuku
harakiri
harald
harbor
harbour
hardaway
hardball
hardbody
hardbody1
hardc0re
hardcock
hardcore
hardcore!
hardcore.
hardcore1
hardcore12
hardcore13
hardcore2
hardcore3
hardcore4
hardcore69
hardcore7
hardcore88
harddick
harder
hardhead
hardhead1
hardik
harding
harding1
hardman
hardon
hardrock
hardrock1
hardstyle
hardstyle1
hardware
hardware1
hardwood
hardwork
hardwork1
hardy
hardy123
harekrishna
harekrsna
hareram
harerama
harhar
haribo
haribol
hariharan
harika
harimau
harini
hariom
harish
haritha
harlan
harlee
harlem
harlequin
harley
harley00
harley01
harley02
harley03
harley04
harley05
harley06
harley07
harley08
harley09
harley10
harley101
harley11
harley12
harley123
harley13
harley14
harley15
harley17
harley21
harley22
harley23
harley24
harley33
harley55
harley66
harley69
harley77
harley88
harley883
harley95
harley96
harley97
harley98
harley99
harleyd
harleyd1
harleydavidson
harleydog
harlie
harlow
harman
harmon
harmonia
harmonica
harmonie
harmony
harmony1
harmony2
harmony7
harold
harold123
haroon
harper
harpoon
harpreet
harrier
harriet
harriet1
harrington
harris
harris123
harrison
harrison1
harrison12
harrison2
harry
harry123
harry1234
harrydog
harryp
harrypotte
harrypotter
harrypotter1
harrys
harrystyles
harsh
harsh123
harsha
harshini
harshit
harshita
hartford
hartford1
hartley
hartman
hartmann
hartnett
haruka
haruna
harvard
harvard1
harvest
harvest1
harvey
harvey01
harvey12
harvey123
harvick
harvick29
has202020
hasan
hasan123
haseeb
haseena
haselko
hashem
hashim
hashish
hasina
haslo
haslo123
hassan
hassan12
hassan123
hassen
hastalavista
hastings
hastings1
hatchet
hatchet1
hate2love
hatebreed
hatebreed1
hated
hatelife
hatelove
hatelove1
hateme
hater
hater123
haters
haters12
haters123
haterz
hateu
hateyou
hateyou1
hateyou2
hatfield
hatice
hatred
hatter
hatteras
hattie
hattrick
haunted
haunted1
havana
haveaniceday
havefaith
havefaith1
havefun
havefun1
haven
havingfun
havoc
hawaii
hawaii01
hawaii05
hawaii06
hawaii07
hawaii08
hawaii09
hawaii11
hawaii12
hawaii123
hawaii50
hawaii808
hawaii99
hawaiian
hawaiian1
hawk1020
hawker
hawkesbury
hawkesbury93
hawkeye
hawkeye1
hawkeyes
hawkeyes1
hawkins
hawkins1
hawks
hawkwind
hawthorn
hawthorn1
hawthorne
hawthorne1
hayabusa
hayabusa1
hayastan
hayate
hayati
haydee
hayden
hayden01
hayden05
hayden06
hayden07
hayden08
hayden09
hayden11
hayden12
hayden123
hayes
hayhay
haylee
hayleigh
hayley
hayley12
hayley123
haylie
haynes
hayward
hayward1
hayward510
haywood
hazard
hazel
hazel123
hazeleyes
hazelnut
hazmat
hazzard
hbf28w
hbhc8290826
hbxfhl
hd764nw5d7e1vb
hd764nw5d7e1vb1
hdfcbank
hdq6c9azv
he635789
headache
headbanger
headhunter
headphones
headshot
headshot1
headstrong
healer
healing
healing1
health
healthcare
healthy
healthy1
heart
heart123
heartagram
heartbeat
heartbeat1
heartbreak
heartbreaker
heartbroke
heartbroken
heartland
heartless
heartless1
hearts
hearts11
hearts12
hearts123
hearts13
hearty
heater
heath
heather
heather!
heather.
heather01
heather07
heather08
heather09
heather1
heather10
heather11
heather12
heather123
heather13
heather14
heather15
heather16
heather17
heather18
heather2
heather21
heather22
heather23
heather3
heather4
heather5
heather6
heather69
heather7
heather8
heather9
heatwave
heaven
heaven01
heaven07
heaven08
heaven09
heaven10
heaven11
heaven12
heaven123
heaven13
heaven17
heaven22
heaven77
heaven777
heavenly
heavenly1
heavens
heavensent
heavy
heavymetal
hebrew
hebrides
hecate
heccrbq
hecfkrf
heckfy
heckfyxbr
hecnfv
hector
hector12
hector123
hector13
hedgehog
hedgehog1
hedimaptfcorp
hedwig
heehee
heeren981a
heffer
hehehaha
hehehe
hehehe123
hehehehe
heidelberg
heidi
heidi123
heihei
heineken
heineken1
heinlein
heinrich
heinz
heitor
heitor250493
hejhej
hejhej123
hejhejhej
hejmeddig
hejsan
hejsan123
heka6w
hektor
helado
helder
helen
helen123
helena
helena123
helene
helenka
helga
helga_557634
helicopter
helikopter
helios
helium
helives
hell0kitty
hellas
hellbound
hellboy
hellboy1
hellboy123
hellboy2
hellboy666
hellcat
hellen
heller
hellfire
hellfire1
hellgate
hellhell
hellhound
hellion
hellno
hello
hello007
hello100
hello101
hello111
hello123
hello1234
hello12345
hello2me
hello2u
hello2u2
hello2you
hello321
hello456
hello666
hello777
hello999
helloall
hellobaby
hellodolly
hellogoodbye
hellohello
hellohi
hellohi1
hellokitty
hellokitty1
hellokitty123
helloma
helloman
hellomate
hellome
hellome1
hellomoto
hellomoto1
helloo
hellos
hellosimon
hellothere
hellou
hellow
helloween
helloworld
helloyou
helloyou1
hellraiser
hellsbells
hellsing
hellsing1
hellspawn
hellya
hellyea
hellyea1
hellyeah
hellyeah1
helmet
helmut
heloisa
heloise
help1234
help4me
helpdesk
helper
helphelp
helpme
helpme11
helpme12
helpme123
helpmegod
helpmelord
helsinki
hemalatha
hemant
hemanth
hemicuda
hemingway
hemligt
hemlock
hemmelig
henderson
henderson1
hendra
hendrik
hendrix
hendrix1
hendrix2
hendrix69
henkie
henley
hennessy
hennessy1
henni
henni1907
hennie
henning
henri
henrietta
henriette
henrik
henrique
henry
henry123
henrys
henson
hentai
hepburn
herald
herbal
herbalife
herbalife1
herbert
herbert1
herbie
herbie53
herbsmd
herbst
hercule
hercules
hercules1
hereford
hereiam
heretic
herewego
heriberto
heritage
heritage1
herkules
herman
hermana
hermann
hermann1
hermano
hermanos
hermes
hermie
hermina617berno1990f6i
hermine
herminia
hermione
hermione1
hermit
hermitage
hermosa
hermosa1
hermoso
hernan
hernandez
hernandez1
hernandez2
hernando
herobrine
heroes
herohero
herohonda
heroin
heroine
herpderp
herrera
herrera1
herring
hershey
hershey1
hershey12
hershey123
hershey2
hershey3
hershey7
hersheys
hertha
herve
heslo
heslo123
hesloheslo
hesoyam
hesoyam1
hesoyam123
hester
hester23
heterosexual
hetfield
hevhk43n9j
hewitt
hewlett
hewlett1
hex[687474703a2f2f
hey12345
heybabe
heybabe1
heybaby
heybaby1
heydude
heydude1
heygirl
heygirl1
heyhey
heyhey11
heyhey12
heyhey123
heyheyhey
heyheyhey1
heyjude
heyjude1
heyman
heynow
heythere
heythere1
heyyou
hezekiah
hfccdtn
hfcgbplzq
hfjdk
hfleuf
hfljcnm
hfpdjl
hfrtnf
hfvbkm
hfvd3425f
hfytnrb
hfytnrf
hgf4h3fhf
hgfdsa
hggih
hghghg
hgrfqg
hgrfqg4577
hgxnewx
hgxnewx11
hh123456
hhhhh
hhhhhh
hhhhhhh
hhhhhhhh
hhhhhhhhh
hhhhhhhhhh
hi123456
hiawatha
hibees
hibernia
hibernian
hibiscus
hicham
hichem
hickey
hickory
hickory1
hidalgo
hidalgo1
hidayah
hidayat
hidden
hideki
hifive
higgins
higgins1
highbury
highbury1
higher
highfive
highheel
highheels
highland
highland1
highlander
highlands
highlife
highlife1
highschool
highspeed
hightimes
hightimes1
highway
highway1
highway61
highwind
hihello
hihihi
hihihi12
hihihi123
hihihihi
hihihihi1
hijack
hijodeputa
hijoputa
hikari
hikaru
hiking
hilario
hilary
hilaryduff
hilda
hildegard
hilfiger
hillary
hillary1
hillbilly
hillbilly1
hillcrest
hillcrest1
hillside
hillside1
hillsong
hilltop
hilltop1
hillview
hilton
himalaya
himani
himanshu
himawari
himera
himitsu
himmel
himom
himura
hinata
hinder
hindustan
hindustani
hip-hop
hiphop
hiphop01
hiphop10
hiphop101
hiphop11
hiphop12
hiphop123
hiphop13
hiphop23
hipolito
hipopotamo
hippie
hippo
hippo123
hippopo
hippos
hippy
hireme
hiroki
hiroko
hiromi
hirondelle
hiroshi
hiroshima
hiroyuki
hirsch
hisgrace
hisham
hismatdan
histoire
historia
history
history1
history278
hitachi
hitachi1
hitchcock
hitech
hitesh
hithere
hithere1
hitler
hitler123
hitler666
hitler88
hitman
hitman11
hitman12
hitman123
hitman23
hitman47
hitokiri
hitomi
hitsugaya
hiuyt75f
hjccbz
hjcnbckfd
hjcnbr
hjcnjd
hjhjhj
hjlbjy
hjlbntkb
hjlbyf
hjpjxrf
hjvfirf
hjvfyjd
hjvfyjdf
hjvfynbrf
hjvjxrf
hlubkoj
hlubkoj1
hm9958123
hmfan
hoang
hoang123
hoanganh
hobart
hobbes
hobbit
hobie
hobiecat
hoboken
hochzeit
hockey
hockey00
hockey01
hockey07
hockey08
hockey09
hockey10
hockey101
hockey11
hockey12
hockey123
hockey13
hockey14
hockey15
hockey16
hockey17
hockey18
hockey19
hockey20
hockey21
hockey22
hockey23
hockey24
hockey25
hockey26
hockey27
hockey28
hockey29
hockey30
hockey31
hockey33
hockey35
hockey44
hockey55
hockey66
hockey69
hockey77
hockey87
hockey88
hockey89
hockey91
hockey97
hockey99
hocuspocus
hodges
hoebag
hoffman
hoffman1
hoffmann
hoffnung
hogan
hogehoge
hogwarts
hogwarts1
hohoho
hohohoho
hoihoi
hoilamgi
hokage
hokej
hokies
hokuto
hola1234
hola12345
hola123456
holahola
holahola1
holanda
holaquetal
holas
holdem
holden
holden01
holden05
holden123
holdenv
holdenv8
holder
holdon
holein
holeinone
holger
holiday
holiday1
holiday123
holiday2
holidays
holidays1
holidaysecure
holidaysecure123
holidaysecure123$
holiness
holla
holla123
hollaback
hollaback1
holland
holland1
holler
holley
holliday
hollie
hollie99
hollis
hollister
hollister!
hollister.
hollister0
hollister1
hollister2
hollister3
hollister4
hollister5
hollister6
hollister7
hollister8
hollister9
hollow
holloway
hollowman
holly
holly123
hollydog
hollydog1
hollywood
hollywood!
hollywood0
hollywood1
hollywood2
hollywood3
hollywood4
hollywood5
hollywood6
hollywood7
hollywood8
hollywood9
hollyy
holmes
holstein
holsten
holuha
holuha00
holybible
holybible1
holycow
holycow1
holycrap
holycrap1
holycross
holyghost
holyghost1
holyholy
holymoly
holysh!t
holyshit
holyshit!
holyshit1
holyspirit
hombre
home0401
home1234
home12345
homealone
homebase
homeboy
homeboy1
homebrew
homedepot
homedepot1
homegirl
homegirl1
homegrown
homehome
homeland
homeless
homeless1
homelesspa
homepage
homer
homer123
homerj
homero
homers
homersimpson
homerun
homerun1
homes
homeschool
homeslice
homeslice1
homestar
homestar1
homestead
homestead1
homesweethome
hometown
hometown1
homework
homework1
homeworld
homey
homie
homie123
homies
homies13
hommer
homosexual
honda
honda100
honda123
honda1234
honda125
honda150
honda2000
honda250
honda300
honda400
honda400ex
honda450
honda450r
honda500
honda600
honda750
hondaaccord
hondacbr
hondacity
hondacivic
hondacr
hondacr125
hondacr250
hondacrv
hondacrx
hondas
hondas2000
honden
honduras
honduras1
honduras12
honest
honesty
honesty1
honey
honey101
honey123
honey1234
honey143
honey215
honeyb
honeybabe
honeybaby
honeybear
honeybear1
honeybee
honeybee1
honeybun
honeybun1
honeybunch
honeybunny
honeycoh
honeycomb
honeydew
honeydip
honeydip1
honeydog
honeygirl
honeygirl1
honeyhoney
honeyko
honeykoh
honeylove
honeymoon
honeypie
honeypot
honeyq
honeys
honeywell
honeyy
honeyz
hongkong
hongkong1
honney
honolulu
honolulu1
honor
honour
honza
honzik
hoobastank
hooch
hoochie
hoochie1
hoodnigga
hoodnigga1
hoodrat
hoodrat1
hoodrich
hoodrich1
hoodstar
hoodstar1
hookem
hooker
hooker69
hookup
hooligan
hooligan1
hooligans
hooper
hoopla
hoops
hoosier
hoosier1
hoosiers
hoosiers1
hooter
hooters
hooters1
hooters2
hooters69
hootie
hoova
hoover
hoover74
hope1234
hope4me
hopeful
hopeful1
hopefull
hopehope
hopeless
hopeless1
hopewell
hophop
hoping
hopkins
hopkins1
hoppel
hopper
hoppy
hopscotch
horace
horacio
horatio
horizon
horizon1
horizons
horndog
hornet
hornet01
hornet600
hornets
hornets1
horney
horny
horny123
horny4u
horosho
horror
horse
horse123
horselover
horseman
horsemen
horsepower
horses
horses01
horses10
horses101
horses11
horses12
horses123
horses13
horses22
horseshit
horseshoe
horseshoe1
horsey
horst
hortense
horton
horus
hosanna
hospice
hospital
hospital1
hossam
hostel
hostmaster
hot2handl
hot2trot
hot4tv
hot4u
hot4you
hot97hot
hotaru
hotass
hotbabe
hotbabe1
hotbabes
hotbaby
hotbaby1
hotbitch
hotbitch1
hotboi
hotbox
hotboy
hotboy12
hotboy123
hotboy23
hotboys
hotboys1
hotboyz
hotboyz1
hotcakes
hotchick
hotchick1
hotchick12
hotchicks
hotchicks1
hotdamn
hotdog
hotdog01
hotdog11
hotdog12
hotdog123
hotdog22
hotdog23
hotdog69
hotdogs
hotdogs1
hotel
hotels
hotgirl
hotgirl1
hotgirl12
hotgirl123
hotgirl2
hotgirls
hotgirls1
hotgurl
hotgurl1
hotguy
hothead
hothot
hothothot
hotie
hotline
hotline1
hotlips
hotlips1
hotlove
hotmail
hotmail.
hotmail.co
hotmail.com
hotmail1
hotmail11
hotmail12
hotmail123
hotmail2
hotmail3
hotmail5
hotmail7
hotmails
hotmale
hotmama
hotmama1
hotmama12
hotmama123
hotmama2
hotmamma
hotmamma1
hotman
hotmom
hotmomma
hotmomma1
hotness
hotness1
hotone
hotpants
hotpants1
hotpink
hotpink1
hotpink2
hotpocket
hotpocket1
hotpussy
hotrod
hotrod12
hotrod123
hotrod69
hotsauce
hotsauce1
hotsex
hotsex69
hotshit
hotshit1
hotshot
hotshot1
hotshots
hotspot
hotspur
hotstuff
hotstuff!
hotstuff1
hotstuff10
hotstuff12
hotstuff2
hotstuff69
hott4u
hottest
hottest1
hotti
hottie
hottie#1
hottie00
hottie01
hottie05
hottie06
hottie07
hottie08
hottie09
hottie10
hottie101
hottie11
hottie12
hottie123
hottie1234
hottie13
hottie14
hottie15
hottie16
hottie17
hottie18
hottie19
hottie20
hottie21
hottie22
hottie23
hottie24
hottie25
hottie27
hottie33
hottie34
hottie44
hottie45
hottie4u
hottie55
hottie69
hottie88
hottie911
hottie92
hottie93
hottie94
hottie95
hottie99
hotties
hotties1
hottness
hottness1
hottopic
hottopic1
hottstuff
hottstuff1
hottub
hotty
hotty101
hotty123
hotwater
hotwheels
hotwheels1
hotwings
houdini
houdini1
houghton
hounddog
hounddog1
hounds
houria
hours
house
house123
housemusic
houses
housewife
housing
houston
houston1
houston12
houston123
houston13
houston2
houston23
houston281
houston3
houston5
houston7
houston713
hovno
howard
howard12
howard123
howareyou
howareyou1
howareyou123
howdy
howdy123
howell
howhigh
howie
hpg2n89qif
hph2n89qif
hpotter
hppavilion
hrenota
hrenota1
hrithik
hrustem
hrustem65
hrvatska
hs16andi3z
hshn7669
hshshs
hsu75kpot
htlbcrf
htown
htown713
htrkfvf
htt//members.cumfiesta.com
htt//members.cumfiesta.com/
http://www
htubcnhfwbz
htubyf
huahua
huang
huang123
huangfeisuny
huangjin
huangjin1987
huanhuan
huawei
hubba
hubbabubba
hubbard
hubbard1
hubble
hubby
hubert
hubertus
huckleberry
hudson
huevos
huf7dkgd
huggies
huggies1
huggybear
hughes
hugo1234
hugo854lataille
hugo854lataille1988
hugoboss
hugoboss1
hugohugo
hugues
huguette
huguito
huhbbhzu
huhbbhzu78
huhuhu
huihui
hujhuj
hulaanmo
hulagirl
huligan
hulkhogan
hulkhogan1
hulkster
hulkster1
hullcity
hullcity1
humaira
human
humanity
humanoid
humans
humberto
humberto1
humble
humboldt
humbug
humility
hummel
hummer
hummer12
hummer123
hummer69
hummerh
hummerh1
hummerh2
hummerh3
hummingbir
hummingbird
humphrey
humphrey1
humtum
hundred
hungary
hunger
hungry
hunnie
hunny
hunnybunny
hunt3r
hunter
hunter00
hunter01
hunter02
hunter03
hunter04
hunter05
hunter06
hunter07
hunter08
hunter09
hunter10
hunter101
hunter11
hunter12
hunter123
hunter1234
hunter13
hunter14
hunter15
hunter16
hunter17
hunter18
hunter19
hunter20
hunter21
hunter22
hunter23
hunter24
hunter25
hunter26
hunter27
hunter28
hunter33
hunter44
hunter45
hunter55
hunter66
hunter666
hunter69
hunter77
hunter88
hunter89
hunter94
hunter95
hunter96
hunter97
hunter98
hunter99
hunters
hunters1
hunterx
hunting
hunting1
hunting101
hunting12
hunting123
hunting2
huntington
huntress
huracan
hurensohn
hurensohn1
hurley
hurricane
hurricane1
hurricane2
hurricanes
husain
husan
husan0890
husband
husband1
huseyin
husker
huskers
huskers1
huskies
huskies1
husky
husqvarna
hussain
hussain1
hussein
hustla
hustle
hustler
hustler1
hustlin
hustlin1
hutch
hutchins
hutchinson
huxley
huyhuy
hvqjvxvb
hvqjvxvb76
hwriwxwc
hwriwxwc76
hx28o9e
hx28o9e646
hxboqg2s
hyacinth
hybrid
hyderabad
hydro
hydro420
hydrogen
hyper
hyperion
hyperlite
hyperlite1
hyphy
hyphy101
hyrule
hysteria
hyundai
hyundai1
i&lt:3you
i.love.you
i1234567
i123456789
i18bzbk3ay
i18bzbk3ay8
i234i234i
i234i234i234
i4ceebk
i4ddebm
i4deebm
i4gotit
i4ifbinfyu
i5stwf1rcx
i84avh9lti
i97wb6sxq
i97wb6sxq7
i98xb7sxr
i98xb7sxr7
i9o0p
i<3you
i_love_you
iam2cool
iamalone
iamawesome
iamblessed
iamcool
iamcool!
iamcool1
iamcool123
iamcool2
iamcrazy
iamcute
iamfree
iamgay
iamgod
iamgood
iamgreat
iamhappy
iamhere
iamhot
iaminlove
iamking
iamlegend
iamlegend1
iamlucky
iamme
iamno
iamnumber
iamnumber1
iamrich
iamsam
iamsexy
iamsexy1
iamsocool
iamsocool1
iamthe
iamthebest
iamthebest1
iamtheking
iamtheman
iamtheman1
iamtheone
iamtheone1
iamwhatiam
ianian
ianuarie
ib6ub
ibadan
ibanez
ibanezjs
ibarra
ibelieve
ibicguwjic
ibiza
ibookg
ibragim
ibrahim
ibrahim1
ibrahim123
ibrahima
ibrahimovic
ibukun
icandoit
icanfly
icare
icare123
icarly
icarus
ice-cream
iceage
icebaby
iceberg
iceberg1
icebox
icecold
icecold1
icecream
icecream!
icecream.
icecream1
icecream10
icecream11
icecream12
icecream123
icecream13
icecream2
icecream22
icecream23
icecream3
icecream4
icecream5
icecream6
icecream7
icecream8
icecream9
icecube
icecube1
icefire
icegirl
icehockey
icehouse
icehouse1
iceice
iceicebaby
iceland
iceland1
iceman
iceman01
iceman11
iceman12
iceman123
iceman13
iceman21
iceman22
iceman23
iceman69
icequeen
icetea
icewater
ichbin
ichbincool
ichbins
ichiban
ichich
ichigo
ichiro
ichiro51
ichliebedi
ichliebedich
ichunddu
icotpd
icross
icthus
icthus01
icxkyb
icxkyb7972
id6c3wr6un
iddqd
iddqdidkfa
idefix
identity
idinahui
idiot
idiot123
idiota
idiots
idlewild
idon'tknow
idontcare
idontcare1
idonthave
idonthave1
idontknow
idontknow!
idontknow.
idontknow1
idontknow2
idontknow3
idontno
idontno1
idriss
idspispopd
idunno
if6was
ifeanyi
ifeoluwa
ifeoma
iffqb66tw
ifiksr
iforget
iforget1
iforgot
iforgot!
iforgot1
iforgot2
iforgotit
ifuckyou
ifuckyou1987
ifycjyhekbn
ig4abox
ig4abox4
igaev
igetmoney
igetmoney1
igetmoney2
iggypop
iglesia
iglesias
ignacio
ignacio1
ignatius
ignatova
ignatova_1978_09
ignazio
ignition
ignoranto
igorek
igorek-filatov
igorigor
igot5onit
igromania
iguana
ih8you
ihate
ihateboys
ihateboys1
ihateher
ihateher1
ihatehim
ihatehim1
ihatelife
ihatelife1
ihatelove
ihateme
ihatemen
ihatemen1
ihatemylif
ihatemylife
ihatemyself
ihateschool
ihatethis
ihatethis1
ihatethisgame
ihateu
ihateu12
ihateu123
ihatey0u
ihateyou
ihateyou!
ihateyou.
ihateyou1
ihateyou11
ihateyou12
ihateyou2
ihateyou22
ihateyou3
ihateyou4
ihateyou5
ihateyou6
ihateyou7
ihateyou9
ihave2kids
ihave3kids
ihave4kids
iheartu
iheartu2
iheartyou
iheartyou1
iheartyou2
iiiii
iiiiii
iiiiiii
iiiiiiii
iiiiiiiiii
iiw4ct9rq
iiyama
ijeoma
ijfrnhf7yhcy54bhy0cd
ijrjkfl
ijrjkflrf
ikaa4kr
ikaa4kr257
ikaika
ikarus
ikbengek
ike02banaa
ikechukwu
ikenna
ikickass
ikillyou
il0v3y0u
il0vehim
il0veme
il0veu
il0vey0u
il0veyou
ilaria
ilayda
ilcerchio
ildiko
ilds4edad
ileana
ilenia
ilham
ilia16739
iliana
ilike
ilikecheese
ilikeeggs
ilikegirls
ilikeit
ilikepie
ilikepie!
ilikepie1
ilikepie12
ilikepie123
ilikepie2
ilikesex
ilikeu
ilikeu123
ilikeyou
ilikeyou1
illegal
illidan
illini
illinois
illinois1
illmatic
illmatic1
illuminati
illusion
illusion1
illusions
ilmiocane
iloilo
ilona
ilonka
ilov3u
ilov3you
ilove
ilove...
ilove123
ilove1234
ilove143
ilove420
iloveaaron
iloveadam
iloveadam1
iloveaj
ilovealex
ilovealex!
ilovealex1
ilovealex2
iloveallah
iloveallman
iloveamber
iloveamy
iloveamy1
iloveandre
iloveandy
iloveandy1
iloveangel
iloveanime
iloveanna
iloveanna1
iloveash
iloveash1
iloveashle
iloveausti
ilovebeer
ilovebeer1
iloveben
iloveben1
ilovebill
ilovebilly
iloveblue
ilovebob
ilovebobby
iloveboobi
iloveboobs
iloveboys
iloveboys!
iloveboys1
iloveboys2
ilovebrad
ilovebrad1
ilovebrand
ilovebrian
ilovebritt
ilovebryan
ilovecake
ilovecandy
ilovecats
ilovecats1
ilovechad
ilovechad1
ilovecheese
ilovechris
ilovecock
ilovecock1
ilovecody
ilovecody1
iloved
ilovedad
ilovedad1
ilovedaddy
ilovedan
ilovedan1
ilovedance
ilovedanie
ilovedanny
ilovedave
ilovedave1
ilovedavid
ilovedick
ilovedick1
ilovedj
ilovedogs
ilovedogs1
ilovedogs2
ilovedylan
iloveemily
iloveemma
iloveeric
iloveeric1
ilovefood
ilovefood1
ilovegirls
ilovegod
ilovegod!
ilovegod1
ilovegod12
ilovegod2
ilovegod7
ilovegreen
ilovegreg
iloveher
iloveher!
iloveher1
iloveher12
iloveher2
ilovehim
ilovehim!
ilovehim.
ilovehim08
ilovehim09
ilovehim1
ilovehim10
ilovehim11
ilovehim12
ilovehim13
ilovehim14
ilovehim2
ilovehim22
ilovehim23
ilovehim3
ilovehim4
ilovehim5
ilovehim7
ilovehorses
iloveian
iloveindia
iloveit
iloveit1
ilovej
ilovejack
ilovejack1
ilovejacob
ilovejake
ilovejake1
ilovejames
ilovejamie
ilovejason
ilovejay
ilovejay1
ilovejb
ilovejc
ilovejeff
ilovejeff1
ilovejen
ilovejen1
ilovejenny
ilovejess
ilovejess1
ilovejesse
ilovejessi
ilovejesus
ilovejim
ilovejimmy
ilovejoe
ilovejoe1
ilovejoey
ilovejoey1
ilovejohn
ilovejohn1
ilovejon
ilovejon1
ilovejorda
ilovejose
ilovejose1
ilovejosh
ilovejosh!
ilovejosh1
ilovejosh2
ilovejuan
ilovejuan1
ilovejusti
ilovejustin
ilovekate
ilovekatie
ilovekayla
ilovekelly
ilovekevin
ilovekim
ilovekim1
ilovekiss
ilovekyle
ilovekyle1
ilovelaura
ilovelee
ilovelife
ilovelife1
ilovelisa
ilovelisa1
iloveliz
iloveliz1
ilovelove
ilovelucy
ilovelucy1
iloveluis
iloveluis1
iloveluke
iloveluke1
ilovem
ilovemama
ilovemaria
ilovemark
ilovemark1
ilovemary
ilovemary1
ilovematt
ilovematt!
ilovematt1
ilovematt2
ilovemax
ilovemax1
iloveme
iloveme!
iloveme.
iloveme01
iloveme08
iloveme09
iloveme1
iloveme10
iloveme101
iloveme11
iloveme12
iloveme123
iloveme13
iloveme14
iloveme15
iloveme16
iloveme18
iloveme2
iloveme21
iloveme22
iloveme23
iloveme3
iloveme4
iloveme5
iloveme6
iloveme69
iloveme7
iloveme8
iloveme9
ilovemegan
ilovemen
ilovemen1
ilovemicha
ilovemike
ilovemike!
ilovemike1
ilovemike2
ilovemom
ilovemom!
ilovemom1
ilovemom12
ilovemom2
ilovemommy
ilovemoney
ilovemum
ilovemusic
ilovemybab
ilovemybaby
ilovemyboo
ilovemyboy
ilovemycat
ilovemydad
ilovemydog
ilovemyfam
ilovemyfamily
ilovemyindia
ilovemykid
ilovemykids
ilovemylif
ilovemylife
ilovemymom
ilovemymother
ilovemymum
ilovemysel
ilovemyself
ilovemysis
ilovemyson
ilovemyspa
ilovemywif
ilovemywife
ilovenick
ilovenick!
ilovenick1
ilovenick2
ilovenikki
iloveno
iloveno1
iloveny
iloveny1
ilovepat
ilovepaul
ilovepaul1
ilovepie
ilovepie1
ilovepink
ilovepink1
ilovepizza
iloveporn
ilovepussy
ilovericky
iloverob
iloverob1
iloverock
iloveryan
iloveryan!
iloveryan1
ilovesam
ilovesam!
ilovesam1
ilovesara
ilovesara1
ilovesarah
ilovescott
ilovesean
ilovesean1
ilovesex
ilovesex1
ilovesex2
ilovesex69
iloveshane
iloveshawn
iloveshoes
ilovesocce
ilovesoccer
ilovesome
ilovesome1
ilovesos
ilovesos1
ilovesteph
ilovesteve
ilovetaylo
ilovethisgame
ilovetim
ilovetim1
ilovetom
ilovetom1
ilovetony
ilovetony1
ilovetyler
iloveu
iloveu01
iloveu07
iloveu08
iloveu09
iloveu10
iloveu101
iloveu11
iloveu12
iloveu123
iloveu1234
iloveu13
iloveu14
iloveu143
iloveu15
iloveu16
iloveu17
iloveu18
iloveu21
iloveu22
iloveu23
iloveu24
iloveu4eva
iloveu4eve
iloveu69
iloveu88
iloveubaby
iloveumummy
iloveweed
iloveweed1
ilovewill
ilovewill1
ilovey
ilovey0u
iloveyew
iloveyo
iloveyou
iloveyou!
iloveyou!!
iloveyou*
iloveyou.
iloveyou..
iloveyou0
iloveyou00
iloveyou01
iloveyou02
iloveyou03
iloveyou04
iloveyou05
iloveyou06
iloveyou07
iloveyou08
iloveyou09
iloveyou1
iloveyou10
iloveyou11
iloveyou12
iloveyou123
iloveyou1234
iloveyou13
iloveyou14
iloveyou143
iloveyou15
iloveyou16
iloveyou17
iloveyou18
iloveyou19
iloveyou2
iloveyou20
iloveyou21
iloveyou22
iloveyou23
iloveyou24
iloveyou25
iloveyou26
iloveyou27
iloveyou28
iloveyou29
iloveyou3
iloveyou30
iloveyou31
iloveyou32
iloveyou33
iloveyou34
iloveyou4
iloveyou42
iloveyou44
iloveyou45
iloveyou4e
iloveyou4ever
iloveyou5
iloveyou55
iloveyou56
iloveyou6
iloveyou66
iloveyou69
iloveyou7
iloveyou77
iloveyou78
iloveyou8
iloveyou87
iloveyou88
iloveyou89
iloveyou9
iloveyou90
iloveyou91
iloveyou92
iloveyou93
iloveyou94
iloveyou95
iloveyou96
iloveyou97
iloveyou98
iloveyou99
iloveyou<3
iloveyoual
iloveyouba
iloveyoubaby
iloveyouda
iloveyouf
iloveyoufo
iloveyouja
iloveyoujo
iloveyouma
iloveyoumo
iloveyouso
iloveyousomuch
iloveyouto
iloveyoutoo
iloveyouu
iloveyouu1
iloveyoux
iloveyoux3
iloveyu
ilovezac
ilovezac1
ilovezach
ilovezach1
ilovezack
ilovezack1
ilusha
ilusion
iluvchris
iluvchris1
iluvgod
iluvgod1
iluvher
iluvher1
iluvhim
iluvhim!
iluvhim1
iluvhim2
iluvjesus
iluvjesus1
iluvme
iluvme123
iluvmlml
iluvmom
iluvmom1
iluvmymom
iluvmymom1
iluvmyself
iluvsum
iluvsum1
iluvu
iluvu123
iluvu4eva
iluvu4ever
iluvyou
iluvyou!
iluvyou1
iluvyou2
ily4ever
ilya_al
ilya_al_80
im2cool
im2cute
im2sexy
imabeast
imabeast1
imabitch
imabitch1
imafag
image
images
imagination
imagine
imagine1
imahoe
imalone
imaloser
imaloser1
imani
imanuel
imapimp
imapimp1
imaslut
imaslut1
imation
imation1
imawesome
imawesome1
imback
imbecil
imbored
imbored1
imcool
imcool12
imcool123
imcute
imelda
imesh
imfake
imfree
imgay
imgay123
imhappy
imhere
imhot
imhotep
iminlove
iminlove1
iminlove2
imissu
imissyou
imissyou!
imissyou1
imissyou2
imkool
immaculate
immanuel
immortal
immortal1
imnumber
imnumber1
imogen
imortal
impact
impala
impala64
impalass
imperator
imperia
imperial
imperial1
imperio
imperium
import
important
important1
imposible
impossible
impression
impretty
impreza
impreza1
impulse
impulse1
impulse101
imran
imran123
imrankhan
imsexy
imsingle
imsocool
imsocool1
imsofly
imsofly1
imsohood
imsohood1
imsohot
imsohot1
imsorry
imsosexy
imthe
imthebest
imthebest1
imtheman
imtheman1
imtheone
imtheshit
imtheshit1
imyaimyaimya
imyours
in2806rbk
in2deep
inactive1996aug
inar_ka
incase
incase322
inception
inchallah
inches
inchnails
include
incognito
incognito1
income
incoming
incomplete
incorrect
incorrect1
increase
incredible
incubus
incubus1
inday
indeed
independen
independence
independent
independiente
index
index0088
india
india123
india1234
india1947
india321
india@123
indian
indian12
indian123
indiana
indiana1
indianajones
indianalib
indianer
indians
indians1
indica
indie
indien
indiglo
indigo
indira
indochine
indonesia
indonesia1
indore
indra
industrial
industry
indya
indya123
indya123d
ineedajob
ineedlove
ineedmoney
ineedu
ineedyou
inessa
infamous
infamous1
infante
infantry
infantry1
infected
infernal
inferno
inferno1
inferno666
infierno
infinite
infinite1
infiniti
infiniti1
infinito
infinity
infinity1
infinity8
infirmiere
inflames
inflames1
infoinfo
inform
informatica
informatika
informatio
information
informatique
infosys
infotech
ingeborg
ingegnere
ingenieria
ingeniero
ingenieur
ingeras
inglaterra
ingles
inglewood
ingo10477
ingoditrust
ingodwetrust
ingram
ingres
ingrid
inibif
inibif47
inicio
iniesta
initiald
initiald09
inject
inkognito
inl0ve
inline
inlinked
inlove
inlove07
inlove08
inlove09
inlove12
inlove123
inlove13
inlovewith
inmaculada
inmortal
innabuk
innainna
innamorata
innocence
innocent
innocent1
innocuous
innov
innov8510
innova
innovation
innovision
innuendo
insane
insanity
insanity1
insect
insecure
insert
inshallah
inside
insider
insight
insight1
insignia
insomnia
insomnia1
insomniac
inspector
inspector1
inspiration
inspire
inspire1
inspired
inspiron
inspiron1
install
instant
instant1
instinct
institute
instructor
instrument
insurance
insurance1
intan
integer
integra
integra1
integral
integrity
integrity1
intel
intel123
inteligente
intelinside
intelligent
intense
intense1
inter
inter123
inter1908
interdit
interest
interesting
interests
interface
interior
interiors
interista
intermilan
intern
internacional
internal
internatio
international
internazionale
internet
internet!
internet.
internet01
internet1
internet11
internet12
internet123
internet2
internet3
internet5
internet7
interpol
interpol1
intheend
intimate
intouch
intranet
intrepid
intrepid1
intrigue
intruder
intruder1
intuition
inuyasha
inuyasha!
inuyasha.
inuyasha1
inuyasha10
inuyasha11
inuyasha12
inuyasha123
inuyasha13
inuyasha15
inuyasha2
inuyasha3
inuyasha5
inuyasha6
inuyasha7
invader
invader1
invaderzim
invalid
invasion
invent
inventor
inverness
invest
investment
investor
invictus
invincible
invisible
invisible1
invu4uraqt
inzaghi
ioana
ioanna
ioioio
iolanda
iomega
ionel
ionela
ionut
ionutz
iopiop
iopjkl
iopjkl12
ipanema
iphone
iphone123
iphone3g
iphone3gs
iphone4s
ipodnano
ipodnano1
ipodtouch
ipodtouch1
ipswich
ipswich1
ira.klopot
ira202909
iraira
irakli
ireland
ireland1
ireland2
ireland3
ireland7
irene
irene123
irenka
irfan
irfan123
irina
irina123
irina280374
irinabrig
irinka
irish
irish123
irisha
irishka
irishman
iriska
irland
irlanda
iro4ka
irochka
irochka-ova
irock
irock101
irock123
irocz
ironfist
ironhead
ironhorse
ironmaiden
ironman
ironman1
ironman12
ironman123
ironman2
ironman3
irule
irule123
irvine
irving
isaac
isaac123
isabel
isabel01
isabel11
isabel12
isabel123
isabel13
isabel972
isabela
isabela1
isabelita
isabell
isabell1
isabella
isabella01
isabella07
isabella08
isabella09
isabella1
isabella10
isabella11
isabella12
isabella13
isabella2
isabella3
isabella4
isabella5
isabella7
isabelle
isabelle1
isadora
isaiah
isaiah01
isaiah05
isaiah06
isaiah07
isaiah08
isaiah11
isaiah12
isaiah123
isaias
isatelt
isaulov.a
isback
iscool
iseedeadpeople
iseeyou
iseeyou2
ishaan
ishika
ishita
ishmael
ishola
ishtar
isiah
isidora
isidore
isidoro
isidro
iskandar
iskander
islam
islam123
islamabad
islamic
island
islander
islander1
islanders
islandgirl
islcollective
ismael
ismail
ismail123
isobel
isolde
isotta
israel
israel12
israel123
isreal
issac
issues
istanbul
istanbul1
istanbul34
istina
istvan
isuck
isuckdick
isuckdick1
itachi
itachi123
italia
italia06
italia10
italia2006
italia90
italian
italian1
italiana
italiano
italiano1
italie
italien
italy
italy123
itdxtyrj
ithaca
itisme
itiswell
itsallgood
itsasecret
itsme
itsme123
itsmine
itsmylife
itsover
itsover1
ittybitty
ittybitty1
itunes
itz78vufw
iubire
iubireamea
iubita
iulian
iuliana
iurkeawov
iuytrewq
ivan1234
ivan1980
ivan1989
ivan1990
ivan1991
ivan1992
ivan1993
ivan1994
ivan1995
ivan1996
ivan2010
ivana
ivancito
ivanhoe
ivanivan
ivanka
ivankaterinchenko
ivanko
ivanna
ivanov
ivanov2305
ivanova
ivanovamotya
ivanovich
iverson
iverson03
iverson1
iverson23
iverson3
ivette
ivonne
ivor631996
ivory
iw14fi9j
iw14fi9jwqa
iw14fi9jxl
iwantsex
iwantu
iwantyou
iwantyou1
iwashere
iwillwin
iwonka
ix6s1fceh
ixrhx2xc
ixrhx2xc87
izabel
izabela
izabella
izabella1
izmir
izumrud
izzit
j0hnny
j0nathan
j0rdan
j0seph
j0shua
j1234567
j12345678
j123456789
j1j2j
j1v1fp2bxm
j38ifubn
j3nn1f3r
j3nnif3r
j3nnifer
j3qq4h7h2v
j3r3my
j3ss1ca
j3ssica
j4n4jel
j4n4jel4
j5644574
j5cefcj
j7777777
j8675309
j9r4rnttp
ja123456
ja8xb7txr
ja8xb7txr8
ja8yc7txs
ja8yc7txs8
ja8yc8uxsx
jab4x2c
jabalpur
jabari
jabba
jabbar
jabber
jabberwocky
jablay
jablko
jabroni
jabroni1
jabulani
jacaranda
jacare
jacek
jacinta
jacinta1
jacinto
jack1234
jack12345
jack2000
jack2005
jack2006
jack2007
jack2008
jack2009
jack2010
jack5225
jackal
jackandjill
jackaroo
jackass
jackass!
jackass.
jackass01
jackass1
jackass101
jackass11
jackass12
jackass123
jackass13
jackass2
jackass22
jackass23
jackass3
jackass4
jackass5
jackass69
jackass7
jackass9
jackbauer
jackblack
jackblack1
jackdaniel
jackdaniels
jackdog
jackdog1
jackel
jacket
jacket025
jackets
jackets1
jackfrost
jackhammer
jackie
jackie01
jackie08
jackie09
jackie10
jackie11
jackie12
jackie123
jackie13
jackie14
jackie15
jackie16
jackie17
jackie18
jackie21
jackie22
jackie23
jackie69
jackiechan
jackjack
jackjack1
jackjill
jacklyn
jackman
jackman1
jackmore
jackmore1
jacko
jackoff
jackoff1
jackpot
jackpot1
jackrabbit
jackryan
jacks
jacks0n
jackson
jackson!
jackson.
jackson01
jackson05
jackson06
jackson07
jackson08
jackson09
jackson1
jackson10
jackson11
jackson12
jackson123
jackson13
jackson14
jackson2
jackson21
jackson22
jackson23
jackson24
jackson3
jackson4
jackson5
jackson6
jackson7
jackson8
jackson9
jacksonville
jacksparrow
jackster
jacky
jacky123
jaclyn
jacob
jacob101
jacob123
jacob1234
jacoba
jacobblack
jacobo
jacobs
jacoby
jacopo
jacque
jacqueline
jacques
jacques1
jacqui
jacquie
jadakiss
jadakiss1
jadawera
jade1234
jadebibou
jaded
jadejade
jaden
jaden123
jadensmith
jadore
jadzia
jaeger
jaejoong
jaelyn
jaffa
jafjkshf7y6w34rjd
jagannath
jagdish
jager
jagger
jagoda
jagtk4q
jaguar
jaguar12
jaguar123
jaguares
jaguars
jaguars1
jahbless
jahjah
jahlove
jahoda
jaiden
jaiganesh
jaigurudev
jaihanuman
jaihind
jaijai
jailbird
jailbird1
jaimaa
jaimatadi
jaimatadi1
jaimataki
jaime
jaime123
jaimee
jaimie
jaimito
jaipur
jairam
jairus
jaisairam
jaishiv
jaishreeram
jaishriram
jaisriram
jajaja
jajajaja
jakarta
jakarta1
jakarta10
jake1234
jake2000
jake2006
jake2008
jake5253
jakedog
jakedog1
jakejake
jakejake1
jakeman
jakers
jakester
jakester1
jakey
jakeyboy
jakjak
jakob
jakub
jakubko
jalapeno
jalaram
jaleel
jalen
jalisco
jalisco1
jalisco13
jamaal
jamaica
jamaica1
jamaica12
jamaica123
jamaica2
jamaica7
jamaican
jamaican1
jamaika
jamais
jamajka
jamal
jamal123
jamar
jamari
jambo
jambon
jamboree
jameel
jamel
james
james007
james101
james111
james123
james1234
james12345
james143
james2007
james2008
james2009
james2010
james420
james666
jamesa
jamesb
jamesbond
jamesbond0
jamesbond007
jamesbond1
jamesbond7
jamesbrown
jamesc
jamesd
jamesdean
jamesdean1
jamesh
jamesjames
jamesk
jamesl
jameslee
jamesm
jameson
jameson1
jamesp
jamesr
jamess
jamest
jamestown
jamesw
jamesy
jamezerazz
jamie
jamie123
jamielee
jamielynn
jamies
jamieson
jamil
jamila
jamilah
jamiroquai
jamison
jamison1
jamjam
jammer
jammers
jammie
jammin
jamming
jamrock
jamrock1
jamshedpur
jamuna
janae
janaina
janajana
janaki
janani
janay
jancok
jandi
jandikkz
jandre
jandre007
jane1234
janedoe
janeiro
janejane
janek
janela
janell
janelle
janelle1
janeman
janessa
janessa1
janet
janet123
janeth
janette
janette1
janeway
jangan
janganlupa
janica
janice
janice123
janicka
janie
janika
janina
janine
janis
janita
janiya
janiyah
janiyah1
janjan
janjanjan
janka
janna
jannaarhipova
jannah
jannat
jannet
jannie
jannik
jannis
janosch
jansen
jansport
jansport1
janssen
januar
januari
january
january01
january08
january09
january1
january10
january11
january12
january13
january14
january15
january16
january17
january18
january19
january2
january20
january21
january22
january23
january24
january25
january26
january27
january28
january29
january3
january30
january31
january4
january5
january6
january7
january8
january9
janusz
janvier
japan
japan123
japanese
japanese1
japanese92
japierdole
japorms
jaquan
jaqueline
jaqueline1
jaramillo
jarda
jardin
jared
jared123
jaredleto
jaredleto1
jarek
jarell
jarhead
jarhead1
jarjar
jaroslav
jarox
jarox1301!
jarred
jarrett
jarrett1
jarrett88
jarrod
jarule
jarvis
jasm1ne
jasmin
jasmin-ris
jasmin01
jasmin11
jasmin12
jasmin123
jasmin13
jasmina
jasmina1
jasmine
jasmine!
jasmine.
jasmine01
jasmine02
jasmine03
jasmine04
jasmine05
jasmine06
jasmine07
jasmine08
jasmine09
jasmine1
jasmine10
jasmine101
jasmine11
jasmine12
jasmine123
jasmine13
jasmine14
jasmine15
jasmine16
jasmine17
jasmine18
jasmine19
jasmine2
jasmine20
jasmine21
jasmine22
jasmine23
jasmine24
jasmine29
jasmine3
jasmine4
jasmine5
jasmine6
jasmine69
jasmine7
jasmine8
jasmine9
jasmine99
jasmyn
jason
jason101
jason123
jason1234
jason143
jason420
jasonb
jasond
jasonjason
jasonlee
jasonm
jasons
jasonx
jasper
jasper01
jasper08
jasper09
jasper10
jasper11
jasper12
jasper123
jasper13
jasper21
jasper22
jasper23
jasper99
jaspreet
jaspyb
jaspyb1990
javajava
javelin
javier
javier01
javier10
javier11
javier12
javier123
javier13
javier15
javier23
javiera
javito
javon
jaw138whet
jaw138whet330
jawbreaker
jaxon
jaxson
jay-jay
jay12345
jayann
jayant
jayanthi
jayar
jayashree
jayasree
jaybee
jaybird
jaybird1
jayboy
jaycee
jaychou
jayda
jayde
jaydee
jayden
jayden01
jayden02
jayden03
jayden04
jayden05
jayden06
jayden07
jayden08
jayden09
jayden10
jayden11
jayden12
jayden123
jayden13
jayden21
jayden22
jayden23
jaydog
jaydon
jayesh
jayhawk
jayhawk1
jayhawks
jayhawks1
jayjay
jayjay01
jayjay10
jayjay11
jayjay12
jayjay123
jayjay13
jayjay14
jayjay22
jayjay23
jaykay
jayla
jaylee
jaylen
jaylin
jaylon
jaylyn
jaylynn
jaylynn1
jayman
jaymar
jaymark
jaymataji
jayme
jaymie
jayne
jaypee
jayshree
jayson
jayvee
jazmin
jazmin12
jazmin123
jazmine
jazmine1
jazmine2
jazmyn
jazz1234
jazzbass
jazzer
jazzie
jazzjazz
jazzman
jazzman1
jazzmin
jazzmin1
jazzmine
jazzmine1
jazzy
jazzy101
jazzy123
jb123456
jbaby
jbgr3v7n3b
jbond
jbond007
jc123456
jcdenis
jcdenis1
jcfs32014
jchrist
jd123456
jdd04257
jdnazp972x
jdq4j8lu3a
jeadmin
jealous
jealous1
jean1234
jeancarlos
jeanclaude
jeanette
jeanette1
jeanie
jeanine
jeanine1
jeanjean
jeanlouis
jeanluc
jeanmarc
jeanmarie
jeanna
jeanne
jeannette
jeannette1
jeannie
jeannie1
jeannine
jeannot
jeanny
jeanpaul
jeanpierre
jeans
jebise
jeddah
jedidiah
jediknight
jedimaster
jeep4x
jeepcj
jeeper
jeepers
jeepers1
jeepjeep
jeepster
jeetkunedo
jeevan
jeeves
jeezy
jeferson
jeff1234
jefferson
jefferson1
jefferson2
jeffery
jeffery1
jeffgordon
jeffhardy
jeffhardy1
jeffhardy2
jeffjeff
jeffrey
jeffrey1
jeffrey12
jeffrey123
jeffrey2
jeffrey3
jeffrey7
jeffry
jehova
jehovah
jehovah1
jehovah7
jejeje
jeka-ka
jeka-ka85
jekan
jekan860803
jekjek
jelena
jello
jello123
jelly
jelly123
jellybaby
jellybean
jellybean!
jellybean1
jellybean2
jellybean3
jellybean7
jellybeans
jellybelly
jellyfish
jellyfish1
jellytots
jelszo
jembut
jemima
jemjem
jemma
jemoeder
jemoeder1
jenalyn
jenelle
jenelyn
jenica
jenifer
jenifer1
jeniffer
jenjen
jenkins
jenkins1
jenn1fer
jenn5366
jenna
jenna123
jenner
jenni
jenni123
jennie
jennifer
jennifer!
jennifer.
jennifer01
jennifer07
jennifer08
jennifer09
jennifer1
jennifer10
jennifer11
jennifer12
jennifer123
jennifer13
jennifer14
jennifer15
jennifer16
jennifer17
jennifer18
jennifer19
jennifer2
jennifer20
jennifer21
jennifer22
jennifer23
jennifer24
jennifer25
jennifer3
jennifer4
jennifer5
jennifer6
jennifer69
jennifer7
jennifer8
jennifer88
jennifer9
jennings
jennings1
jennjenn
jenny
jenny101
jenny123
jenny1234
jennyfer
jennylyn
jennys
jennyt
jenova
jensen
jenson
jenya
jeopardy
jepoy
jerald
jerbear
jeremi
jeremiah
jeremiah1
jeremiah12
jeremiah2
jeremiah29
jeremiah2911
jeremiah3
jeremiah7
jeremias
jeremie
jeremy
jeremy01
jeremy06
jeremy07
jeremy08
jeremy09
jeremy10
jeremy11
jeremy12
jeremy123
jeremy13
jeremy14
jeremy15
jeremy16
jeremy17
jeremy18
jeremy21
jeremy22
jeremy23
jeremy24
jeremy69
jeric
jerica
jericho
jericho1
jerick
jerico
jerjer
jerkface
jerkface1
jerkin
jerkoff
jerkoff1
jermaine
jermaine1
jeroen
jerome
jerome12
jerome123
jeronimo
jerrey232x
jerrod
jerry
jerry123
jerryg
jerrylee
jerrys
jersey
jersey12
jerseygirl
jerson
jerusalem
jerusalem1
jerwin
jesaispas
jeshua
jesica
jesika
jesper
jess1234
jess1ca
jess5377
jessa
jesse
jesse101
jesse123
jesse1234
jessee
jessejames
jessem
jessi
jessi123
jessica
jessica!
jessica.
jessica0
jessica00
jessica01
jessica02
jessica03
jessica04
jessica05
jessica06
jessica07
jessica08
jessica09
jessica1
jessica10
jessica101
jessica11
jessica12
jessica123
jessica13
jessica14
jessica15
jessica16
jessica17
jessica18
jessica19
jessica2
jessica20
jessica21
jessica22
jessica23
jessica24
jessica25
jessica26
jessica27
jessica28
jessica3
jessica33
jessica4
jessica5
jessica6
jessica69
jessica7
jessica77
jessica8
jessica87
jessica88
jessica89
jessica9
jessica90
jessica91
jessica92
jessica93
jessica94
jessica95
jessica99
jessie
jessie01
jessie07
jessie08
jessie09
jessie10
jessie11
jessie12
jessie123
jessie13
jessie14
jessie15
jessie16
jessie21
jessie22
jessie23
jessie69
jessika
jessika1
jessjess
jessy
jessy123
jester
jesucristo
jesuis
jesuisla
jesus
jesus001
jesus007
jesus100
jesus101
jesus111
jesus123
jesus1234
jesus12345
jesus143
jesus1st
jesus2000
jesus2006
jesus2007
jesus2008
jesus2009
jesus2010
jesus2011
jesus247
jesus316
jesus333
jesus4ever
jesus4life
jesus4me
jesus4u
jesus666
jesus777
jesusa
jesusc
jesuschris
jesuschrist
jesuschrist1
jesuscrist
jesuscristo
jesusfreak
jesusgod
jesusis
jesusis#1
jesusis1
jesusislor
jesusislord
jesusislove
jesusito
jesusjesus
jesuslives
jesuslord
jesuslove
jesuslove1
jesusloveme
jesusloves
jesuslovesme
jesusmary
jesusmeama
jesusrocks
jesusrules
jesuss
jesussaves
jesusteama
jesusteamo
jet'aime
jetaime
jetaime1
jetbalance
jeter
jethro
jetjet
jetlee
jetset
jetski
jetsmets
jetson
jetta
jettavr
jettavr6
jewel
jewel123
jewell
jewelry
jewelry1
jewels
jewish
jezebel
jezebel1
jfgvcqbuzug
jg3h4hfn
jgordon
jgordon24
jgthfnjh
jh5thrwgefsdfs
jhajha
jhane
jhenny
jhgfdsa
jhjhjh
jhkjdf
jhonatan
jhoncena
jhonjhon
jhonny
ji394su
ji394su3
jiajia
jianfei
jianfei000
jiang
jiang520
jiang8kevin
jianjian
jibopogie
jiefang
jiefang007
jiefang998
jiejie
jigga
jiggaman
jiggaman1
jigger
jigglypuff
jiggy
jigsaw
jihoo
jijiji
jilipollas
jillian
jillian1
jillybean
jimbeam
jimbeam1
jimbo
jimbo123
jimbob
jimboy
jimboy123
jimelen
jimena
jimenez
jimenez1
jimihendrix
jimjam
jimjim
jimjones
jimjones1
jimmie
jimmie48
jimmorrison
jimmy
jimmy123
jimmy1234
jimmyb
jimmyboy
jimmyd
jimmyjimmy
jimmypage
jimmys
jingjing
jingle
jingles
jingles1
jinjin
jinkazama
jinky
jirafa
jirka
jitendra
jitterbug
jitterbug1
jiujitsu
jiujitsu1
jiushiaini
jj123456
jjcg16dj5k
jjjjj
jjjjjj
jjjjjjj
jjjjjjjj
jjjjjjjjj
jjjjjjjjjj
jk123456
jkiuztdftl
jkiuztdftl57
jkjkjk
jkljkl
jkmuf
jkmxbr
jktctymrf
jktxrf
jktymrf
jkzjkz
jlbyjxrf
jlbyjxtcndj
jledfyxbr
jm123456
jmfxl78nhe
jmfxl78phe
jmjmjm
jmoney
jn16uxpid
jndfkb
jnkwear
jnkwear1
joachim
joakim
joana
joanie
joaninha
joann
joanna
joanna12
joanna123
joanne
joanne123
joaopaulo
joaopedro
joaovitor
joaquim
joaquin
joaquin1
job4me
jobelle
jobert
jobhunt
jobjob
jobless
jobros
jobs4me
jobsearch
jobsearch1
jobseeker
jobshop
jobshop2002
jocelyn
jocelyn1
jocelyne
jochen
jocker
jockey
jodeci
jodete
jodie
jodie123
joe12345
joeblack
joeblow
joebob
joeboxer
joeboy
joecool
joecool1
joedirt
joedirt1
joejoe
joejoe12
joejoe123
joejoejoe
joejonas
joejonas!
joejonas1
joejonas12
joejonas2
joel1234
joelito
joelle
joelmadden
joemalyn
joemalyn15
joemama
joemama1
joemar
joepie
joesph
joey1234
joeyboy
joeyjoey
jogabonito
johan
johan123
johana
johann
johanna
johanna1
johanne
johannes
johannes1
john!20130605at
john!20130605at1753
john0316
john1010
john1234
john12345
john123456
john2567
john3:16
john5646
john7502gee
johnathan
johnathan1
johnathon
johnathon1
johnboy
johnboy1
johncarlo
johncena
johncena!
johncena01
johncena1
johncena10
johncena11
johncena12
johncena13
johncena2
johncena23
johncena3
johncena5
johncena54
johncena7
johncena8
johncena9
johndavid
johndeer
johndeer1
johndeere
johndeere1
johndeere2
johndoe
johndoe1
johngalt
johnjohn
johnjohn1
johnlennon
johnlock
johnmark
johnmayer
johnnie
johnnie1
johnny
johnny01
johnny07
johnny08
johnny10
johnny11
johnny12
johnny123
johnny13
johnny14
johnny15
johnny16
johnny18
johnny1959
johnny21
johnny22
johnny23
johnny55
johnny69
johnny77
johnny99
johnnyb
johnnyboy
johnnyboy1
johnnycash
johnnydepp
johnpaul
johnpaul1
johnrey
johnsmith
johnson
johnson1
johnson11
johnson12
johnson123
johnson2
johnson3
johnson4
johnson48
johnson5
johnson7
johnston
johnston1
johnwayne
johnwayne1
johny
joiner
joinme
joint
joints
jojo1234
jojoba
jojojo
jojojojo
joker
joker007
joker101
joker123
joker1234
joker420
joker666
joker777
jokerjoker
jokerman
jokers
joking
jokx7b9du
jolanda
jolanta
jolene
jolie
jolina
jolinek
jolinek33
jollibee
jolly
jolly123
jollyroger
jologs
jomacapa
jomama
jomar
jomari
jomarie
jomblo
jonah
jonalyn
jonas
jonas101
jonas123
jonasbros
jonasbros1
jonasbroth
jonasbrothers
jonatan
jonathan
jonathan!
jonathan.
jonathan01
jonathan07
jonathan08
jonathan09
jonathan1
jonathan10
jonathan11
jonathan12
jonathan123
jonathan13
jonathan14
jonathan15
jonathan16
jonathan17
jonathan18
jonathan19
jonathan2
jonathan20
jonathan21
jonathan22
jonathan23
jonathan3
jonathan4
jonathan5
jonathan6
jonathan69
jonathan7
jonathan8
jonathan9
jonathon
jonathon1
jonbonjovi
jonboy
jones
jones123
jonesy
jongjong
jonjon
jonnie
jonny
jonny123
jonnyboy
jonson
joojoo
joonah
jopajopa
joplin
jor23dan
jordan
jordan00
jordan01
jordan02
jordan03
jordan04
jordan05
jordan06
jordan07
jordan08
jordan09
jordan10
jordan101
jordan11
jordan12
jordan123
jordan1234
jordan13
jordan14
jordan15
jordan16
jordan17
jordan18
jordan19
jordan20
jordan21
jordan22
jordan23
jordan2323
jordan2345
jordan24
jordan25
jordan26
jordan27
jordan28
jordan29
jordan32
jordan33
jordan34
jordan44
jordan45
jordan55
jordan69
jordan77
jordan88
jordan89
jordan90
jordan91
jordan92
jordan93
jordan94
jordan95
jordan96
jordan97
jordan98
jordan99
jordana
jordans
jordans1
jordans23
jorden
jorden23
jordi
jordie
jordin
jordon
jordon23
jordy
jordyn
jorge
jorge123
jorgeluis
jorgito
jorgito1
joschi
jose1234
jose12345
jose123456
jose1995
joseangel
joseantonio
josecarlos
josef
josefa
josefina
josefina1
josefine
josejose
joselin
joselito
joselito1
joselo
joseluis
joseluis1
joselyn
joselyn1
josema
josemanuel
josemaria
josemiguel
joseph
joseph00
joseph01
joseph02
joseph03
joseph04
joseph05
joseph06
joseph07
joseph08
joseph09
joseph10
joseph11
joseph12
joseph123
joseph1234
joseph13
joseph14
joseph15
joseph16
joseph17
joseph18
joseph19
joseph20
joseph21
joseph22
joseph23
joseph24
joseph25
joseph69
joseph77
joseph88
joseph89
joseph99
josephine
josephine1
josesito
josette
josette1
josh1234
joshie
joshjosh
joshua
joshua00
joshua01
joshua02
joshua03
joshua04
joshua05
joshua06
joshua07
joshua08
joshua09
joshua10
joshua11
joshua12
joshua123
joshua1234
joshua13
joshua14
joshua15
joshua16
joshua17
joshua18
joshua19
joshua20
joshua21
joshua22
joshua23
joshua24
joshua25
joshua26
joshua27
joshua28
joshua69
joshua77
joshua88
joshua89
joshua95
joshua96
joshua97
joshua98
joshua99
joshy
josiah
josiane
josie
josie123
josue
josue123
joujou
jourdan
journal
journalist
journey
journey1
jovan
jovana
jovelyn
joven
jovita
joyce
joyce123
joycee
joyful
joyjoy
joyous
joyride
joystick
jp123456
jp72l05w
jr123456
jr1234567
jrcfyf
jrcfyjxrf
jrock
js123456
jsbach
jsmith
juan1234
juana
juanca
juancamilo
juancarlos
juancho
juancito
juandavid
juandiego
juanes
juanita
juanita1
juanito
juanito1
juanjo
juanjose
juanjuan
juanluis
juanma
juanmanuel
juanmiguel
juanpablo
juanpablo1
juarez
jubilee
jubilee1
jubjub
judas
judaspriest
judge
judgement
judith
judoka
judson
judyann
juegos
juehtw
juelz
juergen
juggal
juggalette
juggalo
juggalo1
juggalo123
juggalo13
juggalo17
juggalo2
juggalo420
juggalo6
juggalo666
juggalo69
juggernaut
juggle
jughead
jughead1
juice
juice123
juicebox
juicebox1
juicey
juicy
juicy123
juicyfruit
juillet
jujitsu
juju1987
jujuba
jujube
jujubean
jujubee
jujubee1
jujuju
jujujuju
jujuvivi
jukebox
jukebox1
julchen
jules
julia
julia.olga
julia123
julia_eduardovna
juliadronina
juliadronina1996
juliajulia
julian
julian01
julian05
julian06
julian07
julian08
julian09
julian10
julian11
julian12
julian123
julian13
julian14
julian15
julian1705
julian22
julian23
juliana
juliana1
juliana123
juliane
julianna
julianna1
julianne
julianne1
juliano
julias
julie
julie123
julie2811
julieann
julieanne
julien
julienne
julies
juliet
juliet123
julieta
julieta1
julietta
juliette
juliette1
julija
julija2010x
julinha
julio
julio123
juliocesar
julissa
julissa1
julita
julito
julius
julius123
juliya
july0788
july1980
july1982
july1983
july1984
july1985
july1986
july1987
july1988
july1989
july1990
july1991
july1992
july1993
july1994
july1995
july1996
july1997
july2004
july2005
july2006
july2007
july2008
july2009
july2801!
july4th
jumanji
jumanji1
jumbo
jumeaux
jumoke
jumong
jump4joy
jumper
jumpin
jumping
jumping1
jumpjet
jumpjump
jumpman
jumpman1
jumpman23
jumpoff
jumpoff1
jumpstart
jumpstyle
junaid
junction
jundian2011xr
june1979
june1980
june1981
june1982
june1983
june1984
june1985
june1986
june1987
june1988
june1989
june1990
june1991
june1992
june1993
june1994
june1995
june1996
june1997
june1998
june1999
june2000
june2002
june2003
june2004
june2005
june2006
june2007
june2008
june2009
june2010
juneau
junebug
junebug1
junebug2
junejune
jungfrau
jungle
junglist
juninho
junior
junior00
junior01
junior02
junior03
junior04
junior05
junior06
junior07
junior08
junior09
junior10
junior11
junior12
junior123
junior1234
junior13
junior14
junior15
junior16
junior17
junior18
junior19
junior20
junior21
junior22
junior23
junior24
junior25
junior26
junior27
junior28
junior33
junior420
junior69
junior77
junior88
junior99
juniors
juniper
juniper1
junito
junjun
junker
junkfood
junkie
junkjunk
junkmail
junkmail1
junkyard
junkyard1
junpyo
jupiler
jupiter
jupiter1
jupiter2
jupiter5
jupiter7
jurassic
jurassic5
jurgen
jussi
just1n
just4fun
just4me
just4now
just4u
just4you
justblaze
justblaze1
justdance
justdoit
justdoit1
juster
justforfun
justforme
justforyou
justice
justice01
justice1
justice11
justice12
justice123
justice2
justice3
justice4
justice7
justicia
justin
justin00
justin01
justin02
justin03
justin04
justin05
justin06
justin07
justin08
justin09
justin10
justin101
justin11
justin12
justin123
justin1234
justin13
justin14
justin15
justin16
justin17
justin18
justin19
justin20
justin21
justin22
justin23
justin24
justin25
justin26
justin27
justin28
justin31
justin33
justin69
justin77
justin87
justin88
justin89
justin91
justin92
justin94
justin95
justin96
justin97
justin98
justin99
justina
justina1
justinb
justinbeib
justinbibe
justinbieb
justinbieber
justincase
justindrew
justine
justine1
justine123
justinlove
justintime
justlooking
justlove
justme
justme12
justme123
justus
justyna
justyna1
justynka
juvenile
juvenile1
juventini
juventino
juventus
juventus1
juventus10
jxsgx2yd
jxsgx2yd87
jyothi
jyoti
jyotsna
jysgy2yd
jysgy2yd87
jza90supra
k.,bvfz
k.,bvsq
k.,jdm
k.,k.nt,z
k.ljxrf
k.lvbkf
k.u.r.t
k1234567
k12345678
k123456789
k1k2k
k1k2k3k
k1k2k3k4
k1ll3r
k1ller
k1mberly
k2010302
k25061405u
k2cizcdp
k3zechmext
k3zedhmexs
k43a5vztox
k47rizxt2g
k7777777
k9g2xpce1e
ka_djkhjsy
ka_djkhjsy6
kabal
kabayo
kaboom
kabouter
kabuki
kabuto
kacenka
kacey
kacper
kacper123
kacperek
kaczka
kaczor
kaden
kadence
kadence1
kader
kadett
kaduna
kaelyn
kafedra_oisp
kaffee
kagandahan
kagome
kahina
kahitano
kahlua
kahne
kahraman
kahuna
kaibigan
kaiden
kaifer
kaifer124
kaikai
kaila
kailash
kailee
kailey
kailua
kailyn
kairos
kaiser
kaitlin
kaitlin1
kaitlyn
kaitlyn1
kaitlyn12
kaitlyn123
kaitlyn2
kaitlyn3
kaitlyn7
kaitlynn
kaitlynn1
kaizen
kaizer
kajtek
kaka1234
kakadu
kakaka
kakakaka
kakarot
kakaroto
kakashi
kakashi1
kakashi12
kakashi123
kakashi21
kakashka
kakaska
kakawka
kakdela
kakka
kakka123
kakosja
kaktus
kaktys
kal-el
kalafior
kalamata
kalamazoo
kalambur
kalani
kalash
kalashnikov
kalbo
kaleb
kaleb123
kaleigh
kaleigh1
kalender
kaley
kalhonaho
kaliber
kaliber44
kalifornia
kaligula
kalima
kaliman
kalimantan
kalimera
kalimero
kalina
kalinin
kalinina
kaliningrad
kalinka
kalle
kalle123
kalleanka
kallie
kalpana
kalpesh
kalvin
kalyan
kalyani
kamal
kamal123
kamala
kamara
kamari
kamasutra
kamasutra1
kamazist.tsobenko
kambal
kambing
kambing1
kamehameha
kamel
kameleon
kamelia
kamelot
kamenrider
kamera
kameron
kameron1
kamikadze
kamikaze
kamikaze1
kamikazee
kamil
kamil123
kamil555
kamila
kamilek
kamilek1
kamilka
kamilla
kamille
kamiloza
kamina
kamini
kamisama
kamkam
kamlesh
kamogelo
kamote
kampala
kampret
kamran
kamron
kamryn
kanabis
kanada
kaname
kanarya
kanchan
kanchana
kancil
kandi
kandice
kandice1
kandy
kangar
kangar00
kangaroo
kangaroo1
kangaroo2
kangaroos
kangen
kangkang
kangoo
kangourou
kangta
kanika
kanishka
kankan
kanker
kannan
kanpur
kansas
kansascity
kantot
kantutan
kanwal
kanye
kanyewest
kanyewest1
kapej
kapej111
kapitan
kaplan
kapoor
kapow
kappa
kappa1911
kapusta
kara2711
karabas
karabo
karachi
karachi1
karachi123
karadeniz
karaganda
karakartal
karaman
karamba
karamel
karamelka
karan
karan123
karandash
karaoke
karaoke1
karappinha
karapuz
karate
karate12
karate123
karatedo
karateka
karatekid
karatekid1
karavan
kardelen
kardon
karebear
karebear1
kareem
kareena
karel
karelia
karen
karen123
karena
karencita
karenina
karens
karibu
karim
karim123
karima
karime
karin
karina
karina01
karina10
karina11
karina12
karina123
karina13
karina14
karina15
karine
karine73
karinka
karishma
karisma
karissa
karissa1
karito
karizma
karkar
karla
karla123
karlee
karlie
karlita
karlita1
karlitos
karlmarx
karlos
karlson
karma
karma123
karman
karmen
karnataka
karol
karol123
karola
karolcia
karolek
karolina
karolina1
karoline
karolinka
karolinka1
karpenko
karpov
karpova
karsten
kartal
kartal1903
karthi
karthick
karthik
karthika
kartik
kartika
kartina
karting
kartoffel
kartoffelpuffer
kartoshka
karukera
karuna
karusev_spb
kasabian
kasablanka
kasandra
kasandra1
kasey
kasey123
kashif
kashish
kashmir
kashmir1
kashmoney
kashmoney1
kashyap
kasia
kasia123
kasimir
kasiunia
kaskad
kasparov
kasper
kasper123
kaspersky
kassandra
kassandra1
kassidy
kassidy1
kassie
kassy
kasturi
kasumi
katalin
katalina
katana
katara
katarina
katarina1
katarzyna
katarzyna1
katasandi
katastrofa
kate1234
katekate
katelin
katelyn
katelyn1
katelyn12
katelyn2
katelynn
katelynn1
katena
katenka
katenok
katerina
katerina1
katerine
katerinka
katharina
katharina1
katharine
katherin
katherine
katherine0
katherine1
katherine2
katherine3
katherine7
kathie
kathleen
kathleen1
kathleen12
kathmandu
kathmandu1
kathrin
kathrina
kathrine
kathryn
kathryn1
kathy
kathy123
kati-leva
katia
katica
katie
katie101
katie123
katie1234
katieb
katiebug
katiebug1
katies
katika
katina
katinas
katinka
katita
katja
katka
katkat
katlyn
katmandu
katorse
katrin
katrina
katrina1
katrina12
katrina123
katrina2
katrine
katrinka
katten
katter
kattie
katty
katusha
katushka
katya
katya123
katyakatya
katydid
katyperry
katyusha
katze
katzen
kaulitz
kaulitz1
kaulitz89
kaunas
kaushal
kaushik
kavita
kavitha
kavkaz
kawaii
kawasaki
kawasaki1
kawasaki12
kawasaki7
kayak
kayaking
kaycee
kaycie
kaydee
kayden
kaydence
kaydence1
kaydenlee
kaykay
kaykay12
kaykay123
kayla
kayla101
kayla123
kayla1234
kaylah
kaylan
kaylas
kaylee
kaylee01
kaylee06
kaylee07
kaylee08
kaylee11
kaylee12
kaylee123
kayleigh
kayleigh1
kayley
kaylie
kaylin
kaylyn
kaylynn
kaylynn1
kayode
kayseri
kayseri38
kazakhstan
kazakov
kazakova
kazama
kazanova
kazantip
kazbek
kazeem
kazuki
kazuma
kazumi
kazuya
kb9zc8uxtx
kbcbxrf
kbctyjr
kbkbxrf
kbnthfnehf
kbpfdtnf
kbpjxrf
kbxrf
kbytqrf
kcchiefs
kdow9spf
kdwcnpa
kdwcnpa362
keagan
keane
keanu
keaton
keebler
keebler1
keegan
keekee
keeley
keely
keenan
keens
keeper
keepit
keepit100
keepitreal
keepout
keepout1
keepout8
keepsmiling
keerthana
keerthi
keesha
kehinde
kehinde1
keineahnung
keines
keira
keisha
keisuke
keith
keith123
kejan
kekeke
kekette
keksik
kelantan
kelebek
kelechi
kelinci
kellen
keller
kelley
kelli
kellie
kellogg
kelly
kelly101
kelly123
kelly1234
kellyann
kellykelly
kellys
kelsea
kelsey
kelsey01
kelsey10
kelsey11
kelsey12
kelsey123
kelsey13
kelsey14
kelsie
keluarga
kelvin
kelvin123
kemper
kendal
kendall
kendall1
kendall2
kendra
kendra12
kendra123
kendrick
kendrick1
keneth
kenguru
kenji
kenjie
kenken
kenmore
kennedi
kennedi1
kennedy
kennedy1
kennedy12
kennedy123
kennedy2
kenneth
kenneth1
kenneth12
kenneth123
kenneth2
kenneth3
kenneth7
kenney
kennwort
kennwort1
kenny
kenny123
kennyg
kennys
kenobi
kenseth
kenseth17
kenshi
kenshi21
kenshin
kenshin1
kenshiro
kensington
kentavr
kenton
kentucky
kentucky1
kenwood
kenwood1
kenworth
kenworth1
kenya
kenyan
kenyatta
kenyatta1
kenyon
kenz4u
kenzie
kenzie11
kenzie12
kenzie123
kenzie14
kenzo
keparat
kepompong
kerala
kerberos
keren
kermit
kernel
keroppi
keroro
kerouac
kerri
kerrie
kerrigan
kerry
kerry123
kerstin
kerstin1
kerwin
kesha
keshav
keshawn
keshawn1
keshia
kessler
kestrel
ketchup
ketchup1
ketrin
kettle
kevco
kevin
kevin101
kevin123
kevin1234
kevin12345
kevina
kevinb
kevinbg
kevinbg01
kevine
kevinm
kevinn
kevins
kevnwo
kevnwo128
kexifz
keyblade
keyblade1
keyboard
keyboard1
keykey
keynbr
keyshawn
keystone
keystone1
keywest
keywest1
keyword
keziah
kfcnjxrf
kfgekz
kfgjxrf
kfhbcf
kfkfkf
kfvgjxrf
kfylsi
kgj8hgf
khadija
khadija1
khadijah
khairul
khaled
khalid
khalid123
khalifa
khalil
khalsa
khan1234
khankhan
khanna
kharen
khattak
khmer
khongbiet
khongco
khongnho
khulet
khuljasimsim
khurram
khushboo
khushbu
khushi
kiakia
kiana
kianna
kiara
kiara123
kibbles
kibbles1
kickass
kickass!
kickass1
kickass123
kickass2
kickball
kickboxer
kickboxing
kicker
kickers
kickflip
kickflip1
kickit
kickme
kicsim
kidman
kidney
kidrock
kidrock1
kids1234
kids4me
kidskids
kiefer
kiekeboe
kiera
kieran
kieran123
kieron
kierra
kiersten
kiersten1
kiesha
kiffen
kifj9n7bfu
kigali
kikakika
kikay
kikelomo
kikeunyw
kiki1234
kikiki
kikikiki
kikimora
kikina
kikinou
kikiriki
kikito
kikka
kikker
kiklop
kikokiko
kikou
kikugalanetroot
kikumaru
kiler
kiley
kilgore
kilian
kilimanjaro
kilkenny
kill1234
kill3r
killa
killa123
killa187
killacam
killacam1
killah
killall
killall1
killas
killaz
killbill
killbill1
killbill2
killed
killemall
killemall1
killer
killer00
killer007
killer01
killer07
killer08
killer09
killer10
killer100
killer101
killer11
killer12
killer123
killer1234
killer12345
killer13
killer14
killer15
killer16
killer17
killer18
killer187
killer19
killer20
killer21
killer22
killer23
killer24
killer25
killer27
killer321
killer33
killer34
killer420
killer44
killer45
killer55
killer56
killer66
killer666
killer69
killer77
killer777
killer78
killer87
killer88
killer89
killer90
killer91
killer911
killer92
killer93
killer94
killer95
killer96
killer98
killer99
killerbee
killerbee1
killerboy
killerin
killerin66
killerman
killerman1
killers
killers1
killers123
killers2
killian
killian1
killie
killing
killing1
killjoy
killjoy1
killkill
killkill1
killme
killme123
killme666
killmenow
killroy
killswitch
killua
killyou
killyou1
killzone
killzone1
killzone2
kilokilo
kilroy
kim12345
kimak
kimani
kimba
kimball
kimber
kimber45
kimberley
kimberley1
kimberly
kimberly01
kimberly1
kimberly10
kimberly11
kimberly12
kimberly13
kimberly2
kimberly3
kimberly5
kimberly7
kimbo
kimbum
kimchi
kimera
kimerald
kimikimi
kimiko
kimkim
kimmer
kimmie
kimmy
kimmy123
kimono
kimora
kimura
kinder
kinderen
kindergarten
kindness
kindred
kinetic
king1234
king12345
king123456
king4life
kinga
kingarthur
kingcobra
kingdavid
kingdom
kingdom1
kingdom12
kingdom123
kingdom2
kingdom7
kingdomhea
kingdomhearts
kingdomhearts2
kinger
kingfish
kingfish1
kingfish11
kingfisher
kingjames
kingjames1
kingjames2
kingjames23
kingkhan
kingking
kingking1
kingkong
kingkong1
kingkong12
kingkong2
kinglove
kinglove1
kinglove5
kingmaker
kingman
kingman1
kingme
kingofking
kingofkings
kingofpop
kingpin
kingpin1
kings
kings123
kingsize
kingsley
kingsley1
kingss
kingston
kingston1
kingston12
kingsway
kingswood
kingtut
kingtut1
kinjal
kinkin
kinky
kinomoto
kinomoto89
kinsey
kinshasa
kinyabuzova.eleonora
kipelov
kipling
kippen
kipper
kir-ettk
kirakira
kiran
kiran123
kirana
kirankumar
kirara
kirby
kirby123
kirienko_svetlana
kirik26trimyasov
kirikou
kirill
kirill.kirillov
kirill.kirillov.2013
kirill123
kirill1990
kirill1998
kirill999_97
kirkland
kirkland1
kirkwood
kirsche
kirsten
kirsten1
kirstie
kirstie1
kirstin
kirstin1
kirsty
kisakisa
kisame
kisha
kishan
kishor
kishore
kiska
kiska123
kiskis
kismat
kismet
kiss1234
kiss1947
kissa
kissa123
kissable
kissarmy
kissass
kissass1
kisser
kisses
kisses01
kisses11
kisses12
kisses123
kisses13
kisses22
kisses23
kisses4u
kisses69
kissing
kissing1
kissit
kisska
kisskiss
kisskiss1
kisskiss12
kisskiss2
kisslove
kissm
kissme
kissme11
kissme12
kissme123
kissme13
kissme22
kissme23
kissme69
kissmebaby
kissmoko
kissmyass
kissmyass!
kissmyass1
kissmyass2
kissthis
kissthis1
kissy
kissyou
kisulya
kisumu
kitana
kitcat
kitchen
kitchen1
kitesurf
kitkat
kitkat11
kitkat12
kitkat123
kitkat13
kitkit
kitsune
kitsune1
kitten
kitten01
kitten10
kitten11
kitten12
kitten123
kitten13
kitten22
kitten69
kittens
kittens1
kittens12
kittens123
kittens2
kittens3
kittie
kitties
kitties1
kitties2
kittiwake
kitty
kitty101
kitty123
kitty1234
kitty666
kittycat
kittycat!
kittycat1
kittycat12
kittycat2
kittycat3
kittygirl
kittykat
kittykat1
kittykat12
kittykat2
kittykitty
kittylove
kittys
kittyy
kiwikiwi
kizzie
kizzy
kjgfnf
kjhgfdsa
kjifhf
kjiflm
kjiflrf
kjkbnf
kjkjkj
kjkszpj
kjkszpj1
kjrjvjnbd
kjyljy
kk123456
kkblskv
kkkkk
kkkkkk
kkkkkkk
kkkkkkkk
kkkkkkkkk
kkkkkkkkkk
kl098709
kl123456
klaipeda
klapaucius
klara
klasse
klaster
klaudia
klaudia01
klaudia1
klaus
klausi
klavier
kleber
kleenex
kleenex1
kleine
kleiner
kleopatra
klimenko
klimov
klinger
klinger1
klingon
klingon1
klizma
klklkl
klmklm
klokan
kloklo
klondike
klondike1
klootzak
klopik
klopklop
klubnichka
klubnika
kluivert
kmdbwf
kmdtyjr
kmxbr
kmzwa8awaa
kmzway87aa
knackwurst
knackwurst8853
knickers
knicks
knicks33
knight
knight01
knight11
knight12
knight123
knightrider
knights
knights1
knitter
knitting
knives
knockers
knockknock
knockout
knockout1
knopka
knopo4ka
knopochka
knowledge
knowledge1
knoxville
knoxville1
knuckles
knuckles1
knuddel
knuffel
knulla
koala
koala123
koala_1995
koalabear
koalas
kobayashi
kobby
kobebryant
kobebryant24
kobena
kobina
kobold
kobra
kocham
kochamcie
kochamcie1
kochanie
kochanie1
kociak
kocicka
kocka
kodabear
kodaira
kodaira523
kodak
kodiak
koenig
koffie
kofola
kohinoor
koikoi
kokain
kokakola
kokanee
koketka
kokito
koko1234
kokoko
kokokoko
kokolo
kokoloko
kokomo
kokopelli
kokoro
kokos
kokot
kokotko
kokowawa
kolade
kolakola
kolawole
kolbasa
kolejorz
kolesnik
koleso
kolibri
koliko
kolkata
kolkol
kolkol90
koller
kollol
kolobok
kolodiy
kolokol
kolokolo
kolokoy
kolovrat
kolton
kolya
kolyan
komando
komarov
komarova
komatsu
kombat
kometa
komltptfcorp
komnatnyy
komnatnyy88
komodo
kompages4u
kompas
komputer
komputer1
komputer12
konakona
konami
kondom
kondor
kondrat
konfeta
konfetina-kis
konfetka
kongkong
konichiwa
konijn
konnichiwa
konoha
konrad
konstantin
kontakt
kontol
kontol123
konvict
kookai
kookie
kookoo
kool-aid
kool1234
kool4u
koolaid
koolaid1
koolaid2
kooldude
koolio
koolkat
koolkat1
koolkid
koolkid1
koolkool
koolsavas
kopa1961
kopernik
kopilka
kopretina
kopytko
korea
korean
korede
korina
korn1234
kornelia
kornkorn
korokozabr
korolev
koroleva
korona
korostelev
korostelev_3333
korova
korsar
kosama
koshechka
kosher
koshka
kosmos
kosova
kosova123
kosovo
kostas
kostia
kostik
koston
kostroma
kostya
kostyan
koteczek
kotek
kotenok
kotik
kotikova_n_m
kotkot
kotkova
kotkova37
kotmichanik
kotopes
kotopes_o
kotova
kotova.69
kotova_74
kotovam
kotovam85
kotovas
kotovas-70
kotovichvalentina
kotox
kottayam
kotya_bagdan
kotyk
koukou
koupelna
kourtney
kourtney1
kovach
kovalenko
kovalev
kovaleva
kovalevagn
kovalevagn2057
kovalha
kovalienko
kovalienko63
kovalskaya-t
kovrnatasha
kovshikova
kovshikova1981
kowalski
kozerog
kozlik
kozlov
kozlova
kp9v1ro7lh
kpkp1ee9w
kr6sjhs
kr6sjhs412
kraftwerk
kraken
krakow
kramer
krasava
krasavchik
krasavica
krasnodar
krasota
krasotka
kratos
kravchenko
krayzie
krazy
kreator
kretsaha
kretsaha53
krick.bk
kris1234
krish
krish123
krisha
krishan
krishana
krishna
krishna1
krishna123
krishnaa
krishnan
kriska
krisna
krissy
krista
kristal
kristal1
kristall
kristel
kristen
kristen1
kristen12
kristen123
kristen2
kristen3
kristen7
kristi
kristian
kristian1
kristie
kristie1
kristin
kristin1
kristina
kristina1
kristina12
kristina2
kristine
kristine1
kristinka
kristo
kristof
kristofer
kristoffer
kristopher
kristy
kristyn
kritika
krizia
kroger
krokodil
krokodyl
krokus
kroliczek
krolik
kronos
kropka
kroshka
kroxa
kruemel
kruger
krusty
krypto
krypton
krypton1
kryptonite
krysta
krystal
krystal1
krystal2
krystel
krystian
krystian1
krystle
krystle1
krystyna
krystyna56
krzysiek
krzysiek1
krzysztof
ks120473
ksenia
ksenija
kseniya
ksenya
ksooz
ksusha
ksushapanda
kswiss
ksyukha
ksyukha1990
ksyusha
ksyusha.kulagina
ksyusha.kulagina.91
ksyuta
ksyuta76
kthfkthf
kthjxrf
ktitymrf
ktjybl
ktnj2010
ktrcec
ktutylf
ktvt6tn
ktvt6tn9
ktxrf
ktybyuhfl
ktyecbr
ktyecmrf
ktyecz
ktyfktyf
ktyjxrf
ktymrf
ktyxbr
kuana
kuana230345
kubicek
kubnik
kubota
kubrick
kubus
kuchelaeva
kuchen
kuchierova
kuchierova1994
kuchinovao
kucing
kucing123
kucingku
kudakova
kudakova.83
kudielia.anna
kudrina
kudrina1962
kudrjashova
kudrjashova62
kudryavcevavalya
kujawka
kujawka98
kukareku
kukatov
kukatov86
kukolka
kukuku
kukuruku
kukuruza
kukushka
kulangot
kuldeep
kulet
kuliiev
kuliiev.79
kulikova
kulit
kulkarni
kulot
kumar
kumar123
kumar1989
kumara
kumaran
kumari
kumars
kumasi
kumkum
kundalini
kundan
kundera
kungen
kungfu
kunimi
kunimi92
kuning
kuningan
kunkle
kunkle70
kupal
kuponatora
kupukupu
kurakura
kurama
kurapika
kurczak
kurdistan
kurdistan1
kurenai
kurgan
kurmangazieva_gulmira
kurnia
kurniawan
kuroneko
kurosaki
kursant
kurtcobain
kurtis
kurwa
kurwa123
kurwamac
kurwamac1
kusanagi
kushal
kusuma
kuttan
kuuipo
kuwait
kuznecovviktorr
kuzya-ser
kvartira
kwabena
kwame
kwiatek
kwiatek1
kwiatuszek
kx250f
kxdw0980
kyle1234
kylee
kyleigh
kyleigh1
kylekyle
kyler
kylian
kylie
kylie123
kyllian
kyokushin
kytfy2xd
kytfy2xd97
kytfy2xd98
kyuubi
kzirf
kzkmrf
kzktxrf
kzkzkz
kzueirf
l00ser
l0ll0l
l0llip0p
l0nd0n
l0v3m
l0v3y0u
l0vel0ve
l0vely
l0veme
l0vers
l0vey0u
l0veyou
l1234567
l12345678
l123456789
l1nk3d1n
l1nked1n
l1o2v3e
l1o2v3e4
l1qoh9wq2u
l1v3rp00l
l1verp00l
l1verpool
l33tsupah4x0r
l3m3nt
l3phant
l3tm31n
l3tm3in
l58jkdjp!m
l5l5l
l6ho3tg7wb
la123456
labas
labas123
labebe
labella
labelle
labello
labirint
lablab
laboratorio
labrador
labrador1
labtec
labyrinth
lacey
lacey123
lachen
lachlan
lachlan1
lachula
lachula1
lacie
lacika
lacoste
lacoste1
lacrimosa
lacrimosa1
lacroix
lacrosse
lacrosse1
lacrosse11
lacrosse12
lacrosse13
lacrosse2
lacrosse21
lacrosse22
lacrosse3
lacrosse4
lacrosse5
lacrosse7
lacrosse9
ladder
ladder49
laddie
ladeda
ladida
ladies
ladiesman
ladiesman1
ladiesman2
ladonna
lady.procenko
lady.procenko71
lady1234
ladybird
ladybird1
ladyblue
ladybug
ladybug!
ladybug01
ladybug08
ladybug1
ladybug10
ladybug11
ladybug12
ladybug123
ladybug13
ladybug2
ladybug22
ladybug3
ladybug4
ladybug5
ladybug6
ladybug7
ladybug8
ladybug9
ladybugs
ladybugs1
ladydi
ladydog
ladydog1
ladygaga
ladygaga1
ladygaga12
ladygirl
ladyinred
ladyjane
ladykiller
ladylady
ladylove
ladylove1
ladyluck
ladyluck1
ladyred
ladysman
ladysman1
laetitia
lafamilia
lafamilia1
lafayette
lafayette1
laffytaffy
laflaca
lafleur
lafouine
lafrance
lagartija
lagarto
lagata
lagbaja
lagnaf
lagoon
lagrange
laguna
lagwagon
lahmy
lahore
lahore123
lahoumti
laika
laila
laila123
lailas
lainey
lajolla
lakehouse
lakeland
lakeland1
laker
lakers
lakers#1
lakers01
lakers08
lakers09
lakers10
lakers11
lakers12
lakers123
lakers13
lakers15
lakers21
lakers22
lakers23
lakers24
lakers32
lakers33
lakers34
lakers88
lakeshore
lakeside
lakeside1
laketahoe
lakeview
lakeview1
lakewood
lakewood1
lakilaki
lakota
lakshmi
lakshmi1
lakshya
laksjd
lala1234
lalaine
lalakers
lalakers1
lalakers24
lalala
lalala11
lalala12
lalala123
lalala13
lalala22
lalala99
lalalala
lalalala1
lalalalala
lalaland
lalaland1
lalang
lalelu
lalita
lalitha
lalito
lalla
laloca
lalola
laluna
lamalama
lamar
lamar123
lambada
lambchop
lambchop1
lambda
lambert
lambert1
lambo
lambofgod
lambofgod1
lamborghin
lamborghini
lamborgini
lambretta
lambretta1
lamejor
lamejor1
lamer
lamina
lamination
lamine
lamisma
lammas
lamont
lamour
lampada
lampara
lampard
lampard08
lampard1
lampard123
lampard8
lampshade
lampshade1
lampung
lanalana
lananh
lancaster
lancaster1
lance
lance123
lancelot
lancelot1
lancer
lancers
lancers1
lancia
lancia037
lancome
landcruiser
landen
lander
landlord
landmark
landon
landon01
landon05
landon06
landon07
landon08
landon09
landon12
landon123
landrover
landrover1
landry
landscape
landscape1
landser
lanegra
lanena
laney
langer
langga
langka
langka04
langlang
langley
langston
language
lanie
lanier
lanlan
lanlan1234
lansing
lansing1
lantern
lanzarote
laobidenko
laoboi
lapierre
lapin
lapine
lapinou
lapins
lapo4ka
lapochka
laposte
laptop
laptop12
laptop123
laputa
lara1308
laracroft
laracroft1
laralara
laranja
larded
laredo
larenga
larina
larisa
larissa
larissa1
larissa123
larkin
larousse
larry
larry123
larrybird
larryboy
larrys
larsen
larson
larsson
larsson7
laruku
lasagna
lasagne
lasalle
lasalle1
laser
laser123
laserjet
lasers
lashae
lashawn
lashawn1
lashay
lasher
laska
laspalmas
lassie
last.fm
lastborn
lastchance
lastchaos
lastfm
lastfm123
lastfmpass
lastname
lastochka
lastpass
lasttime
lasvegas
lasvegas1
lasvegas12
lasvegas2
lasvegas7
laszlo
latasha
latasha1
lateef
lateralus
lateralus1
latifa
latifah
latin
latina
latina12
latina123
latina13
latinking
latinking1
latinking5
latinlover
latino
latinoheat
latinos
latisha
latisha1
latitude
latitude1
latoya
latrell
latrell1
latrice
latrice1
latvia
laugh
laughing
laughing1
laughter
laughter1
laulau
launch
laundry
laur3n
laura
laura123
laura1234
lauraa
laurab
laurah
laural
lauram
lauras
laure
laureen
laurel
laurel12creek
lauren
lauren00
lauren01
lauren02
lauren05
lauren06
lauren07
lauren08
lauren09
lauren10
lauren11
lauren12
lauren123
lauren13
lauren14
lauren15
lauren16
lauren17
lauren18
lauren19
lauren21
lauren22
lauren23
lauren24
lauren69
lauren88
lauren99
laurence
laurence1
laurens
laurent
laurent1
laurentiu
lauretta
laurette
lauriane
laurie
laurine
laurinha
lauris
laurita
laurita1
lauryn
lausanne
lautaro
lavalamp
lavalamp1
lavanda
lavander
lavanya
lavelle
lavender
lavender1
lavern
laverne
laverne1
lavezzi
lavida
lavidaesbella
lavidaloca
lavieestbelle
lavigne
lavigne1
lavina
lavinia
lavoro
lawlaw
lawless
lawless1
lawliet
lawman
lawnmower
lawnmower1
lawrence
lawrence1
lawrence2
lawson
lawton
lawyer
lax4life
laxman
layla
layla123
laylay
layne
layout
layouts
layouts!
layouts.
layouts1
layouts123
layton
lazarev
lazareva
lazaro
lazarus
lazarus1
lazio
lazio1900
lazyboy
lazyboy1
lbfyjxrf
lbhtrnjh
lbvekmrf
lbvekz
lbvfcbr
lbvflbvf
lbvjxrf
lbyfhf
lbyfvj
lbyjpfdh
lc519qlpuu
lctstens
lcv7bry1cf
ldgend
le_den_ec
leader
leadership
leafar
leafs
league
leahcim
lealea
leander
leandra
leandra1
leandro
leandro1
leandro123
leann
leanna
leanne
leapfrog
learn
learning
learning1
leather
leather1
leavemealo
leavemealone
leaves
lebanon
lebanon1
lebedev
lebedeva
lebesgue
leblanc
leboss
lebowski
lebron
lebron23
lebronjame
lebronjames
lebronjames23
lechat
lechuga
leckmich
lecturer
lectures
ledesma
ledzep
ledzeppeli
ledzeppelin
lee12345
leeann
leeanne
leeds
leeds123
leedsunited
leedsutd
leedsutd1
leelee
leelee12
leelee123
leeloo
leelou
leeminho
leeroy
leeryan
leet1337
left4dead
left4dead2
lefthand
lefty
legacy
legal
legalize
legaspi
legend
legend01
legend12
legend123
legend22
legenda
legenda1
legendary
legendary1
legends
legends1
legia
legia1916
legion
legioner
legit
legoland
legolas
legolas1
legolas2
legolego
legoman
legoman1
legrand
lehjxrf
lehman
leicester
leicester1
leigh
leigh123
leigha
leighann
leighann1
leighton
leighton1
leika
leila
leilani
leilani1
leilei
leinad
leipzig
lekker
lekkerding
leland
lelele
lelewa
lelewa123
leliane
leliane50934
leloto
lelouch
lemah
lemans
lemieux
lemieux66
lemmein
lemming
lemmings
lemon
lemon123
lemonade
lemonade1
lemondrop
lemondrop1
lemonhead
lemonhead1
lemonlime
lemonlime1
lemons
lemons123
lemontree
lemuel
len4ik
len4ik31
len_nik
len_nik44
len_rin_kagamine
len_rin_kagamine_02
lena1234
lena2010
lena5stars
lenalena
lenard
lenchik
lenicka
lenin
lenina
leningrad
lenka
lenlen
lennart
lennie
lennon
lennox
lenny
lenny123
leno4ka
lenochka
lenora
lenore
lenovo
lensois
lenusik
lenyi
leo12345
leo123456
leoleo
leoleoleo
leolion
leolong
leolong1985
leomessi
leomessi10
leon1234
leona
leonard
leonard1
leonardo
leonardo1
leonardo10
leonardo12
leonardo123
leonardo2
leoncino
leoncito
leone
leonel
leones
leonessa
leonhart
leonid
leonida
leonidas
leonidas1
leonie
leonleon
leonor
leonora
leopard
leopard1
leopard2
leopardo
leopards
leopold
leopold1
leopoldo
leothelion
lepidus
leprechaun
leralera
lerato
lero4ka
lerochka
lerolero
leroy
leroy123
lesbian
lesbian1
lesbian2
lesbian69
lesbiana
lesbians
lesbians1
lesbica
lesbo
lesedi
lesego
lesley
leslie
leslie01
leslie11
leslie12
leslie123
leslie13
lesnik
lespaul
lespaul1
lessthan
lessthan3
lestari
lestat
lester
lester123
leszek
lethal
leticia
leticia1
leticia123
letitbe
letitia
letizia
letlet
letme1n
letmein
letmein!
letmein.
letmein0
letmein01
letmein1
letmein11
letmein12
letmein123
letmein2
letmein22
letmein3
letmein69
letmein7
letmein9
letmein99
letmeinnow
letmeout
letmesee
leto-nataly
leto2010
letras
letsdoit
letsfuck
letsgetit
letsgetit1
letsgo
letsplay
letsrock
letter
letters
letters1
lettuce
lettuce1
leumas
levana
levana928
levani
level
levent
levente
levenyatko
levenyatko2007
leverkusen
leviathan
levis
levis501
levski
levski1914
lewis
lewis123
lexa-let4ik
lexa.maxus
lexa290195
lexaafanasiev
lexaafanasiev84
lexicon
lexie
lexie123
lexington
lexington1
lexir
lexir777
lexis
lexmark
lexmark1
lexor
lexor123
lexus
lexus123
lexus300
lexusis
lexusis300
leyla
leyton
lfc4life
lfhbyf
lfiekmrf
lfiekz
lfieyz
lfiflfif
lfitymrf
lfplhfgthvf
lfxlo629ui
lfybbk
lfybkf
lfybkjdf
lfybkrf
lfytxrf
lh6209lh
lh6rjx44qb
lhbjkjubz
lhbjkjubz2957704
lhepmz
lhfrjy
lhhnw3v
li123456
liaisons
lialia
liana
lianna
lianne
liarliar
liarliar1
libby
libby123
libellula
libellule
libelula
libera
liberal
liberate
liberation
liberdade
liberia
libero
liberta
libertad
libertad1
libertas
liberte
libertine
liberty
liberty1
liberty123
liberty2
liberty7
libido
libra
libra123
libran
librarian
library
library1
libras
lichking
licker
lickit
lickme
lickme69
licorice
licorice1
licorne
lidia
lidiya
liebe
lieben
liebling
liefde
liefie
lietuva
liezel
life1234
life1love
life2live
lifeboat
lifegoeson
lifeguard
lifeguard1
lifehouse
lifehouse1
lifeisgood
lifeislife
lifeless
lifelife
lifeline
liferocks
lifesgood
lifestyle
lifestyle1
lifesucks
lifesucks!
lifesucks1
lifesucks2
lifesux
lifesux1
lifetec
lifetime
lifetime1
ligabue
ligaya
light
light123
lightblue
lightbulb
lightbulb1
lighter
lighter1
lightfoot
lighthouse
lightimes
lighting
lighting1
lightning
lightning1
lightning2
lightpower
lightpower12345
lights
lightsaber
lightyear
lihenan
likeaboss
likehouse
likeme
likemike
likeyou
lilac
lilacs
lilangel
lilangel1
lilbaby
lilbaby1
lilbear
lilbear1
lilbit
lilbitch
lilbitch1
lilboo
lilboosie
lilboosie1
lilboy
lilbro
lilchris
lilchris1
lilcutie
lilcutie1
lildaddy
lildaddy1
lildee
lildevil
lildevil1
lildude
lildude1
lilfizz
lilfizz1
lilflip
lilflip1
lilgirl
lilgirl1
lili1234
lilia
lilian
liliana
liliana1
liliane
lilibeth
lilica
lilies
lilika
lilili
lililili
liline
liliput
lilita
lilith
liliya
liljay
liljj
liljoe
liljohn
liljohn1
liljon
lilkim
lilla
lilli
lilli2006
lillian
lillian1
lillian2
lilliana
lillie
lillies
lilliput
lillo
lilly
lilly123
lillypad
lilmama
lilmama01
lilmama07
lilmama08
lilmama09
lilmama1
lilmama10
lilmama11
lilmama12
lilmama123
lilmama13
lilmama14
lilmama15
lilmama2
lilmama23
lilmama3
lilmama4
lilmama5
lilmama7
lilmamma
lilmamma1
lilman
lilman07
lilman08
lilman11
lilman12
lilman123
lilman13
lilman23
lilmike
lilmike1
lilmomma
lilmomma1
lilmoney
lilmoney1
lilnigga
lilnigga1
lilolilo
lilone
lilone13
lilou
lilpimp
lilpimp1
lilred
lilrob
lilromeo
lilsaint
lilsexy
lilsexy1
lilshorty
lilshorty1
lilsis
lilwayne
lilwayne09
lilwayne1
lilwayne10
lilwayne11
lilwayne12
lilwayne13
lilwayne2
lilwayne23
lilwayne3
lilwayne4
lilwayne5
lilwayne7
lilweezy
lilweezy1
lily1234
lilylily
lilypad
lilypad1
lilyrose
limabean
limanlly
limaperu
limegreen
limegreen1
limegreen2
limelight
limerick
limestone
limewire
limewire1
limited
limited1
limited2
limoges
limonada
limonade
limone
limonyk
limpbizkit
limpopo
linalina
linares
lincogo
lincogo1
lincoln
lincoln1
lincoln2
lincoln8187
lincon
linda
linda123
lindaa
lindalinda
lindas
lindau
linde
linden
lindinha
lindona
lindros
lindros88
lindsay
lindsay1
lindsay12
lindsay123
lindsay2
lindsay7
lindsey
lindsey!
lindsey1
lindsey12
lindsey123
lindsey2
lindsey3
lindsey7
lindy
lineage
lineage2
linebacker
lineika
lineman
lineman1
linette
lineup
linger
lingerie
lingling
lingling1
link1234
link123456
link2011
link4me
linkbuild
linked
linked01
linked11
linked123
linked1n
linked2011
linked4me
linkedin
linkedin.com
linkedin01
linkedin1
linkedin10
linkedin11
linkedin12
linkedin123
linkedin1234
linkedin13
linkedin2
linkedin2010
linkedin2011
linkedin2012
linkedin22
linkedin23
linkedin4me
linkedin69
linkedin7
linkedin77
linkedin8
linkedin99
linkedinlinkedin
linkedinpass
linkedinpassword
linkedinpw
linkedln
linkedout
linkedpass
linker
linkin
linkin12
linkin123
linking
linkinpark
linkinpark1
linklink
linkme
linkmein
linkpass
links
links123
links234
linksys
linksys1
linlin
linnea
linsey
lintang
linton
linus
linusd
linux
linux123
linwood
linwood1
lion1234
lionel
lionelmessi
lioness
lioness1
lionheart
lionheart1
lionking
lionking1
lionking2
lionlion
lionne
lions
lions123
lipgloss
lipgloss1
lipgloss12
lipgloss2
lipovv
lipovv70
lipstick
lipstick1
lipton
lipy110593
liquid
lisa1234
lisaann
lisalisa
lisalisa1
lisamarie
lisamarie1
lisandro
lisbeth
lisboa
lisbon
lisbon67
lisenkogv
lisenok
lisette
lisette1
lisichka
lisicyna
lisicyna704
lissa
lissette
lissette1
listen
lister
listopad
listopad.iuliia
liteon
literatura
literature
lithium
lithium1
lithuania
litosik
little
little11
little12
little123
littleangel
littlebear
littlebit
littlebit1
littlebit2
littleboy
littleboy1
littled
littled1
littledog
littlefoot
littlegirl
littleguy
littlelady
littleman
littleman1
littleman2
littleman3
littlemiss
littleone
littleone1
littlered
littlered1
littlestar
liu123456
liuchang
liuyang
live2die
live2love
live2ride
live4ever
live4god
live4him
live4life
live4love
livefree
livelaughl
livelaughlove
livelife
livelife1
livelife2
livelove
livelove1
liver
liverp00l
liverpoo
liverpool
liverpool!
liverpool.
liverpool0
liverpool01
liverpool05
liverpool08
liverpool09
liverpool1
liverpool10
liverpool11
liverpool12
liverpool123
liverpool1892
liverpool2
liverpool3
liverpool4
liverpool5
liverpool6
liverpool7
liverpool8
liverpool9
liverpoolf
liverpoolfc
lives
livestrong
livewire
livewire1
livia
living
livinglife
livingston
livorno
lixiang
liyah
liyana
lizaliza
lizard
lizard12
lizard123
lizardking
lizards
lizasp
lizasp07
lizaveta
lizbeth
lizbeth1
lizeth
lizette
lizette1
lizottes
lizzard
lizzard1
lizzie
lizzie01
lizzie12
lizzie123
lizzy
lizzy123
lj352d1ib
lj352d1ib31
ljames
ljames23
ljhjuf
ljrnjh
ljubav
ljxehrf
ljxtymrf
lk123456
lkj65b
lkj65b6666
lkjhg
lkjhgf
lkjhgfd
lkjhgfds
lkjhgfdsa
lkjhgfdsa1
lkjlkj
lklklk
ll123456
llama
llama123
llamas
llcoolj
llcoolj1
llewellyn
lllll
llllll
lllllll
llllllll
llllllllll
lloyd
lloyd123
lluvia
lm292979
lmapacey
lmfao
lmfao123
lmnop
lmnop123
loaded
loader
loading
lobito
lobkova
lobkova.1979
lobster
lobster1
local
localoca
location
lochness
lockdown
lockdown1
locked
locker
lockhart
lockheed
lockout
locksmith
lockwood
loco1234
locoloco
locomotive
locos
locura
locust
locutus
lofasz
logan
logan123
logans
logcabin
logger
logic
logical
logical1
login
login123
logistics
logitech
logitech1
logitech12
logitech123
logitech2
logmein
logos
logout
loirinha
loislane
lokaloka
lokesh
lokiju
lokillo
lokiloki
lokita
lokita13
lokito
loklok
lokoloko
lokomoko
lokomotiv
lokomotiva
lokoporti
lokote
lokote13
lol123123
lol12345
lol123456
lol123456789
lol123lol
lol1lol
lola1234
lolada
lolade
lolalola
lolalola1
lolazo
lolcats
lolek
lolek123
lolilol
lolipop
lolipop0
lolipop1
lolipop12
lolipop123
lolipop2
lolita
lolita12
lolita123
lolitas
lolito
loller
lolli
lollie
lolliepop
lolliepop1
lollies
lollies1
lollip0p
lollipop
lollipop!
lollipop.
lollipop0
lollipop00
lollipop1
lollipop10
lollipop11
lollipop12
lollipop123
lollipop13
lollipop2
lollipop3
lollipop5
lollipop69
lollipop7
lollipop8
lollipop9
lollipops
lollo
lollol
lollol11
lollol12
lollol123
lollollol
lollollol1
lolly
lolly123
lollypop
lollypop!
lollypop1
lollypop12
lollypop2
lolman
lolman123
lolnoob
lolo1234
lolol
lolol123
lololo
lololol
lololol1
lolololo
lolomg
lolote
lolotte
lolpop
lolsmileyf
lolwut
lolypop
lombard
lombardi
lombardo
london
london00
london01
london05
london06
london07
london08
london09
london10
london11
london12
london123
london1234
london13
london20
london2008
london2009
london2010
london2011
london2012
london21
london22
london23
london24
london44
london55
london66
london77
london88
london99
londonboy
londoner
londra
londres
londyn
loneliness
lonely
lonelygirl
loner
lonesome
lonestar
lonestar1
lonewolf
lonewolf1
longbeach
longbeach1
longboard
longboard1
longbow
longdick
longdong
longer
longfellow
longhair
longhair1
longhorn
longhorn1
longhorns
longhorns1
longhorns2
longhorns3
longhorns7
longisland
longjohn
longlegs
longlife
longlive
longlong
longman
longshot
longtime
longview
longview1
longwood
lonley
lonnie
lonsdale
lonsdale1
looby
looby123
lookatme
lookatme1
looker
lookin
looking
looking1
looking123
looking2
looking4
looking4u
lookingforlove
looklook
lookout
lookout1
lookup
looloo
loomis
looney
loop1206ssdsff
looper
looping
looploop
loopy
looser
looser123
lop1346781
lopas
lopas123
lopata
lopew
lopez
lopez123
loplop
loquesea
loquillo
loquita
loquito
loraine
lord1234
lordgod
lordik
lordjesus
lordjesus1
lordlord
lordoftherings
lordshiva
lordvader
loreal
loredana
lorelai
lorelei
lorella
loren
lorena
lorena12
lorena123
lorene
lorenita
lorenz
lorenza
lorenzo
lorenzo1
lorenzo123
lorenzo2
loreta
loreto
loretta
loretta1
loriann
lorie
lorien
lorik
lorik197110
lorikeet
lorin
loris
lorna
lorraine
lorraine1
lorrie
losangeles
losenord
loser
loser101
loser123
loser1234
loser12345
loser4life
loserface
loserface1
losers
loshara
lost4815162342
lost4ever
lostlove
lostlove1
lostsoul
lostsoul1
lothar
lothlorien
lotion
lotlot
lotte
lottery
lottery1
lottie
lotto
lotus
lotus123
lotusnotes
louane
louann
louanne
loubna
loudog
louie
louie123
louis
louis123
louis12345
louisa
louise
louise01
louise11
louise12
louise123
louise13
louise14
louise21
louise22
louise23
louisiana
louisiana1
louisville
louisvuitton
loulou
loulou12
loulou123
loulou22
louloute
louloutte
louna
lounge
lourdes
lourdes1
lov3ly
lov3m
lovable
lovable1
love&hate
love&lt
love&lt:3
love1004
love1010
love1111
love1212
love1234
love12345
love123456
love123456789
love1313
love1314
love1980
love1981
love1982
love1983
love1984
love1985
love1986
love1987
love1988
love1989
love1990
love1991
love1992
love1993
love1994
love1995
love1996
love1997
love1998
love1999
love1god
love1life
love1love
love2000
love2001
love2002
love2003
love2004
love2005
love2006
love2007
love2008
love2009
love2010
love2011
love2012
love2013
love2dance
love2fuck
love2hate
love2live
love2love
love2me
love2shop
love2sing
love2u
love2you
love4all
love4eva
love4ever
love4ever1
love4god
love4him
love4life
love4love
love4me
love4real
love4u
love4you
love5683
love6969
love777321777
love7777
love_me
love_you
loveable
loveable1
loveable2
loveall
lovealways
loveandhate
loveandpeace
loveangel
loveangel1
lovebaby
lovebaby1
lovebird
lovebird1
lovebirds
lovebirds1
lovebites
loveboat
loveboy
lovebug
lovebug!
lovebug1
lovebug10
lovebug101
lovebug11
lovebug12
lovebug123
lovebug13
lovebug2
lovebug22
lovebug3
lovebug4
lovebug5
lovebug69
lovebug7
lovebugs
lovebunny
lovecats
lovechild
lovechild1
lovechris
lovecraft
loved
lovedad
loveday
lovedetoi
lovedove
lovee
loveee
loveel
lovefamily
loveforeve
loveforever
lovegame
lovegirl
lovegirl1
lovegod
lovegod1
loveguru
lovehate
lovehate1
loveheart
loveher
loveher1
lovehim
lovehim1
lovehim2
lovehina
lovehina1
lovehurt
lovehurts
lovehurts!
lovehurts1
lovehurts2
lovehurts3
loveindia
loveing
loveis
loveisall
loveisblin
loveisblind
loveisgod
loveisgood
loveislife
loveislove
loveispain
loveisreal
loveit
lovejesus
lovejesus1
lovejones
lovejoy
lovejoy1
lovekids
lovekills
lovekills1
lovekiss
lovekita
loveko
lovekoto
lovelace
loveland
loveless
loveless1
lovelife
lovelife!
lovelife1
lovelife12
lovelife2
lovelife3
lovelife7
loveline
lovell
lovelost
lovelove
lovelove!
lovelove1
lovelove12
lovelove123
lovelove2
lovelove3
lovelove7
lovelovelo
lovelovelove
lovely
lovely01
lovely07
lovely08
lovely09
lovely10
lovely101
lovely11
lovely12
lovely123
lovely1234
lovely13
lovely14
lovely15
lovely16
lovely17
lovely18
lovely19
lovely20
lovely21
lovely22
lovely23
lovely24
lovely25
lovely69
lovely77
lovely88
lovelyboy
lovelyday
lovelygirl
lovelylady
lovelyme
lovelyn
lovem
lovemama
loveman
loveme
loveme01
loveme07
loveme08
loveme09
loveme10
loveme101
loveme11
loveme12
loveme123
loveme1234
loveme13
loveme14
loveme143
loveme15
loveme16
loveme17
loveme18
loveme19
loveme20
loveme21
loveme22
loveme23
loveme24
loveme25
loveme33
loveme4eva
loveme4eve
loveme4ever
loveme4me
loveme69
loveme77
loveme88
loveme89
loveme99
lovemebaby
lovemedo
lovemenot
lovemenow
lovemom
lovemom1
lovemoney
lovemonkey
lovemusic
lovemusic1
lovemy
lovemybaby
lovemykids
lovemylife
lovemyself
loveno
loveone
loveone1
lovepeace
lovepeace1
lovepink
lovepink1
lovepussy
lovepussy1
lover
lover101
lover123
lover1234
lover12345
lover4ever
lover4life
loverboy
loverboy1
loverboy12
loverboy2
loverboy3
loverboy69
loverboy7
lovergirl
lovergirl1
lovergirl2
lovergurl
lovergurl1
loverlover
loverman
loverman1
lovers
lovers01
lovers07
lovers08
lovers09
lovers10
lovers101
lovers11
lovers12
lovers123
lovers13
lovers14
lovers21
lovers22
lovers23
lovers4eve
lovers69
loverz
loves
loves123
lovesex
lovesex1
lovesex69
lovesexy
lovesick
lovesick1
lovesit
lovesit1
lovesloves
lovesong
lovespell
lovespell1
lovess
lovestar
lovestinks
lovestory
lovestory1
lovestruck
lovesu
lovesucks
lovesucks!
lovesucks1
lovesucks2
lovesux
lovesux1
lovesyou
loveth
loveu
loveu123
loveu4ever
loveumom
loveworld
lovex
lovey
loveya
loveya12
loveya123
loveydovey
loveyou
loveyou!
loveyou.
loveyou01
loveyou08
loveyou09
loveyou1
loveyou10
loveyou11
loveyou12
loveyou123
loveyou13
loveyou14
loveyou143
loveyou15
loveyou2
loveyou21
loveyou22
loveyou23
loveyou3
loveyou4
loveyou5
loveyou6
loveyou69
loveyou7
loveyou8
loveyou9
loveyu
lovie
lovin
loving
loving12
loving123
lovinglife
lovingme
lovingu
lovingyou
lovingyou1
lovinit
lovinlife
lovinlife1
lowell
lowes
lowlife
lowlife1
lowlow
lowrider
lowrider1
lowrider13
loxlox
loxpider
loyal
loyalty
loyalty1
loyola
lozano
lozer
lozinka
lozinka1
lp123456
lplplp
lppnldtzx
lpz93ssskqw8q
lqfg4hwt
lsutigers
lsutigers1
ltdjxrf
lthgfhjkm
lthmvj
lthtdj
lthtdyz
ltkmaby
ltleirf
ltybc
ltybcrf
ltybcrj
ltybcrj1992
ltymub
luana
luanda
luansantana
lubasha
lubimaya
lucaluca
lucario
lucas
lucas123
lucas1234
lucass
lucatoni
lucerito
lucero
lucette
luchino
luchito
lucia
lucia123
lucian
luciana
luciana1
luciano
luciano1
lucie
lucien
lucienne
lucifer
lucifer1
lucifer6
lucifer666
lucifero
lucila
lucile
lucilla
lucille
lucille1
lucinda
lucinda1
lucinka
lucio
luciole
lucious
lucious1
lucius
lucka
luckey
luckie
luckies
lucknow
lucky
lucky007
lucky100
lucky101
lucky111
lucky123
lucky1234
lucky4me
lucky777
lucky888
luckyboy
luckyboy1
luckycat
luckycharm
luckydog
luckydog1
luckyduck
luckygirl
luckygirl1
luckylady
luckylucky
luckyluke
luckyman
luckyme
luckyme1
luckyone
luckyone1
luckys
luckystar
luckystar1
luckystrike
luckyy
lucozade
lucrecia
lucretia
lucrezia
lucy1234
lucycat
lucydog
lucydog1
lucygirl
lucylou
lucylou1
lucylu
lucylucy
ludacris
ludacris1
ludhiana
ludi1234
ludivine
ludmila
ludmilla
ludovic
ludovica
ludovico
ludwig
lufthansa
lugano
luglio
lugnut
luigi
luigi123
luis1234
luis123456
luisa
luisa123
luisalberto
luisangel
luiscarlos
luisfigo
luisito
luisito1
luisluis
luismi
luismiguel
luisteamo
luiza
lukaluka
lukas
lukas123
lukasek
lukasz
lukasz12
lukaszek
luke1234
lukeluke
lukinhas
lukino
lukman
lulita
lullaby
lulu1234
lulu889jdddd
lulubell
lulubelle
lululu
lulululu
luluzinha
lumber
lumberjack
lumiere
lumina
luminita
lumpy
luna1234
lunallena
lunaluna
lunanueva
lunar
lunarossa
lunatic
lunatic1
lunatica
lunatik
lunch
lunchbox
lunchbox1
lunetta
lunette
lunita
luntik
lupashku
lupashku89
lupetto
lupin
lupita
lupita12
lupita123
lupita13
luqman
lurdes
luscious
luscious1
luther
lutheran
luthien
lutscher
luv2dance
luv2fish
luv2luv
luv2shop
luv2sing
luv4eva
luv4ever
luv4life
luv4me
luvbug
luver
luvluv
luvme
luvu4eva
luvu4ever
luvya
luvyou
luxeon
luxury
luzifer
luzmaria
lvbnhbq
lvbnhbtdf
lwf1681688
lwxlwx
lxgiwyl
lyalya
lydcc
lydcc20091314
lydia
lydia123
lynda
lyndon
lyndsay
lyndsey
lyndsey1
lynette
lynette1
lynlyn
lynn1234
lynne
lynnette
lynnette1
lynnie
lynnlynn
lynsey
lynwood
lynwood1
lyonnais
lyric
lyrical
lyrical1
lyrics
lytdybr
lytwa813ib
lyubov
lyudmila
lz110110
lzhan
lzhan16889
lztez2xe
lztez2xe98
lzudz2xe
lzudz2xe98
m00nlight
m01759766727
m0nk3y
m0nkey
m0nst3r
m0nster
m0rgan
m0t0r0la
m0ther
m1234567
m12345678
m123456789
m123456m
m1911a
m1am1b3ach
m1ch3ll
m1ch3ll3
m1cha3l
m1chael
m1chelle
m1chp00h
m1ckey
m1dn1ght
m1garand
m1i2k3e
m1i2k3e4
m1m1m
m1m2m
m1m2m3m
m1m2m3m4
m1m2m3m4m
m1m2m3m4m5
m1space
m1ul9x9i
m1ul9x9i20
m2do5bs
m2g7u6o
m2g7u6o397
m2ydegkdws
m3lissa
m3tallica
m3xico
m66xf2ajt
m7777777
m8a8vhr
m8a8vhr6
m987654321
m@d!z
ma123123123
ma123456
maadurga
maarten
mabait
mabel
mabelle
mabuhay
maburro
macaco
macarena
macario
macaroni
macaroni1
macbeth
macbeth1
macbook
macbook1
macbookpro
macca
macchia
macchina
macdaddy
macdaddy1
macdonald
macdre
macduff
macedonia
macegorova.mariya
macey
macgyver
machado
macherie
machete
machin
machina
machine
machine1
machines
machines1
macho
macho123
machoman
machoman1
machukreeva
machupichu
macias
macie
maciej
maciek
maciek06
maciek123
macika
macintosh
macintosh1
mackay
mackdaddy
mackdaddy1
mackenzie
mackenzie1
mackenzie2
mackey
mackie
macky
macleod
macmac
macman
macondo
maconha
macross
macska
mad1son
madafaka
madagascar
madagaskar
madalena
madalin
madalina
madalyn
madame
madara
madarchod
madcat
madcow
maddalena
madden
madden06
madden07
madden08
madden09
madden10
madden11
madden12
maddi
maddie
maddie01
maddie05
maddie06
maddie07
maddie08
maddie09
maddie10
maddie11
maddie12
maddie123
maddie13
maddie22
maddison
maddison1
maddog
maddog11
maddog12
maddog123
maddog2020
maddog69
maddox
maddux
maddux31
maddy
maddy123
madeinchina
madeira
madelaine
madeleine
madeleine1
madeline
madeline1
madelyn
madelyn1
madera
madhatter
madhatter1
madhav
madhavan
madhavi
madhouse
madhouse1
madhu
madhu123
madhukar
madhumita
madhura
madhuri
madiha
madina
madinina
madinina972
madison
madison!
madison.
madison01
madison02
madison03
madison04
madison05
madison06
madison07
madison08
madison09
madison1
madison10
madison11
madison12
madison123
madison13
madison14
madison2
madison200
madison21
madison22
madison23
madison3
madison4
madison5
madison6
madison7
madison8
madison9
madison99
madisyn
madisyn1
madlen
madmad
madman
madman123
madmax
madness
madness1
madness7
madoka
madona
madonna
madonna1
madonna12
madonna2
madras
madremia
madrid
madrid10
madrigal
madryt
madsen
madtubes
madura
madurai
madyson
madyson1
madzia
maegan
maella
maella1311
maelle
maelys
maemae
maestra
maestro
maestro1
maeteamo
maeva
mafalda
mafalda1
maffia
mafia
mafia123
mafiawars
mafiawars1
mafille
mafioso
magadan
magali
magalie
magallanes
magaly
maganda
maganda1
magandaako
magazin
magazine
magazine1
magda
magda123
magdalena
magdalena1
magdalene
magdalo
magdeburg
magelang
magellan
magenta
magenta1
maggie
maggie00
maggie01
maggie02
maggie03
maggie04
maggie05
maggie06
maggie07
maggie08
maggie09
maggie10
maggie101
maggie11
maggie12
maggie123
maggie1234
maggie13
maggie14
maggie15
maggie16
maggie17
maggie18
maggie21
maggie22
maggie23
maggie24
maggie25
maggie33
maggie55
maggie69
maggie77
maggie88
maggie99
maggiedog
maggiemae
maggiemae1
maggiemay
maggiemay1
maggio
maggot
maggot666
maggy
magic
magic-n
magic-n12
magic101
magic123
magica
magical
magical1
magicaroma
magician
magician1
magick
magicman
magicman1
magico
magics
magique
magister
magistr
magiya
magma
magma9824660
magnat
magnavox
magnet
magnetic
magneto
magnifico
magno
magno456
magnolia
magnolia1
magnum
magnum357
magnum44
magnus
magodeoz
magodeoz1
magomed
magoo
magpie
magpies
magpies1
maguire
magyar
mahadev
mahal
mahalakshmi
mahalaxmi
mahalcoh
mahalkita
mahalkita1
mahalkita2
mahalko
mahalko1
mahalkoh
mahalo
mahalq
mahalqoh
maharaj
maharaja
maharani
maharashtra
maharot
mahatma
mahaveer
mahavir
mahendra
mahesh
mahesh123
mahima
mahimahi
mahina
mahindra
mahler
mahmood
mahmoud
mahmoud1
mahmud
mahmudali
mahmudali1987
mahmut
mahnoor
mahogany
mahoney
mahusay
maiale
maianbinh
maicol
maiden
maiden666
maik1996
maika
maika2006
maikel
mail.ru
mailbox
mailbox1
mailkuliev
mailliw
mailmail
mailman
mailman1
mailme
mailru
maimai
maimaiyeuem
maimouna
maimuna
maimuta
maine
mainman
mainstream
mainstreet
maint
maintain
maintenance
mainz
maisie
maison
maitai
maitland571ka
maitland571ka1994
maitre
maiyeu
maiyeuem
majeczka
majeed
majestic
majestic1
majestic12
majesty
majesty1
majiajun
majiajun8888
majka
majmun
major
major123
mak301988
makaka
makana
makanan
makarena
makarenko
makaron
makaroni
makarov
makarova
makassar
makati
makaveli
makaveli1
makaveli7
makavelli
makayla
makayla1
makayla2
makayla3
makayla5
makcim
makedonija
makeit
makeitso
makelove
makeme
makemoney
makemoney1
makemyday
makena
makenna
makenna1
makenzie
makenzie1
makeup
makimaki
makina
making
makita
makmak
makoto
maks.abramov
maks.abramov.99.99
maksat
maksik
maksim
maksim.bychkov
maksim.bychkov.1986
maksim123
maksim2425
maksimilian_nasirov
maksimka
maksimka876
maksimov
maksimus
maksmaks
maksus
maksus_2003
maktub
makulet
makulit
malabar
malachi
malachi1
malachi2
malacka
malade
malaga
malagu
malaguti
malaika
malaikat
malaka
malakai
malakai1
malakas
malakas1
malaki
malala
malamute
malandi
malang
malaria
malathi
malatya
malatya44
malawi
malaya
malayalam
malaysia
malaysia1
malboro
malboro1
malcolm
malcolm1
malcolmx
malcom
maldini
maldini3
maldita
maldita1
malditah
maldito
maldives
maldonado
maldonado1
malena
malenka
malfoy
malgorzata
malgosia
malhotra
malhotra493ozzy
malhotra493ozzy1991282151
malia
malibog
malibu
malice
malick
malik
malik123
malika
malin
malina
malina_bratsk
malinda
malini
malinka
malish
malishka
malkin
malkin71
mallard
mallard1
mallari
mallika
mallorca
mallorca1
mallory
mallory1
mallow
mallrats
malmal
malmsteen
malone
maloney
malossi
malou
malta
maltese
maltese1
maluca
maluco
malutka
malvern
malvina
malysh
malyshka
mam_p
mama1234
mama12345
mama123456
mama1960
mama1961
mama1963
mama1964
mama1970
mama1995
mama1997
mama2000
mama2008
mama2009
mama2010
mama2011
mamababa
mamabear
mamabear1
mamacita
mamacita1
mamadou
mamaia
mamako
mamaku
mamaliga
mamalove
mamama
mamamama
mamamama1
mamamary
mamamia
mamamia1
maman
maman123
mamana
mamang
mamani
mamanjetaime
mamanjtm
mamanpapa
mamans
mamapapa
mamapapa1
mamapapa123
mamas
mamasboy
mamasboy1
mamasgirl
mamasgirl1
mamasha
mamasita
mamasita1
mamata
mamatata
mamateamo
mamatha
mamaypapa
mambo
mamedov
mamere
mamica
mamichula
mamichula1
mamie
mamika
mamika10
mamikawada
mamimami
mamina
maminka
mamipapi
mamita
mamka
mamma
mamma123
mammam
mammamia
mammamia1
mammas
mammina
mammoth
mammoth1
mamo4ka
mamochka
mamont
mamoune
mamounette
mamour
mamuka
mamula
mamulya
mamusia
mamusia1
man12345
man123456
man2man
man55580
manage
management
manager
manager1
managua
manali
manalo
manamana
manana
manarmy
manasa
manasi
manatee
manatee1
manboy
mancha
manchas
manchester
manchester1
manchester123
manchesterunited
manchita
manchitas
mancini
mancity
mancity1
manda
manda123
mandala
mandalay
mandar
mandarin
mandarina
mandarine
mandarinka
mandarino
mandds1mg6bv8re
mandee
mandeep
mandela
mandi
mandie
mandingo
mandingo1
mando
mandolin
mandragora
mandrake
mandy
mandy123
maneater
maneater1
manfred
manfred1
manga
manga123
mangal
mangala
mangalore
mangas
manger
mangesh
mango
mango123
mangoes
mangos
mangusta
manhater
manhattan
manhattan1
manhunt
mania
maniac
maniak
maniek
maniez
manifest
manika
manikandan
manila
manilyn
manimani
manin-d
manina
manis
manish
manish123
manisha
manita
manitoba
manitou
manjit
manju
manju123
manjula
manjunath
manjusha
manka
manka198707
mankind
mankind1
manman
manman11
manman12
manman123
manmanman
manmohan
manner
mannheim
mannie
manning
manning1
manning10
manning18
manny
manny123
manofgod
manofsteel
manohar
manoj
manoj123
manojkumar
manoka
manola
manolete
manolito
manolo
manomano
manon
manorama
manouche
manovitskaya
manowar
manowar1
manpower
manpreet
mansfield
mansfield1
mansion
manson
manson666
manson69
mansoor
mansour
mansur
mantap
mantas
mantha
mantis
mantle
mantra
manu1234
manu4eva
manu4life
manual
manuel
manuel01
manuel10
manuel11
manuel12
manuel123
manuel13
manuel14
manuel15
manuel18
manuel21
manuel22
manuel23
manuela
manuela1
manuelita
manuelito
manuelito1
manuella
manuliktatyana
manumanu
manunited
manunited1
manunited7
manusia
manutd
manutd01
manutd07
manutd10
manutd11
manutd12
manutd123
manutd99
manwhore
manwhore1
manyak
manykids
manzana
manzana1
manzanita
manzano
maomao
mapache
mapamapa
mapamapa7
maple
maple123
mapleleaf
mapleleafs
maples
maplestory
maplewood
maprchem
maprchem56458
mapuce
maquina
mar_prod
maracaibo
maracuja
maradona
maradona1
maradona10
marajade
maramara
maranata
maranatha
maranda
maranda1
maranello
marat
marathon
marathon1
maratik
maraton
marauder
maravilha
maravilhosa
maravilla
maravilla1
marbella
marble
marbles
marbles1
marcel
marcel12
marcel123
marcela
marcela1
marcelina
marcelino
marcelita
marcell
marcell1
marcella
marcella1
marcelle
marcello
marcello1
marcelo
marcelo1
marcelo123
march
march123
march1993
march2007
march2008
march2009
marche
marchelle
marchelle27
marci
marcia
marcial
marciano
marcie
marcin
marcin123
marcinek
marcio
marco
marco123
marcoantonio
marcolino
marconi
marcopolo
marcopolo1
marcos
marcos10
marcos12
marcos123
marcos13
marcus
marcus01
marcus06
marcus07
marcus08
marcus09
marcus10
marcus11
marcus12
marcus123
marcus13
marcus14
marcus15
marcus21
marcus22
marcus23
marcus99
marcy
mardan
mardigras
marduk
marduk666
marecek
mareike
marek
marek123
marek14michal
maremare
maremma
margaret
margaret1
margareta
margareth
margarette
margarida
margarita
margarita1
margarita2
margaritka
margaux
marge
margera
margera1
margherita
margie
margit
margo
margo.emi
margosha
margot
margret
marguerite
marhaba
mari1234
maria
maria-demidchik
maria-fam
maria123
maria1234
maria12345
maria2010
maria666
maria_q
mariaa
mariac
mariachi
mariaclara
mariaeduarda
mariaelena
mariafernanda
mariage
mariagoncharenko
mariagrazia
mariah
mariah01
mariah10
mariah11
mariah12
mariah123
mariah13
mariahcarey
mariaisabel
mariajose
mariajose1
marialuisa
marialuiza
mariam
mariama
mariamaria
mariami
marian
mariana
mariana1
mariana12
mariana123
mariana2
mariane
marianela
mariangela
marianita
mariann
marianna
marianna1
mariannaz
mariannaz2
marianne
marianne1
mariano
mariano1
mariapaula
mariapia
mariarita
mariarosa
marias
mariateresa
maribel
maribel1
maribeth
marica
maricar
maricarmen
maricel
maricela
maricela1
maricon
maricon1
maricris
marie
marie101
marie123
marie1234
mariee
marieke
mariel
mariela
mariela1
mariella
marielle
marielwfledlow
mariem
maries
marieta
marietta
marietta1
mariette
marife
marifer
marigold
mariguana
marihuana
marihuana1
marija
marijana
marijke
marijo
marijuana
marijuana1
marijuana2
marijuana4
marijuana420
marika
mariko
marilena
marilia
marilin
marillion
marilou
marilu
marilyn
marilyn1
marilyn59
marilynmanson
marimar
marimari
marimax
marimax.85
marimba
marin
marina
marina.shapovalo
marina.ushakovaznuv
marina01
marina10
marina11
marina12
marina123
marina13
marina2010
marina22
marina23
marina88
marina_stryazhkova
marinadeduxinaa
marinamarina
marinaorlova
marinaorlova1991
marinara
marine
marine01
marine11
marine12
marine123
marine13
marinel
marinela
marinella
mariner
mariner1
marinero
mariners
mariners1
marines
marines1
marines12
marines2
marinette
marinho
marininys
marinka
marino
marino13
marino4ka
marinochka
marinochka.zhelannaya
mario
mario123
mario1234
mario140773
mariobros
mariokart
mariola
mariomario
marion
marios
mariposa
mariposa1
mariposa11
mariposa12
mariposa2
mariposa7
mariposas
mariposita
mariquita
marisa
marisela
marisela1
marisha
marishka
mariska
marisol
marisol1
marissa
marissa1
marissa12
marissa123
marissa13
marissa2
marissa3
marissa5
marissa7
marist
marita
marites
maritime
marito
maritza
maritza1
marius
marius123
mariusz
mariusz1
marivic
mariya
mariz
mariza
marjan
marjorie
marjorie1
mark1234
mark12345
mark_963
markanthon
markel
marker
market
marketa
marketing
marketing1
markie
markis
markiz
markiza
markjohn
markjoseph
markmark
marko
marko123
markos
markov
markova
markovka
markus
markus123
marky
markymark
marla
marlboro
marlboro1
marlboro12
marlboro2
marlboro20
marlee
marleen
marlen
marlena
marlena1
marlene
marlene1
marley
marley01
marley08
marley09
marley10
marley11
marley12
marley123
marley13
marley22
marley420
marlies
marlin
marlins
marlins1
marlon
marlon123
marlou
marlow
marlowe
marlyn
marmaduke
marmalade
marmalade1
marmar
marmara
marmaris
marmelad
marmelade
marmeladka
marmite
marmite1
marmot
marmota
marmotte
marnie
maroc
marocain
marocco
marokko
maroon
marques
marques1
marquette
marquette1
marquez
marquez1
marquis
marquis1
marquise
marquise1
marrakech
marriage
marriage1
married
married06
married07
married08
married1
married2
marriott
marriott1
marron
marruecos
marryme
marsbar
marseille
marseille1
marseille13
marsel
marsh
marsha
marsha11
marshal
marshal1
marshall
marshall1
marshall12
marshall2
marshall3
marshmallow
marshmello
marshmellow
marsik
marsmars
marsupilami
mart1n
marta
marta123
martas
martel
martell
martello
marten
martes
martha
martha12
martha123
marthe
marti
martial
martian
martie
martijn
martin
martin01
martin06
martin07
martin08
martin09
martin10
martin11
martin12
martin123
martin1234
martin13
martin14
martin15
martin16
martin17
martin18
martin20
martin21
martin22
martin23
martin24
martin25
martin69
martin77
martin88
martin99
martina
martina1
martina123
martine
martine1
martinek
martinez
martinez1
martinez12
martinez13
martinez2
martinha
martini
martini1
martinique
martinka
martinko
martino
martins
martins1
martita
martusia
marty
marty123
martyn
martyna
martyna1
martynka
maruja
marusa
marusia
maruska
marusya
maruthi
maruti
marvel
marvel5454
marvellous
marvelous
marvelous1
marvin
marvin01
marvin11
marvin12
marvin123
marvin13
marwan
marwin
mary1234
maryam
maryan
maryana
maryann
maryann1
maryanne
maryanne1
marybeth
marybeth1
maryellen
marygrace
maryj
maryj420
maryjan
maryjan3
maryjane
maryjane!
maryjane.
maryjane1
maryjane12
maryjane13
maryjane2
maryjane3
maryjane4
maryjane42
maryjane420
maryjane69
maryjane7
maryjean
maryjo
maryjoy
marykate
marykate1
marykay
marykay1
maryland
maryland1
marylin
maryline
marylou
marylou1
marymary
marymary1
maryna
marypoppins
maryrose
maryse
marysia
marysia1
marzena
marzia
marzipan
masahiro
masaka
masaki
masakra
masala
masamasa
masamune
masamune1
masana
masato
masaya
mascara
mascha
mascot
mascota
mascotte
mase4ever
maserati
mash4077
masha
masha123
masha1998
mashamasha
mashenka
mashimaro
mashina
mashka
masina
masini
masjnj
masjnj67
maslo
maslo123
masloboinikova
masloboinikova1987
maslova
masmas
mason
mason123
masons
masood
masquerade
massacre
massacre1
massage
massage1
massari
masseffect
massena
massena00
massey
massi
massilia
massimiliano
massimo
massimo1
massive
massive1
mast3r
master
master00
master007
master01
master07
master08
master09
master10
master101
master11
master12
master123
master1234
master12345
master13
master14
master15
master16
master17
master18
master20
master2006
master21
master22
master23
master24
master25
master33
master45
master55
master66
master666
master69
master77
master777
master88
master89
master99
masterblaster
mastercard
masterchief
masterkey
masterman
mastermind
masterone
masterp
masterp1
masterpiece
masterplan
masters
masters1
mastiff
masyanya
matador
matador1
matahari
mataji
matamata
matarani
matata
match
matchbox
matchbox20
matches
mate1.com
matej
matematica
matematicas
matematik
matematika
mateo
mateo123
mater
materazzi
materia
material
mates
mateus
mateus123
mateusz
mateusz1
mateusz12
mateusz123
mateuszek
mathematic
mathematics
matheo
mather
mathers
matheus
matheus1
matheus123
mathew
mathew12
mathew123
mathews
mathews1
mathias
mathias1
mathieu
mathieu1
mathilda
mathilde
mathis
mathys
matias
matias123
matilda
matilda1
matilde
matilde1
matisse
matisse1
matita
matkhau
matlock
matmat
matr1x
matrassesotk
matrimonio
matrix
matrix00
matrix007
matrix01
matrix10
matrix11
matrix12
matrix123
matrix13
matrix21
matrix22
matrix23
matrix69
matrix99
matrixx
matros
matt1234
matt1988
matt6288
matteo
matter
mattew
matth3w
matthardy
matthardy1
matthew
matthew!
matthew.
matthew0
matthew01
matthew02
matthew03
matthew04
matthew05
matthew06
matthew07
matthew08
matthew09
matthew1
matthew10
matthew11
matthew12
matthew123
matthew13
matthew14
matthew15
matthew16
matthew17
matthew18
matthew19
matthew2
matthew20
matthew21
matthew22
matthew23
matthew24
matthew25
matthew26
matthew3
matthew4
matthew5
matthew6
matthew69
matthew7
matthew77
matthew8
matthew88
matthew9
matthew95
matthew98
matthew99
matthews
matthews1
matthias
matthias1
matthieu
mattia
mattias
mattie
mattingly
mattman
mattman1
mattmatt
mattmatt1
matty
matty123
mature
matute
matveev
matveev792010
matveeva
matvei
matvey
matyas
matyas2001
matylda
matysek
maulana
maulwurf
maumau
maureen
maureen1
mauri
maurice
maurice1
maurice2
maurice3
maurice4
mauricio
mauricio1
mauritius
maurizio
mauro
mauser
mausi
mautauaja
maver1ck
maveric
maverick
maverick1
maverick12
maverick2
maverick7
mavericks
mavericks1
maverik
mavipies
mavriciy
mavrick
mavrick1
mawmaw
max.kirilov
max.kirilov.90
max12345
max123456
max_masha
maxamillion
maxcat
maxchislov
maxdog
maxell
maxemys
maxence
maxie
maxie123
maxim
maxim123
maxim1935
maxim3999
maxima
maxime
maximilian
maximiliano
maximius
maximka
maximo
maximova
maximova.60
maximova_elena
maximova_elena77
maximovie
maximum
maximum1
maximus
maximus1
maximus123
maximus1393
maximus2
maxine
maxine123
maxito
maxix
maxix565656
maxman
maxmax
maxmax123
maxmaxmax
maxmotives
maxonina
maxonina22
maxou
maxpayne
maxpower
maxpower1
maxpredator
maxthedog
maxtor
maxwell
maxwell01
maxwell1
maxwell11
maxwell12
maxwell123
maxwell2
maxwell3
maxwell5
maxwell7
maxxxx
maya1234
mayaki
mayamaya
mayang
mayank
mayann
mayara
maybach
maybe
mayberry
mayday
mayfair
mayfair1
mayfield
mayfield1
mayflower
mayflower1
mayhem
mayhem666
mayita
mayito
maymay
maynard
maynard1
mayotte
mayowa
mayquinn
mayquinn2
mayra
mayra123
mayrik
mayrik67
mayumi
mayuri
mazafaka
mazahaka
mazatlan
mazda
mazda123
mazda323
mazda323f
mazda626
mazdamx
mazdamx3
mazdamx5
mazdamx6
mazdarx
mazdarx7
mazdarx8
mazinger
mazsola
mb123456
mbahurip
mbrim
mbtvibranike
mc123456
mc9ad9w2ux
mcabdaw2vx
mcafee
mcbride
mccarthy
mccartney
mccormick
mcdonald
mcdonald1
mcdonalds
mcdonalds1
mcflurry
mcflurry!
mcfly
mcfly123
mcgrady
mcgrady1
mcgrath
mcgregor
mcguire
mchammer
mcintosh
mckayla
mckayla1
mckenna
mckenna1
mckenzie
mckenzie1
mckinley
mckinley1
mckinney
mclaren
mclaren1
mclarenf
mclarenf1
mclean
mcleod
mclovin
mclovin1
mcnabb
mcqueen
md1998pb
me&you
me123456
me2know
me2no
me2you
me4ever
me4life
me4you
meadow
meadows
meadows1
meagan
meaghan
meaghan1
meandme
meandu
meandyou
meandyou1
meandyou2
meangirls
meangirls1
meanie
meatball
meatball1
meatball99
meatballs
meathead
meathead1
meatloaf
meatloaf1
meatman
meatwad
meatwad1
mecanica
mecanico
mecca
mechanic
mechanic1
mechanical
mechelle
mechta
mede_voda
medecine
medeiros
medellin
medellin1
media
media123
mediawire
medic
medical
medical1
medicina
medicine
medicine1
medico
medieval
medina
medion
medion123
meditation
mediterraneo
medium
medrano
medtech
medusa
meduza
medved
medvedev
medvedeva
medvidek
meeeee
meeka
meeko
meemee
meena
meenakshi
meerkat
meesha
meeting
meetme
mefisto
megabyte
megadeath
megadeth
megadeth1
megafon
megaman
megaman1
megaman12
megaman123
megaman2
megaman3
megamanx
megamega
megan
megan123
megane
meganfox
megans
megaparol
megaparol12345
megapolis
megasecret
megastar
megatron
megatron1
meggie
meghan
meghan12
meghana
meghna
megmeg
megryan
megumi
megusta
mehdi
mehmet
mehmet123
mehran
meiling
meimei
meins
meinschatz
meisha
meister
meister1
meiyoumima
melancia
melani
melania
melanie
melanie!
melanie01
melanie1
melanie11
melanie12
melanie123
melanie13
melanie2
melanie3
melanie7
melany
melati
melbourne
melbourne1
melchior
melchor
melena
melendez
melike
melimelo
melina
melinda
melinda1
meline
melisa
melissa
melissa!
melissa.
melissa01
melissa07
melissa08
melissa09
melissa1
melissa10
melissa11
melissa12
melissa123
melissa13
melissa14
melissa15
melissa16
melissa17
melissa18
melissa19
melissa2
melissa21
melissa22
melissa23
melissa24
melissa25
melissa3
melissa4
melissa5
melissa6
melissa69
melissa7
melissa8
melissa9
melita
melkor
mellie
mellisa
mellissa
mello
mellon
mellow
melly
melmel
melnik
melnikova
melocoton
melodi
melodia
melodie
melodie1
melody
melody12
melody123
meloman
melon
melon123
melone
melons
melove
melrose
melrose1
meltdown
meltem
melton
melusine
melville
melvin
melvin12
melvin123
member
members
membership
meme1234
memek
mememe
mememe12
mememe123
memememe
memememe1
memento
mementomori
memere
memito
memole
memorex
memorex1
memoria
memorial
memorial1
memories
memories1
memory
memphis
memphis1
memphis10
memphis2
memphis901
memyself
memyself&i
memyself1
memyselfan
memyselfandi
memyselfi
menace
mendel
mendes
mendez
mendoza
mendoza1
meneses
mengmeng
menina
meninblack
menmen
menmenmen
menorca
mensah
mensuck
mensuck1
mental
mentari
menthol
menthol1
mentira
mentira1
mentiras
mentiroso
mentor
mentos
meomeo
meonly
meow1234
meowmeow
meowmeow1
meowmix
meowmix1
mephisto
mercado
mercado1
merced
merced209
mercedes
mercedes01
mercedes1
mercedes11
mercedes12
mercedes123
mercedes2
mercedes3
mercedes7
mercedesbenz
mercedez
mercedez1
mercer
merchant
merci
mercredi
mercure
mercurial
mercurio
mercury
mercury1
mercury7
mercy
mercy123
merda
merda123
merdaccia
merde
merdeka
merdes
meredith
meredith1
merengue
merganser
merhaba
meriam
merida
meridian
meridian1
meriem
merijaan
merino
meriva
merkur
merlin
merlin01
merlin11
merlin12
merlin123
merlin13
merlin69
merlino
merlot
merlyn
mermaid
mermaid1
mermaid2
mermaids
mermer
merrick
merrick1
merrill
merrill1
merritt
merry
mersedes
merve
merveille
mervin
meryem
mesedka
mesha
meshmesh
message
message1
messages
messenger
messenger1
messer
messi
messi123
messiah
messiah1
messier
messier11
messina
messy
mester
mestre
metal
metal123
metal4ever
metal4life
metal666
metalcore
metalgear
metalgear1
metalhead
metalhead1
metalica
metalica1
metalika
metall
metall1ca
metallic
metallica
metallica!
metallica.
metallica0
metallica1
metallica123
metallica2
metallica3
metallica4
metallica5
metallica6
metallica666
metallica7
metallica8
metallica9
metalman
metals
metatron
meteor
meteora
meteora1
method
methodist
methodman
methodman1
methos
metin
metoo
metoyou
metro
metro123
metro2033
metroid
metroid1
metropol
metropolis
mets1986
meuamor
mewmew
mewtwo
mexic
mexicali
mexicali1
mexican
mexican1
mexican10
mexican12
mexican123
mexican13
mexican14
mexican15
mexican2
mexican3
mexican4li
mexican5
mexican7
mexicana
mexicana1
mexicano
mexicano1
mexicano13
mexico
mexico#1
mexico00
mexico01
mexico06
mexico07
mexico08
mexico09
mexico10
mexico100
mexico101
mexico11
mexico12
mexico123
mexico1234
mexico13
mexico14
mexico15
mexico16
mexico17
mexico18
mexico19
mexico20
mexico2009
mexico2010
mexico21
mexico22
mexico23
mexico24
mexico25
mexico619
mexico69
mexico77
mexico86
mexico88
mexico90
mexico99
mgoblue
mgreen
mgreen39
mhaldita
mhine
mhinekoh
miahamm
miahamm9
miami
miami123
miami305
miamia
miamibeach
miamiheat
miamiheat1
miamiheat3
miamor
miamore
miangel
miaomiao
miaumiau
mibebe
micael
micaela
micaela1
micah
micasa
mich3ll
mich3ll3
micha
micha3l
michae
michael
michael!
michael.
michael0
michael00
michael01
michael02
michael03
michael04
michael05
michael06
michael07
michael08
michael09
michael1
michael10
michael101
michael11
michael12
michael123
michael13
michael14
michael15
michael16
michael17
michael18
michael19
michael2
michael20
michael200
michael21
michael22
michael23
michael24
michael25
michael26
michael27
michael28
michael29
michael3
michael30
michael31
michael32
michael33
michael34
michael4
michael44
michael5
michael50
michael55
michael6
michael69
michael7
michael77
michael8
michael84
michael85
michael86
michael87
michael88
michael89
michael9
michael90
michael91
michael92
michael93
michael94
michael95
michael96
michael97
michael98
michael99
michaela
michaela1
michaelj
michaeljac
michaeljackson
michaels
michaels1
michal
michal12
michal123
michalek
miche11e
micheal
micheal1
micheal12
micheal123
micheal2
micheal23
micheal3
micheal7
michel
michel123
michel69.69
michela
michelangelo
michele
michele1
michele2
michelin
micheline
michelino
michell
michell1
michelle
michelle!
michelle.
michelle0
michelle00
michelle01
michelle02
michelle03
michelle05
michelle06
michelle07
michelle08
michelle09
michelle1
michelle10
michelle11
michelle12
michelle123
michelle13
michelle14
michelle15
michelle16
michelle17
michelle18
michelle19
michelle2
michelle20
michelle21
michelle22
michelle23
michelle24
michelle25
michelle26
michelle27
michelle28
michelle29
michelle3
michelle30
michelle33
michelle4
michelle5
michelle6
michelle69
michelle7
michelle77
michelle8
michelle88
michelle89
michelle9
michelle99
michi
michi123
michigan
michigan1
michigan12
michigan2
michiko
michoacan
michoacan1
michou
micione
mickael
mickey
mickey00
mickey01
mickey02
mickey05
mickey06
mickey07
mickey08
mickey09
mickey10
mickey101
mickey11
mickey12
mickey123
mickey1234
mickey13
mickey14
mickey15
mickey16
mickey17
mickey18
mickey19
mickey20
mickey21
mickey22
mickey23
mickey24
mickey25
mickey27
mickey28
mickey33
mickey69
mickey77
mickey88
mickey99
mickeymous
mickeymouse
mickie
micky
micky123
mickymouse
micmac
micmic
micorazon
micro
micro123
microbiology
microlab
microlad
micron
microphone
micros
microsoft
microsoft1
microsoft2
microwave
microwave1
midas
midcont
middle
middleton
midget
midland
midland1
midnight
midnight!
midnight01
midnight1
midnight10
midnight11
midnight12
midnight13
midnight2
midnight22
midnight3
midnight4
midnight5
midnight6
midnight69
midnight7
midnight8
midnight9
midnite
midnite1
midori
midtown
midway
midwest
midwest1
midwife
miercoles
mierda
mierda123
miespacio
miespacio1
mifamilia
mifamilia1
mighty
mightymouse
mignon
migrationsandeep
migrationschool
miguel
miguel01
miguel10
miguel11
miguel12
miguel123
miguel13
miguel14
miguel15
miguel17
miguel18
miguel21
miguel22
miguel23
miguelange
miguelangel
miguelito
miguelito1
miha-nov
mihaela
mihai
mihail
mihail-saratov
mihail_alekseevskiy
mihail_alekseevskiy406
mihailpezhemskii
mihaita
mikado
mikael
mikael412
mikaela
mikaela1
mikaella
mikail
mikala
mikalyalia
mikamika
mikasa
mikayla
mikayla1
mike1234
mike12345
mike123456
mike1985
mike2000
mike2006
mike2007
mike2008
mike2009
mike2010
mike4ever
mike6453
mikee
mikejones
mikejones1
mikejones2
mikel
mikela
mikele
mikemike
mikemike1
mikes
mikesch
miketyson
mikevick
mikevick7
mikey
mikey123
mikhail
mikhailova-w
mikhayildopy
mikie
mikimaus
mikimiki
mikkel
mikki
mikmik
mikola
mikolaj
mikolaj1
mikomiko
mila90974
milacek
milacik
milady
milagro
milagros
milagros1
milamber
milamila
milan
milan123
milan1899
milan4ever
milana
milanac
milanello
milani
milanista
milanisti
milankasanakoeva
milano
milanova-kira
milashka
milay-ven
milay-ven2011
milaya
mildred
mildred1
mildseven
milena
milena699803
milenium
milenka
miles
miles123
milesdavis
milestone
miley
miley101
miley123
mileycyrus
milford
milford1
milhouse
milica
milind
milion
militaire
militar
military
military1
milito
milka
milkbone
milkdud
milkdud1
milkman
milkman1
milkmilk
milkshake
milkshake1
milkshake2
milky
milkyway
milkyway1
milla
millan
millard
mille
millencolin
millenium
millenium1
millennium
miller
miller01
miller10
miller11
miller12
miller123
miller13
miller21
miller22
miller23
miller30
miller31
miller69
millerlite
millers
millertime
millhouse
millicent
millie
millie01
millie11
millie12
millie123
milligan
million
million1
million2
millionair
millionaire
millioner
millions
millions1
millonario
millonarios
millos
millos13
millsberry
millwall
millwall1
milly
milly123
milo1234
milomilo
milonga
milord
milos
milosc
milou
milton
milwaukee
milwaukee1
mimama
mimamamemima
mimamima
mimi1234
mimimi
mimimimi
mimine
mimino
mimita
mimmo
mimosa
mimoza
minako
minakshi
minami
minamina
minato
minchia
mindanao
mindfreak
mindfreak1
mindgame
mindless
mindless1
mindy
mindy123
mine1234
mine4ever
minecraft
minecraft1
minecraft12
minecraft123
minemine
minemine1
mineonly
mineral
minerva
minerva1
minette
minger
mingming
mingus
minhamae
minhasenha
minhavida
mini1234
minicalibra
miniclip
miniclip1
minicooper
minidisc
minimal
minimal1
miniman
miniman1
minimax
minime
minime123
minimi
minimini
minimo
minimoto
minimum
minimum1
minina
minino
minion
minister
minister1
ministry
ministry1
minka
minkia
minkova_i
minmin
minnesota
minnesota1
minnette
minnie
minnie01
minnie10
minnie11
minnie12
minnie123
minnie13
minnie22
minniemous
minniemouse
minnow
minolta
minombre
minority
minotaur
minotauro
minou
minoucha
minouche
minous
minstrel
mintal
mintal24
minty
minute
miomio
mir-180991
miraa
miraa_84
mirabel
mirabella
mirabelle
miracle
miracle1
miracle2
miracle7
miracles
miraflores
mirage
miramar
miramira
mirana
miranda
miranda1
miranda11
miranda12
miranda123
miranda13
miranda2
miranda3
miranda5
miranda7
miranda9
mirantte
mirasol
mircea
mireia
mireille
mirek
mirela
mirella
mirellabroersma
mirellabroersma1987570
mireya
miriam
miriam123
mirian
miriana
mirinda
mirjam
mirjana
mirka
mirko
mirlan_o
miroku
mironov
mironova
miroslav
miroslava
mirror
mirtillo
miruna
mis3amores
misael
misaki
misamisa
misamores
misato
misbah
misbebes
misch.sosnin
mischa
mischief
mischief1
misericordia
misery
misfit
misfits
misfits1
misfits138
misha
misha123
mishaghbdtn
mishanna
mishanna1936
mishanya
mishas
mishas001
mishel
mishijos
mishka
mishmish
mishra
mishutka
misia
misiaczek
misiaczek1
misiek
misiek123
misio
misiu
miska
miss-evgeniya
miss-evgeniya-93
miss.marina.nikolaeva
miss.marina.nikolaeva.2013
missbitch
missbitch1
missey
missie
missika
missile
missing
missing1
missingu
missingyou
mission
mission1
mission123
mission2
missionary
missions
mississipp
mississippi
mississippi1
misskitty
misskitty1
missme
missmolly
missouri
missouri1
misspiggy
misspiggy1
misspriss
misspriss1
missthang
missthang1
missy
missy101
missy123
missy1234
missydog
missymoo
missyou
missyou1
missyou2
mistake
mistake1
mister
mister12
mister123
misterio
mistero
misterx
mistery
mistic
mistica
mistico
mistie
mistigri
mistral
mistress
mistress1
mistrz
misty
misty123
mistyblue
mistycat
mistydog
mitali
mitch
mitch123
mitchel
mitchel1
mitchell
mitchell1
mitchell12
mitchell2
mitchie
mitchy
mithrandir
mithun
mitia
mitia159
mitica
mitico
mito.lo
mitsou
mitsubishi
mittal
mitten
mittens
mittens1
mittens2
mityukova.anya
mitzi
mitzie
miuaybecv
miumiu
mivida
mividaloca
mixail
mixaxa
mixaxa2003
mixmaster
mixtape
mixtape1
miyaka
miyamoto
miyavi
miyuki
miyvarxar
mizio
mizio970
mizpah
mizuki
mizuno
mizzou
mj123456
mjdsf
mjmjmj
mjolnir
mjordan
mjordan23
mjuan5ogm
mk123456
mkal2707
mkalancea
mkjhgf
mkjhgf1996
mklmkl
mklmkl22
mkmkmk
mknaxhxeh8yp3tf
mko09ijn
mko0nji
mko0nji9
mkolendzyan
mkomko
mkvdari
mlqdakf8yt
mm123123
mm123456
mm170667
mm744m
mmakssimka
mmedinaa
mmklub
mmmmm
mmmmmm
mmmmmmm
mmmmmmm1
mmmmmmmm
mmmmmmmmm
mmmmmmmmmm
mmmnnn
mmo110110
mmouse
mnbmnb
mnbmnbmnb
mnbvc
mnbvcx
mnbvcxy
mnbvcxz
mnbvcxz1
mnbvcxz12
mnbvcxz123
mndonaaa
mnenrad
mnenrad6983616
mnmnmn
mo123456
mob4life
mobbdeep
mobil
mobila
mobile
mobile123
mobiline_b
mobius
mobster
mobster1
mobsters
mobsters1
mobydick
moc.oohay
mocanuv
mocha
mocha123
mockingbird
moctar
mod7tygrysow
model
model123
modeling
modeling1
modelo
models
modem
modena
modern
moderncombat
modernwarf
modernwarfare
modernwarfare2
modest
modesto
modesto1
modesto209
modified
modupe
moeder
moejoe
moemoe
mogul
mogwai
mogychajagopa
mohamad
mohamed
mohamed1
mohamed12
mohamed123
mohammad
mohammad1
mohammed
mohammed1
mohammed123
mohan
mohan123
mohana
mohanlal
mohawk
mohini
mohit
mohitb
mohitb123
mohsen
mohsin
moiettoi
moimeme
moimoi
moimoimoi
moinmoin
moises
mojehaslo
mojisola
mojito
mojojojo
mojojojo1
mojomojo
mojurus
mojurus5575566
mokona
mokong
moksha
mol.kos
molchanova_tlt
moldova
moliere
molina
molko24bog
molley
mollie
mollie01
mollie12
mollie123
molly
molly101
molly123
molly1234
mollyb
mollycat
mollydog
mollydog1
mollygirl
mollygirl1
mollymolly
mollymoo
mollymoo1
mollys
moloko
molotok
molotov
molson
mom&dad
mom12345
mom4life
momanddad
momanddad1
momanddad2
mombasa
momdad
momdad12
momdad123
moment
moments
momentum
momma
momma123
mommasboy
mommasboy1
mommie
mommom
mommy
mommy101
mommy123
mommy1234
mommy143
mommy2be
mommydaddy
mommygirl
mommygirl1
mommyof
mommyof2
mommyof3
mommyof4
mommys
mommysgirl
momndad
momndad1
momo1234
momof
momoko
momomo
momomomo
momoney
momoney1
momsgirl
momsgirl1
mona1234
monaco
monae
monaghan
monalisa
monalisa1
monaliza
monaliza2786
monami
monamona
monamour
monange
monarch
monarch1
monaro
monbebe
moncheri
monchi
moncho
moncoeur
monday
monday01
monday11
monday12
monday123
mondeo
mondieu
mondragon
monella
monet
monette
money
money007
money100
money1000
money101
money111
money123
money1234
money12345
money2007
money2008
money2009
money2010
money2011
money247
money321
money420
money4940
money4life
money4me
money666
money777
money888
moneybag
moneybags
moneybags1
moneyboy
moneyboy1
moneymaker
moneyman
moneyman1
moneyman12
moneyman2
moneyman87
moneyme
moneyme56
moneymike
moneymike1
moneymoney
moneys
moneytalks
moneyy
mongo
mongol
mongolia
mongoose
mongoose1
monia
monica
monica01
monica10
monica11
monica12
monica123
monica13
monica14
monica15
monica21
monica22
monica23
monica69
monies
monika
monika11
monika12
monika123
monimoni
monina
monique
monique01
monique1
monique11
monique12
monique123
monique13
monique2
monique21
monique23
monique3
monique4
monique5
monique7
monisha
monisia
monita
monito
monitor
monitor1
monk3y
monkee
monkey
monkey00
monkey007
monkey01
monkey02
monkey03
monkey04
monkey05
monkey06
monkey07
monkey08
monkey09
monkey10
monkey100
monkey101
monkey11
monkey111
monkey12
monkey123
monkey1234
monkey12345
monkey13
monkey14
monkey15
monkey16
monkey17
monkey18
monkey19
monkey20
monkey21
monkey22
monkey23
monkey24
monkey25
monkey26
monkey27
monkey28
monkey29
monkey30
monkey31
monkey32
monkey321
monkey33
monkey34
monkey42
monkey420
monkey44
monkey45
monkey55
monkey56
monkey66
monkey666
monkey67
monkey68
monkey69
monkey76
monkey77
monkey777
monkey78
monkey79
monkey80
monkey81
monkey82
monkey83
monkey84
monkey85
monkey86
monkey87
monkey88
monkey89
monkey90
monkey91
monkey911
monkey92
monkey93
monkey94
monkey95
monkey96
monkey97
monkey98
monkey99
monkeyass
monkeyass1
monkeyball
monkeyballs
monkeyboy
monkeyboy1
monkeybut
monkeybut1
monkeybutt
monkeyface
monkeygirl
monkeylove
monkeyman
monkeyman1
monkeyman2
monkeynuts
monkeypoo
monkeys
monkeys!
monkeys1
monkeys101
monkeys11
monkeys12
monkeys123
monkeys13
monkeys2
monkeys3
monkeys4
monkeys5
monkeys7
monkeyz
monkfish
monkie
monkies
monkies1
monkmonk
monmon
monmouth
monolit
monolith
monomono
mononoke
monopoli
monopoly
monopoly1
monoxide
monoxide17
monp5haynes
monroe
monserrat
monsieur
monsoon
monsoon1
monsta
monster
monster!
monster.
monster0
monster01
monster08
monster09
monster1
monster10
monster101
monster11
monster12
monster123
monster13
monster14
monster15
monster16
monster17
monster18
monster2
monster21
monster22
monster23
monster24
monster3
monster33
monster4
monster5
monster6
monster666
monster69
monster7
monster77
monster8
monster88
monster9
monster99
monstercha
monsters
monsters1
monstr
montag
montagna
montagne
montague
montana
montana1
montana12
montana123
montana16
montana2
montana3
montana7
montano
montauk
montblanc
monte
montecarlo
montecristo
montego
monteiro
montel
montella
montenegro
monterey
monterey1
montero
montero1
monterrey
monterrey1
montes
montesa
montessori
montevideo
montez
montgom
montgom2409
montgomery
monthy
monthy25
montoya
montoya1
montpellier
montre
montreal
montreal1
montrose
montse
montserrat
monty
monty123
montydog
monument
monyet
moochie
moochie1
moocow
moocow123
moocows
moody
moogle
mookie
mookie12
mookie123
moomin
moomoo
moomoo11
moomoo12
moomoo123
moomoo22
moon1234
moonbeam
moonbeam1
moonchild
moondance
moondog
moondog1
mooney
moonflower
moonie
moonlight
moonlight1
moonlight2
moonlight7
moonlite
moonman
moonman1
moonmoon
moonpie
moonpie1
moonraker
moonriver
moonshadow
moonshine
moonshine1
moonspell
moonstar
moonstar1
moonstone
moonwalk
moonwalker
mooooo
moore
moorea
moose
moose123
moosehead
mooseman
mooses
moosey
moosie
mopar
moppel
moppie
morado
morales
morales1
morango
morangos
morbid
mordor
mordva
mordva1783
moreira
morelia
morelia1
morelle
morelle45
moremoney
moremoney1
moremore
morena
morena13
morenaza
morenike
morenita
morenita1
morenito
moreno
moretime
morfeo
morgan
morgan00
morgan01
morgan02
morgan03
morgan04
morgan05
morgan06
morgan07
morgan08
morgan09
morgan10
morgan11
morgan12
morgan123
morgan13
morgan14
morgan15
morgan16
morgan17
morgan18
morgan21
morgan22
morgan23
morgan24
morgan69
morgan98
morgan99
morgana
morgana1
morgane
morgen
morgoth
moriah
moriarty
morientes
morita
moritz
morkovka
morley
mormon
mormor
morning
morning1
morning21
morningstar
morocco
morocco1
morocha
moron
moroni
morozov
morozova
morozovavalya
morozovavalya28
morpheus
morpheus1
morphine
morrigan
morris
morris12
morris123
morrison
morrison1
morrissey
morrissey1
morrow
morrowind
morrowind1
mortadelo
mortal
mortalkombat
morten
mortgage
mortgage1
morticia
mortimer
mortimer1
mortis
morton
mosaic
moschino
moscow
moscowcallin
mosdef
moses
moses123
moshco
moshkin
moshkin1998
mosima
mosima11
moskau
moskow
moskva
mosquito
mossberg
mossimo
mossyoak
mossyoak1
mostafa
mostaganem
mostar
mostro
mostwanted
mot2passe
motard
motdepasse
motdepasse1
mother
mother01
mother02
mother03
mother10
mother11
mother12
mother123
mother1234
mother13
mother21
mother22
mother23
mother69
motherfuck
motherfucker
motherfucker1
motherhood
motherland
motherlode
motherlove
mothermary
motherof
motherof2
motherof3
motherof4
motherof5
mothers
mothers1
motherwell
motion
motita
motivated
motivation
motley
motleycrue
motmot
motocros
motocross
motocross1
motocross2
motogp
motoguzzi
motoko
motomoto
motor
motorbike
motorbike1
motorcross
motorcycle
motorhead
motorhead1
motorka
motorola
motorola1
motorola12
motorola2
motorolav
motorolav3
motorolla
motorrad
motors
motorsport
motown
motrya.larina
motylek
mouche
mouette
mouhamed
moulin
moulinrouge
mouloud
mouloudia
moumita
moumou
moumoune
mounette
mounia
mounika
mounir
mountain
mountain1
mountain2
mountainde
mountaindew
mountains
mountains1
mourad
mouse
mouse123
mousepad
mouser
mouses
mousetrap
mousey
mousie
moussa
mousse
moustache
moustapha
moustic
moustique
mouton
movado
moveme
movement
movement1
moveon
movie
movies
moviestar
moving
movingon
movingon1
movistar
mowgli
moxie
moymoy
mozart
mozellbranou81e
mozilla
mozilla1
mp3mp
mp3player
mpeater
mpnaduysi
mpower
mr.stas
mr.stas192
mrbean
mrbear
mrcool
mrdmarina
mrf11277215
mrkitty
mrkitty1
mrmagoo
mrniceguy
mrs.brown
ms.cc.gg
ms.dolgikh
ms.polza
ms0083jxj
ms123456
mshelp
mshelp12
mskitty
msnmsn
mtizndu
mtizndu2
mtndew
mu080295
mu0lfpv
mu0lfpv2
muaythai
muaythai1
mubarak
much4u
muchacha
muchfun
muchlove
muchmoney
muckel
mudar
mudar123
muddy
mudkip
mudok
mudvayne
mudvayne1
mueller
muenchen
muerte
mufasa
muff1n
muffdiver
muffie
muffin
muffin01
muffin10
muffin11
muffin12
muffin123
muffin13
muffin14
muffin21
muffin22
muffin23
muffin69
muffinman
muffinman1
muffins
muffins1
muffy
muggins
muggle
muggsy
mughal
mugsy
mugwell
mugwell15
mugwump
muhaha
muhamad
muhamed
muhammad
muhammad1
muhammed
muhammet
muhkuh
muhon
muhtar
mujahid
mujeres
mukesh
mulberry
mulder
mullen
muller
mullet
mulligan
mulligan1
mullins
multan
multik
multimedia
multipass
multipla
multiplelog
multisync
mumanddad
mumanddad1
mumbai
mumdad
mummum
mummy
mummy123
mummydaddy
mummypapa
mummys
mumtaz
mumumu
munch
munchen
munchie
munchie1
munchies
munchies1
munchkin
munchkin1
munchy
mundial
muneca
munich
municipal
munira
munkey
munmun
munna
munnabhai
munson
munster
munster1
muppet
muppets
murakami
murali
murano
murat
murat123
muratti
murcia
murcielago
murda
murder
murder187
murder666
murdoch
murdock
murdock1
murena
muriel
murielle
murillo
murilo
murmansk
murmur
murphy
murphy01
murphy10
murphy11
murphy12
murphy123
murphy13
murphy22
murray
murtaza
murthy
muruga
murugan
murzik
murzilka
musa123456
musashi
musashi1
muscat
muschi
muscle
muscles
muscles1
museum
mushka
mushr00m
mushroom
mushroom1
mushroomka
mushrooms
mushrooms1
music
music000
music101
music123
music1234
music12345
music2008
music2009
music2010
music4ever
music4life
music4me
music4u
music666
music=life
musica
musica10
musica123
musical
musical1
musicas
musicbox
musician
musician1
musicislif
musicislife
musick
musiclove
musiclove1
musiclover
musicman
musicman1
musicmusic
musico
musicovery
musicrocks
musics
musift
musift10
musik
musika
musique
musique1
muskaan
muskan
muskie
muslim
muslimah
mussolini
mustafa
mustafa1
mustafa123
mustang
mustang!
mustang.
mustang00
mustang01
mustang02
mustang03
mustang04
mustang05
mustang06
mustang07
mustang08
mustang09
mustang1
mustang10
mustang11
mustang12
mustang123
mustang13
mustang14
mustang2
mustang200
mustang21
mustang22
mustang23
mustang24
mustang3
mustang302
mustang4
mustang5
mustang5.0
mustang50
mustang500
mustang6
mustang64
mustang65
mustang66
mustang67
mustang68
mustang69
mustang7
mustang73
mustang77
mustang8
mustang86
mustang87
mustang88
mustang89
mustang9
mustang90
mustang91
mustang92
mustang93
mustang94
mustang95
mustang96
mustang97
mustang98
mustang99
mustanggt
mustanggt1
mustangs
mustangs1
mustapha
mustard
mustard1
musyka
musyka85
mutabor
mutalim.gusenov
mutant
mutdfgvtp
muthafucka
muthoni
mutiara
mutley
mutter
muttley
muttley1
mutual
muyiwa
muzaffar
muzica
muziek
muzik
muzika
muzyka
mv46vkmz
mv46vkmz10
mvick
mwangi
mxyzptlk
my-space
my.space
my123456
my1andonly
my1baby
my1love
my1space
my1stlove
my204856
my2angels
my2babies
my2boys
my2boyz
my2cats
my2dogs
my2girls
my2kids
my2sons
my3angels
my3babies
my3boys
my3dogs
my3girls
my3kids
my3loves
my3sons
my4babies
my4boys
my4girls
my4kids
my4sons
my5kids
my6kids
my_komp
my_komp_777
my_space
myaccount
myaccount1
myangel
myangel1
myangels
myass
mybabe
mybabies
mybabies1
mybabies2
mybabies3
mybaby
mybaby01
mybaby07
mybaby08
mybaby09
mybaby12
mybaby123
mybaby13
mybabyboy
mybabyboy1
mybabygirl
myband
mybirthday
mybitch
mybitch1
myblocker
myboo
mybossmyhero
mybossmyhero1
myboys
mybrother
mybuddy
mybuddy1
mybusiness
mycats
mychem
mychemical
mychemicalromance
mychildren
mycomputer
mydad
mydaddy
mydaddy1
mydarling
mydear
mydestiny
mydick
mydog
mydogs
mydream
mydreams
myebiz
myebiz123
myemail
myface
myfamily
myfamily1
myfamily4
myfamily5
myfather
myfriend
myfriend1
myfriends
myfriends1
myfuture
mygame
mygirl
mygirls
mygirls1
mygirls2
mygirls3
mygirls4
mygod
mygodisgood
myheart
myheart1
myhero
myhome
myhoney
myhoney1
myhope
myhouse
myhouse1
myhumps
myhumps1
myhusband
myindia
myjesus
myjesus1
myjobs
mykids
mykids02
mykids03
mykids04
mykids123
myking
mykonos
myl0ve
mylady
mylastfm
mylene
myles
mylfard
mylife
mylife08
mylife09
mylife11
mylife12
mylife123
mylink
mylinkedin
mylord
mylove
mylove01
mylove07
mylove08
mylove09
mylove10
mylove11
mylove12
mylove123
mylove1234
mylove12345
mylove13
mylove14
mylove15
mylove16
mylove18
mylove21
mylove22
mylove23
mylove24
mylove4u
mylove69
mylovely
myloveone
mylover
mylover1
myloves
mymail
mymama
myman
mymom
mymommy
mymommy1
mymoney
mymoney1
mymother
mymother1
mymummy
mymusic
mymusic1
mymymy
mymyspace
mymyspace1
myname
myname12
myname123
mynameis
mynameis1
mynameiskhan
mynewlife
mynigga
mynigga1
mynoob
mynumber
mynumber1
myonly
myparents
mypass
mypass123
mypassphrase
mypassw0rd
mypassword
mypassword1
myplace
myplace1
myprince
myprincess
myriam
myrtille
myrtle
myschool
mysecret
mysecret1
myself
myself123
myshit
mysister
myson
mysons
mysore
mysoul
mysp4c
mysp4ce
mysp@ce
myspac
myspace
myspace!
myspace#1
myspace*
myspace.
myspace.1
myspace.co
myspace0
myspace00
myspace001
myspace007
myspace01
myspace02
myspace03
myspace05
myspace06
myspace07
myspace08
myspace09
myspace1
myspace1!
myspace10
myspace100
myspace101
myspace11
myspace111
myspace12
myspace121
myspace123
myspace13
myspace14
myspace15
myspace16
myspace17
myspace18
myspace19
myspace197
myspace198
myspace199
myspace2
myspace20
myspace200
myspace201
myspace21
myspace22
myspace23
myspace24
myspace25
myspace26
myspace27
myspace28
myspace29
myspace3
myspace30
myspace31
myspace32
myspace321
myspace33
myspace34
myspace4
myspace420
myspace44
myspace45
myspace4me
myspace5
myspace55
myspace56
myspace6
myspace66
myspace666
myspace67
myspace69
myspace7
myspace75
myspace76
myspace77
myspace777
myspace78
myspace79
myspace8
myspace81
myspace82
myspace83
myspace84
myspace85
myspace86
myspace87
myspace88
myspace89
myspace9
myspace90
myspace91
myspace92
myspace93
myspace94
myspace95
myspace96
myspace98
myspace99
myspace999
myspace?
myspacepas
myspacesuc
mystere
mysterio
mysterio1
mysterio61
mysterio619
mysterious
mystery
mystery1
mystic
mystical
mystical1
mystikal
mystique
mystuff
mystuff1
myszka
mythology
mythreesons
mytime
mywife
myword
myworld
myworld1
myyolo
myzone
myzoosk
mz.sexy
mzyankin
n.kmgfy
n00dle
n00dles
n0=acc3ss
n0thing
n0vember
n1234567
n12345678
n123456789
n1cholas
n1cole
n1frdz
n1gger
n1n2n
n1rvana
n28n24a
n2deep
n2xcfgjcvr
n66xg2ziu
n6ezl7xhp
n76xg2yiu
n8zgt5p0shw
n8zgt5p0shw=
n_pletneva
nabeel
nabil
nabila
nabilah
nachito
nacho
nacho123
nachos
nacional
nacional1
nacional10
nadanada
nadeem
nadegda
nadege
nadejda
nadezda
nadezhda
nadia
nadia123
nadine
nadine123
nadira
nadiya
nadjaem
nadroj
nadya
naenae
nafanya
nafisa
nafnaf
nagamani
nagano
nagaraju
nagasaki
nagato
nagel
nagendra
nagesh
nagrom
nahuel
naiara
nailpolish
nails
naima
nairobi
nakamura
nakata
naked
nakita
naledi
nalini
nallepuh
namaskar
namaste
namaste1
namaste78
nameles
nameless
nameless1
namibia
namita
namnam
namour
namrata
nana1234
nanakwame
nanana
nananana
nanay
nanayaw
nancy
nancy123
nancydrew
nanda
nanda123
nandan
nandhini
nandini
nandita
nando
nando123
nanette
nanita
nanito
nanna
nannan
nanner
nannie
nanny
nanny123
nanonano
nanook
nanou
nanou4552
nantes
nantes44
nantucket
naomi
naomi123
naomie
naosei
napalm
naples
napolean
napoleon
napoleon1
napoleone
napoletano
napoli
napoli10
napoli1926
nappy
napster
napster1
naranja
narashchivaiunoghti
narasimha
narayan
narayana
narayanan
narcis
narciso
narcisse
narendra
naresh
nargis
nargiz-a
nargiza
nariman
narkoman
narnia
naruhina
narusegawa
narut
naruto
naruto00
naruto01
naruto07
naruto08
naruto09
naruto10
naruto100
naruto101
naruto11
naruto12
naruto123
naruto1234
naruto13
naruto14
naruto15
naruto16
naruto17
naruto18
naruto19
naruto20
naruto21
naruto22
naruto23
naruto24
naruto25
naruto33
naruto45
naruto55
naruto666
naruto69
naruto77
naruto88
naruto89
naruto90
naruto91
naruto92
naruto924
naruto93
naruto94
naruto95
naruto96
naruto97
naruto98
naruto99
narutofan
narutofan1
narutokun
narutouzumaki
nasaud
nascar
nascar01
nascar03
nascar08
nascar09
nascar11
nascar12
nascar123
nascar14
nascar17
nascar18
nascar20
nascar24
nascar29
nascar38
nascar48
nascar88
nascar99
nascimento
nasdaq
naseem
nasfat
nasfat12
nashi
nashi1996
nashville
nashville1
nasigoreng
nasir
nasrat
nasreen
nasrin
nassau
nasser
nassim
nassima
nastasia
nastena
nastenabendel
nastenka
nastia
nastik
nastina
nastina33592
nastja
nastusha
nasty
nasty123
nastya
nastya-b
nastya-b86
nastya12
nastya123
nastya1995
nastya1996
nastya1997
nastya1998
nastya2010
nastyaanciferova
nastyanastya
nastygirl
nastygirl1
nat5g
nata271283
nata_titj
nata_titj25
natacha
natacion
nataha
natala
natale
natalee
natali
natalia
natalia1
natalia12
natalia123
natalia2
natalie
natalie!
natalie01
natalie06
natalie07
natalie08
natalie1
natalie10
natalie11
natalie12
natalie123
natalie13
natalie2
natalie23
natalie3
natalie4
natalie5
natalie7
natalie8
natalie9
natalija
natalina
nataliya
nataliystre
natalja
natalka
natalka1
nataly
natalya
natalya.dmitrieva
natalya.dmitrieva.1978
natanael
natanata
natas
natas666
natasa
natascha
natasha
natasha1
natasha11
natasha12
natasha123
natasha13
natasha2
natasha3
natasha7
natasha_19.65
natashka
natation
natatuma
natatuma79
natawa
nataxa
nate1234
natedog
natedog1
natedogg
natedogg1
nathalia
nathalie
nathalie1
nathaly
nathan
nathan00
nathan01
nathan02
nathan03
nathan04
nathan05
nathan06
nathan07
nathan08
nathan09
nathan10
nathan11
nathan12
nathan123
nathan1234
nathan13
nathan14
nathan15
nathan16
nathan17
nathan18
nathan19
nathan21
nathan22
nathan23
nathan24
nathan69
nathan98
nathan99
nathanael
nathaniel
nathaniel1
nathaniel2
nathen
nati.beridze
nati.beridze.92
natiichen
natiichen999
nation
national
national1
native
natividad
natnat
natsume
natty
natura
natural
natural1
nature
natureza
natusik
naufal
naughty
naughty1
naughty69
nausicaa
nautica
nautica1
nautical
nautilus
navajo
navara
navarro
navarro1
naveed
naveen
navidad
navigator
navigator1
navneet
navyblue
navyseal
navyseal1
navyseals
nayana
nayara
nayarit
nayarit1
nayeli
naynay
naynay12
naynay123
nazanin
nazar
nazareno
nazaret
nazareth
nazarov
nazarova
nazgul
nazira
nbalive
nbanba
nbibyf
nbnfybr
nbuhbwf
nbuhtyjr
nbvbb32fa
nbvbb32fa9
nbvcxw
nbvcxz
nbvehrf
nbvfnb
nbvjatq
nbvjif
nbvjirf
nbvjityrj
nc4lqw7to
ncabeax2vx
ncc-1701
ncc1701a
ncc1701d
ncc1701e
ncc74656
ncstate
ncstate1
nd2ia8v8az
nd4spd
ndacebx2wx
ndchance
ndubuisi
nebraska
nebraska1
nebula
necaxa
necro
necro666
necromancer
necronomicon
nectar
nectar2011
nederland
nederland1
nedved
nedved11
need4speed
needajob
needforspeed
needjob
needle
needles
needletail
needlove
needmoney
needwork
neelam
neelima
neenee
neeraj
nefertari
nefertiti
negative
negative1
neger
neger123
negra
negrita
negrita1
negrito
negrito1
negro
negro123
negros
neguinha
nehemiah
nehemiah1
neighbor
neisha
nekoneko
nelinka
nellie
nelly
nelly123
nelson
nelson01
nelson11
nelson12
nelson123
nemanja
nemesis
nemesis1
nemezida
nemochkao
nemochkao1975
nemonemo
nemtudom
nenalinda
nenene
neneng
nenette
neng2000
nenita
neogeo
neoneo
neopet
neopet12
neopets
neopets1
neopets10
neopets11
neopets12
neopets13
neopets22
neophyte
nepal
nepal123
nepali
nepenthe
nephew
nephilim
neptun
neptune
neptune1
nerds
nerina
nerissa
nermal
nermin
nerone
neronero
neruda
nesakysiu
nescafe
nesha
neslihan
neslyxovska
nesrine
nessa
nessa123
nessa1234
nessie
nessuna
nessuno
nestea
nester
nestle
nestor
netball
netball1
netgear
netgear1
netlog
netnet
netscape
netscape1
netti
netti-88
nettie
netwerk
network
network1
network123
networking
networks
neuken
neumann
neutron
nevada
nevaeh
nevaeh06
nevaeh07
nevaeh08
never
never123
never4get
never_desponding
neveragain
neverdie
neverever
neverever1
neverforget
nevergiveu
nevergiveup
neverguess
neverland
neverland1
nevermind
nevermind1
nevermore
nevermore1
neversaydie
neversayne
neversaynever
nevershout
nevertarget
nevertarget7
neverwinter
nevets
neviem
neville
neville1
nevim
new-york
new2me
new975wen
new_user
newage
newark
newbaby
newbaby1
newbie
newborn
newborn1
newboyz
newcall
newcar
newcastle
newcastle1
newcastle9
newday
newdelhi
newdom
newengland
newera
newfie
newfoundland
newgame
newgame9
newgirl
newguy
newholland
newhome
newhope
newhope1
newhouse
newhouse1
newjersey
newjersey1
newjob
newlife
newlife07
newlife08
newlife09
newlife1
newlife10
newlife11
newlife12
newlife123
newlife2
newlife201
newlife2010
newlife2011
newlife3
newlife4me
newlife7
newlook
newlove
newlove1
newlove12
newman
newman12
newme
newmexico
newmexico1
newmoney
newmoney1
newmoon
newmoon1
newmoon2
newnew
newone
neworder
neworleans
neworleans12345
newpass
newpass1
newpasswor
newpassword
newport
newport01
newport1
newport100
newport12
newport123
newport2
newport20
newport3
newport69
newport7
newports
newports1
newshoes
newsletter
newspaper
newspaper1
newstart
newstart1
newthree
newthree51
newton
newtown
newuser
newuser1
newvision
newworld
newyear
newyear08
newyear09
newyear1
newyork
newyork!
newyork.
newyork01
newyork07
newyork08
newyork09
newyork1
newyork10
newyork11
newyork12
newyork123
newyork13
newyork14
newyork2
newyork21
newyork22
newyork23
newyork3
newyork4
newyork5
newyork6
newyork69
newyork7
newyork8
newyork9
newyorkcity
newyorker
newyourk
newzealand
nextage
nextel
nexus
neymar
neymar11
nezabudka
neznam
nfbcbz
nfhfcjdf
nfhfrfy
nfnfhby
nfnmzyf
nfnmzyrf
nfqcjy
nfvfhf
nfvthkfy
nfy.if
nfy.irf
nfymrf
nfytxrf
nfyznfyz
ngentot
nglw9840
ngocanh
ngockhoa
nguyen
nguyen123
nguyen4thewin
nha7ebf6kp
nhanngu
nhfnfnf
nhfrnjh
nhoemnhieu
niagara
niallhoran
niania
nibbles
nibbles1
nic0le
nicaragua
nicaragua1
niccolo
niceass
niceboy
niceday
nicegirl
nicegirl1
niceguy
niceguy1
nicenice
niceone
nicetry
nicetry1
nich0las
nichelle
nichelle1
nichol
nichola
nicholas
nicholas!
nicholas.
nicholas01
nicholas1
nicholas10
nicholas11
nicholas12
nicholas123
nicholas13
nicholas14
nicholas16
nicholas2
nicholas21
nicholas22
nicholas3
nicholas4
nicholas5
nicholas6
nicholas7
nicholas8
nicholas9
nichole
nichole1
nichole12
nichole123
nichole2
nichole3
nichole7
nichols
nichols1
nicholson
nick1234
nick12345
nick2000
nickcarter
nickel
nickelback
nickey
nicki
nicki123
nickie
nickiminaj
nickj
nickjonas
nickjonas!
nickjonas1
nickjonas2
nicklas
nickle
nickname
nicknick
nicknick1
nicko
nickolas
nickolas1
nicky
nicky123
niclas
nicnic
nico1234
nicodemus
nicol
nicola
nicolae
nicolai
nicolas
nicolas01
nicolas1
nicolas10
nicolas12
nicolas123
nicolas2
nicolas7
nicole
nicole00
nicole01
nicole02
nicole03
nicole04
nicole05
nicole06
nicole07
nicole08
nicole09
nicole10
nicole101
nicole11
nicole12
nicole123
nicole1234
nicole13
nicole14
nicole15
nicole16
nicole17
nicole18
nicole19
nicole20
nicole21
nicole22
nicole23
nicole24
nicole25
nicole26
nicole27
nicole28
nicole29
nicole30
nicole31
nicole32
nicole33
nicole34
nicole44
nicole69
nicole77
nicole82
nicole83
nicole84
nicole85
nicole86
nicole87
nicole88
nicole89
nicole90
nicole91
nicole92
nicole93
nicole94
nicole95
nicole96
nicole97
nicole98
nicole99
nicoleta
nicoletta
nicolette
nicolette1
nicolina
nicolino
nicolle
nicolle1
nicolo
niconico
nicotheo
nicotine
nicusor
nideknil
nidhi
nielsen
nietzsche
nieves
niewiem
niewiem1
nifemi
nigel
niger
nigeria
nigeria1
nigerian
nigg3r
nigga
nigga101
nigga123
nigga4life
niggaplz
niggaplz1
niggas
niggaz
nigger
nigger11
nigger12
nigger123
nigger13
nigger22
nigger23
nigger420
nigger666
nigger69
niggers
niggers1
night
night123
nightcrawler
nightfall
nightfire
nighthawk
nighthawk1
nightingale
nightjar
nightmare
nightmare1
nightmare2
nightmare6
nightowl
nightrider
nights
nightshade
nightwing
nightwish
nightwish1
nightwolf
nihao
nihao123
nihaoma
niharika
nihongo
nijmegen
nika_kisa
nika_kisa88
nikanika
nike1234
nikeair
nikeair1
nikenike
nikesb
nikhil
nikiniki
nikita
nikita01
nikita10
nikita11
nikita12
nikita123
nikita13
nikita1995
nikita1996
nikita1997
nikita1998
nikita1999
nikita2000
nikita2001
nikita2002
nikita2010
nikita98
nikita99
nikitin
nikitina
nikitka
nikito
nikitos
nikitosik
nikka
nikki
nikki101
nikki123
nikki1234
nikkie
nikkisixx
nikko
nikky
niklas
niknik
nikol
nikola
nikola123
nikolaev
nikolaeva
nikolaevna
nikolai
nikolai1
nikolaj
nikolas
nikolas1
nikolaus
nikolay
nikolay_thebest
nikole
nikoleta
nikolina
nikolka
nikon
nikoniko
nikos
nikprommet
nikusha
nilesh
nimbus
nimbus2000
nimisha
nimitz
nimrod
nina1234
ninanina
nineball
ninenine
niners
niners49
nineteen
nineteen19
ninette
ningning
ninguna
niniko
ninini
nininini
ninja
ninja101
ninja123
ninja250
ninja636
ninja666
ninjaman
ninjas
ninjasaga
ninjutsu
ninochka
ninonino
nintend
nintend0
nintendo
nintendo1
nintendo12
nintendo2
nintendo64
nintendods
nipper
nipple
nipples
nipples1
nippon
nique
niranjan
nirankar
nirmal
nirmala
nirvana
nirvana!
nirvana.
nirvana1
nirvana11
nirvana12
nirvana123
nirvana13
nirvana2
nirvana3
nirvana5
nirvana6
nirvana666
nirvana69
nirvana7
nirvana8
nirvana9
nirvana94
nisha
nisha123
nishant
nishizhu
nissan
nissan01
nissan12
nissan123
nissan240
nissan300
nissan350
nissan350z
nisse
nitesh
nithya
nitin
nitin123
nitram
nitro
nitro123
nitrogen
nitrous
nitrous1
nitsuj
nittany
nittany1
niunia
nivedita
nivram
nixon
niyah
nj2mp73t
nj9st4ye3f
njdevils
njhnbr
njhyflj
njhygtftb
njhygtftb567
nji90okm
njkcnsq
njkmrjz
njqjnf
nkechi
nkechi12
nks230kjs
nks230kjs82
nmnmnm
nmt89109328673
nnamdi
nnanna
nnenna
nnnnn
nnnnnn
nnnnnnn
nnnnnnnn
nnnnnnnnnn
no1butme
no1cares
no1knows
noaccess
noaccess99
noadmin
noah1234
noah2007
noahsark
nobiles
nobita
noble
nobody
nochance
nocturne
noddy
nodefinido
nodnarb
nodnarb1
nodoubt
nodoubt1
nodrog
noelia
noelle
noemi
noemie
noentry
nofear
nogard
noggin
nognog
nogueira
noidea
noiembrie
noisette
nokia
nokia1100
nokia123
nokia1234
nokia12345
nokia1600
nokia2000
nokia2700
nokia3100
nokia3110
nokia3120
nokia3200
nokia3210
nokia3220
nokia3230
nokia3250
nokia3310
nokia3650
nokia5130
nokia5200
nokia5228
nokia5230
nokia5300
nokia5310
nokia5320
nokia5530
nokia5610
nokia5700
nokia5800
nokia6020
nokia6120
nokia6131
nokia6210
nokia6230
nokia6230i
nokia6233
nokia6280
nokia6300
nokia6303
nokia6500
nokia6600
nokia6610
nokia6630
nokia6680
nokia6700
nokia7210
nokia7610
nokia8210
nokia8800
nokiaa
nokiae
nokiae51
nokiae63
nokiae65
nokiae71
nokian
nokian70
nokian72
nokian73
nokian80
nokian81
nokian82
nokian90
nokian95
nokian97
nokianokia
nokias
nokiax
noknok
nolan
nolase
noles
nolimit
nolimit1
nolimits
nolongthing
nolose
nolove
nolwenn
nomad
nomads
nomames
nomar
nomeacuerdo
nomelase
nomercy
nomercy1
nomoney
nomore
nomorerack
noname
noname123
noncapa
noncapa09
nonenone
noneya
nonlaso
nonloso
nonly
nonmember
nonna
nonnie
nonono
nononono
nonoy
nonpayment
nonsense
nonstop
nonudity
nonudity!
noobie
noobnoob
noodle
noodle12
noodle123
noodles
noodles1
noodles123
noodles2
nookie
noone
nooneknows
noonie
noonoo
nopasaran
nopass
nopasswo
nopassword
noproblem
noranora
norbert
norbert1
norberto
norcal
norcal14
nordic
noreen
noregrets
noregrets1
norfolk
norfolk1
noriko
norita
norma
norma123
normajean
normajean1
normal
norman
norman12
norman123
normandie
normandy
norris
norte
norteno
norteno14
nortex
north
north123
northeast
northeast1
northern
northern1
northshore
northside
northside1
northside2
northside4
northstar
northstar1
northwest
northwest1
northwood
norton
norway
norwegen
norwich
norwich1
norwood
norwood1
nosey
nosferatu
nosferatu1
noshit
nosmoking
nosoup4u
nostalgia
nostradamus
nostress
nostromo
not2day
not4me
not4u2c
not4u2no
not4you
not_needed
notagain
notagain1
notebook
notebook1
notengo
notforyou
nothanks
nothing
nothing!
nothing.
nothing0
nothing1
nothing11
nothing12
nothing123
nothing2
nothing3
nothing7
nothings
nothings123
notice
notime
notme
notmine
notnot
notnow
notorious
notorious1
notreal
notreal1
notredame
notredame1
notrust
notrust1
nottelling
notthat
nottingham
notvalid
notyou
notyours
notyours1
nougat
noumea
nounette
nounou
nounoune
nounours
nouveau
nov151963
novanova
novartis
novasenha
novell
novell123
november
november01
november05
november06
november07
november08
november09
november1
november10
november11
november12
november13
november14
november15
november16
november17
november18
november19
november2
november20
november21
november22
november23
november24
november25
november26
november27
november28
november29
november3
november30
november4
november5
november6
november7
november8
november9
novembre
novembro
novgorod
novice
noviembre
noviembre1
noviembre2
novikov
novikova
novita
novosibirsk
noway
noway123
nowayjose
nowayout
nowehaslo
nowhere
nowitzki
nowitzki41
nownow
noworries
noxious
noynoy
nqw7a
nrfxtyrj
nssadmin
nsync
nternet
nthvbyfnjh
ntktajy
ntktdbpjh
nuages
nubian
nuclear
nuclear1
nudist
nuevavida
nugent
nugget
nugget12
nuggets
nuggets1
nuggets15
nuggets3
numark
numb3rs
numba
number
number01
number10
number11
number12
number123
number13
number14
number15
number16
number17
number18
number19
number1dad
number1fan
number1mom
number1son
number20
number21
number22
number23
number24
number25
number27
number32
number33
number34
number41
number44
number55
number69
number88
number99
numberone
numberone1
numbers
numbers1
numbers123
numbnuts
numero
numero10
numerouno
numlock
numlock1
nummer
nummero
nummero1
nuncamas
nunzia
nunzio
nuo0725nuo
nupe1911
nurbek
nurlan
nurse
nurse123
nursery
nurses
nursing
nursing08
nursing1
nursultan
nurudeen
nurul
nusha
nusha.88
nusrat
nutcase
nutcracker
nutella
nutella1
nutmeg
nutrition
nutsack
nutsack1
nutter
nuttertool
nuttertools
nutty
nuvaha
nuvola
nvidia
nwo4life
nwolf
nyasha
nygiants
nygiants1
nyjets
nyknicks
nylons
nymets
nympho
nyq28giz1z
nyquist
nyuszi
nyyankees
nyyankees1
o0o0o
o0o0o0o
o0o0o0o0
o1234567
o123456789
o67l2xzfvn
o8lhe2z7bo
o9i8u
o9i8u7y
o9i8u7y6t
oakcliff
oakcliff1
oakdale
oakland
oakland1
oakland510
oakley
oakridge
oaktree
oaktree1
oakwood
oakwood1
oasis
oasis123
oassw0rd
oatmeal
oatmeal1
oaxaca
obama
obama2008
obama2009
obelisk
obelix
oberon
obi4amte
obinna
obituary
obiwan
oblivion
oblivion1
obrien
obsession
obsidian
obvious
obvious1
oc247ngucz
ocampo
ocarina
ocean
ocean123
oceane
oceanic
oceano
oceans
oceans11
oceans12
oceanside
oceanside1
ocelot
ochoa
oconnor
ocpoook
ocpoook325
octagon
octave
octavia
octavia1
octavian
octavio
octavio1
october
october01
october02
october03
october05
october06
october07
october08
october09
october1
october10
october11
october12
october13
october14
october15
october16
october17
october18
october19
october2
october20
october21
october22
october23
october24
october25
october26
october27
october28
october29
october3
october30
october31
october4
october5
october6
october7
october8
october9
octobre
octopus
octopus1
octubre
oddball
oddball1
oddjob
oddworld
odessa
odette
odeyemi
odi14ngxb
odi15ngxb
odi55ngxb
odidol
odunayo
odysseus
odyssey
odyssey1
odz1w1rb9t
ofakind
ofelia
office
office123
officer
officer1
official
official1
offline
offroad
offroad1
offshore
offspring
offspring1
offthewall
oficina
oficinag
oficinag3
ogechi
ogplanet
oguzhan
ohbaby
ohcaptain
ohiostate
ohiostate1
ohiostate2
ohmnamah
ohmnamah23
ohmygod
ohmygod!
ohmygod1
ohmygosh
ohshit
ohsnap
ohyeah
oieoie
oigres
oilers
oinkoink
oioioi
oiseau
ojitos
ok123456
okcomputer
okechukwu
okein
okidoki
okiedokie
okinawa
okinawa1
oklahoma
oklahoma1
oklick
okm9ijn
okmijn
okmijnuhb
okmnji
okocha
okokok
okokokok
oks65b
oks65b6666
oksana
oksana130279
oksanaorgadykova
oksanav
oksanav-13
oksanka
oktober
olabisi
olabode
oladapo
oladele
oladimeji
oladipupo
olaide
olaitan
olajide
olajumoke
olakunle
olalekan
olalekan1
olamide
olamide1
olamilekan
olaniyi
olanrewaju
olaola
olaolaola
olaolu
olaoluwa
olarewaju
olasunkanmi
olateju
olatunde
olatunji
olawale
olawale1
olawunmi
olayemi
olayinka
olayinka1
olayiwola
olddog
oldfart
oldfart1
oldham
oldies
oldlady
oldman
oldnavy
oldnavy1
oldschool
oldschool1
oldskool
oldskool1
oldsmobile
oldspice
oldspice1
oldtimer
oldtrafford
ole4ka
oleander
olechka
olechka061187
oleg-andry
oleg.jann
oleg1992
oleg1995
oleg1996
oleg1997
oleg1998
oleg272727
oleg2ci
oleginator
oleginator1
olegoleg
olegshut
olemiss
olemiss1
olenka
oleole
olesia
olesya
olesya.kolchina
olga.kazakova
olga.kazakova_85
olga.lekarewa
olga.ponomarenko
olga.ponomarenko.2012
olga.rumyanceva
olga.rumyanceva.1985
olga1234
olga1987
olga2010
olgaolga
olgastrashney
olgha.pietrova
olgha.pietrova.1979
olidata
olifant
olimpia
olimpia1
olimpo
olinda
olioli
olitec
olitec00
olivares
olive
olive123
oliveira
olivejuice
oliveoil
oliver
oliver00
oliver01
oliver06
oliver07
oliver08
oliver09
oliver10
oliver11
oliver12
oliver123
oliver13
oliver14
oliver15
oliver16
oliver21
oliver22
oliver23
oliver69
oliver77
oliver88
oliver99
olivera
olives
olivetti
olivia
olivia01
olivia02
olivia03
olivia04
olivia05
olivia06
olivia07
olivia08
olivia09
olivia10
olivia11
olivia12
olivia123
olivia13
olivia14
olivia15
olivia16
olivia21
olivia22
olivia23
olivia99
olivier
olivier1
oliwia
oliwka
ollie
ollie123
olmetec
olo65b
olo65b6666
ololade
ololo
ololo123
ololoeva
ololoeva-99
ololol
olololo
olqa_motosova
olubunmi
oluchi
olufemi
olufiz
olufiz14
olugbenga
olumide
olumide1
olusegun
oluseun
olushola
olusola
oluwa
oluwadare
oluwafemi
oluwakemi
oluwasegun
oluwaseun
oluwaseun1
oluwaseyi
oluwatobi
oluwatosin
oluwatoyin
oluwole
olvido
olya.i
olya.i.02
olyashev
olyashev12
olympe
olympia
olympia1
olympiakos
olympic
olympic1
olympics
olympique
olympus
olympus1
omalley
omar1234
omarbravo
omarbravo9
omari
omarion
omarion1
omarion2
omarion21
omaromar
omega
omega123
omegared
omegas
omerta
omg12345
omglol
omgomg
omgomg123
omgomgomg
omgwtf
omgwtfbbq
omicron
omnamahshivay
omnislash
omolade
omolara
omolola
omomom
omonoia
omooba
omotayo
omotola
omowunmi
omoyah
omsainath
omsairam
omsakthi
omshanti
omshantiom
omsrisairam
onamrdiu
ondine
ondra
one1love
one1one
one1two
one1two2
one23456
one2one
one2three
one2three4
one4all
oneandonly
oneblood
oneblood1
oneday
onedirecti
onedirection
onegod
oneill
onelife
onelove
onelove!
onelove.
onelove1
onelove12
onelove123
onelove13
onelove2
onelove3
onelove4
onelove420
onelove69
onelove7
oneluv
oneman
onemoretime
oneone
onepiece
onepiece1
oneshot
onetime
onetime1
onetreehill
onetwo
onetwo12
onetwo34
onetwothree
oneway
onfire
onimusha
onion
onions
onizuka
onkelz
online
online12
online123
only14me
only1god
only1love
only1me
only4me
only4u
only4you
onlygod
onlylove
onlyme
onlyone
onlyone1
onlyyou
onlyyou1
onmyown
onmyown1
onspeed
ontario
ontario1
ontheroad
onyebuchi
onyeka
oogabooga
ooicu
ooicu812
oojs4ykl
oooo0000
ooooo
oooooo
ooooooo
oooooooo
oooooooooo
opanka
opaopa
opelastra
opelastra123
opelcorsa
opelvectra
open1234
open4me
opendoor
openit
openme
opennow
opennow1
openopen
opensaysme
opensesame
openup
opera
operation
operation1
operations
operator
operator1
opernhaus
opernhaus1
opeyemi
opeyemi1
ophelia
ophelia1
ophelie
opium
opiumbaron
opopop
opopopop
opossum
opportunity
optic
optical
optical1
optima
optimist
optimistic
optimus
optimus1
optimusprime
option
options
optiplex
optiplex1
optiquest
optout
oracle
oracle123
oralsex
orange
orange01
orange07
orange08
orange09
orange10
orange11
orange12
orange123
orange1234
orange13
orange14
orange15
orange16
orange17
orange18
orange19
orange20
orange21
orange22
orange23
orange24
orange25
orange27
orange33
orange44
orange55
orange66
orange69
orange77
orange88
orange99
orangejuice
oranges
oranges1
oranges2
orangina
orangutan
orazio
orbit
orbita
orbital
orchard
orchard1
orchestra
orchid
orchidea
orchidee
orchids
ordenador
order
orders
ordinary
ordinateur
oregon
orellana
oreo1234
oreocookie
oreoluwa
oreooreo
oreste
organic
organic1
orgasm
orgazm
oriana
oriane
orient
oriental
oriente
oriflame
oriflame_1910
origami
origin
original
original1
original21
orioles
orioles1
orion
orion123
orione
oriyomi
orlando
orlando!
orlando1
orlando11
orlando12
orlando123
orlando13
orlando2
orlando3
orlando5
orlando7
orlandobloom
orlane
orleans
orleans1
orlova
ornella
orochi
orochimaru
orologio
orphee
orpheus
orquidea
orsetto
ortega
orthodox
ortiz
orville
orwell
orwell1984
osama
osasuna
osborne
osbourne
oscar
oscar123
oscar1234
oscardog
oscardog1
oscarito
oscars
oscarwilde
osipov
osipova
osiris
osito
ositos
oskar
oskar123
oskarek
osman
osman123
osorio
osprey
ossi2000
ostrich
ostrov
osvaldo
osvaldo1
oswald
oswaldo
oswaldo1
osynadepu
otello
othello
othello1
other
others
otherside
otilia
otioti
otrebor
ottawa
otter
otters
ottobre
ottoman
ottootto
ou171423
ou29q
ou29q6666
ou812345
ou8124me
ou8125150
ou812ic
ou812ou
ou812ou812
ouioui
ouk29q
ouk29q6666
our3kids
ourson
ousmane
oussama
outback
outback1
outcast
outcast1
outdoor
outdoors
outkast
outkast1
outlander
outlaw
outlaw69
outlaws
outlaws1
outlawz
outlawz1
outlook
outreach
outside
outside1
outsider
outsider1
outsiders
outubro
ovation
ovation1
ovechkin
ovechkin8
over2yangshuo
over9000
overcome
overcomer
overdose
overdrive
overflow
overit
overkill
overkill1
overload
overlook
overlord
overlord1
override
overseas
overtime
ovidiu
oviedo
ovr220278
owahodarea
owens
ownage
ownage123
owned
owned123
owner
owner@hr.com
owolabi
owt243ygbh
owt243ygbj
oxana.o
oxford
oxnard
oxnard805
oxygen
oxymoron
oyatayo
oyekunle
oyindamola
oyster
ozzie
p.i.m.p
p00hbear
p00kie
p00per
p00pie
p00pp00p
p0k3m0n
p0kem0n
p0kemon
p0o9i
p0o9i8u
p0o9i8u7
p0o9i8u7y
p0o9i8u7y6
p0p0p
p0pc0rn
p0pcorn
p0rnstar
p1234567
p12345678
p123456789
p1466186
p1assword
p1assword1
p1mp1n
p1mpin
p1p2p
p1p2p3p
p1p2p3p4
p1ssword
p2ssw0rd
p2ssword
p2wcffjcvr
p2xcfgjcvr
p3anut
p3avbwjw
p3pp3r
p3rat
p3rat54797
p455w0rd
p455word
p4ssw0rd
p4ssword
p4vkinrw6x
p51mustang
p5415420
p5wtdyg
p5wtdyg/wgq
p6264758
p7678287
p76xg2yhv
p76xh2xhv
p8ntball
p9o8i
p9o8i7u
p9o8i7u6y
p@$$w0rd
p@$$word
p@55w0rd
p@55word
p@ssw0rd
p@ssword
p@ssword1
pa$$w0rd
pa$$word
pa1ub65udd
pa22word
pa33word
pa44word
pa55w0rd
pa55word
pa55wrd
pa55wrd1
pa88word
paakow
paarden
pablito
pablito1
pablo
pablo123
pablos
pac2pac
pac4ever
pac4life
pacers
pacers31
pacheco
pacheco1
pachuca
pachuca1
paciencia
pacific
pacific1
pacifica
pacifico
pacino
package
packard
packard1
packardbell
packer
packers
packers04
packers1
packers12
packers123
packers2
packers4
packman
pacman
pacman12
pacman123
pacopaco
pacshakur
pacsun
pacute
padang
padawan
paddington
paddle
paddy
paddy123
padfoot
padilla
padilla1
padisco
padlock
padmaja
padmavathi
padmini
padova
padrepio
padres
padrino
pagan
pagani
paganini
pagedown
pageup
paige
paige123
painislove
painkiller
painless
paint
paintball
paintball0
paintball1
paintball2
paintball3
paintball4
paintball5
paintball7
paintball8
paintball9
painter
painter1
painting
painting1
paints
paisley
paisley1
paiste
paixao
pajarito
pajaro
pajero
pakalolo
pakistan
pakistan1
pakistan12
pakistan123
pakistan12345
pakistan1947
pakistan2
pakistan47
pakistan786
pakistani
pakistani1
pakito
pakkness
pakpak
palace
palacio
palacios
paladin
paladin1
palangga
palani
palawan
palembang
palencia
palermo
palermo1
palesa
palestina
palestine
palestine1
palestra
paleta
palito
pallas
pallavi
pallavolo
pallina
pallino
pallmall
pallmall1
pallone
palma
palmeiras
palmer
palmetto
palmier
palmira
palmtree
palmtree1
palmtrees
paloalto
paloma
paloma123
palomino
palomita
palomo
paluso
paluso00
pamela
pamela01
pamela11
pamela12
pamela123
pamelita
pampam
pampers
pampers1
pamplona
panacea
panache
panama
panasonic
panasonic1
panasonik
panatha
panatha13
panathinaikos
pancake
pancake1
pancakes
pancakes1
pancha
panchita
panchito
panchito1
pancho
pancho12
pancho123
pancho13
panda
panda101
panda123
panda_3108
pandabear
pandabear1
pandapanda
pandas
pandemonium
pandey
pandit
pandita
pandora
pandora1
panganiban
pangeran
panget
pangetako
pangetka
pangga
pangit
pangitka
panhead
panic
panic123
panico
panino
pankaj
pankaj123
panmen
panmen188
pannekoek
panocha
panocha1
panorama
panpan
pantalon
pantat
pantek
panter
pantera
pantera1
pantera12
pantera123
pantera2
pantera3
pantera6
pantera666
pantera69
panther
panther1
panther10
panther11
panther12
panther123
panther13
panther2
panther21
panther3
panther4
panther5
panther6
panther7
panther9
panthera
panthere
panthers
panthers!
panthers08
panthers09
panthers1
panthers10
panthers11
panthers12
panthers13
panthers2
panthers23
panthers3
panthers5
panthers7
panthers89
panties
panties1
pants
pantufa
pantyhose
pantyhose1
panzer
paokara
paokara4
paola
paola123
paoletta
paolina
paolino
paolita
paolo
paolo123
paopao
papa1234
papabear
papabear1
papacito
papagaio
papagal
papaji
papako
papamama
papamama1
papamaman
papamummy
papang
papapa
papapapa
paparazi
paparazzi
paparoach
paparoach1
papasito
papasito1
papaslexzy
papasmurf
papasmurf1
papatoma
papatoma1
papatya
papaya
papaye
paper
paper123
papera
paperboy
paperboy1
paperclip
paperclip1
papercut
papercut1
paperina
paperino
papermate
papermate1
papero
papers
papichulo
papichulo1
papier
papillon
papillon1
papino
papito
papoose
papoose1
papounet
pappa
pappa123
pappagallo
pappas
pappy
paprika
paprika1
papucho
papusa
papuskin
papyrus
paquita
paquito
parabellum
parabola
paracetamol
parachute
parade
paradigm
paradigma
paradis
paradise
paradise1
paradise2
paradise7
paradiso
paradox
paradox1
paragon
paragon1
paraguay
paraiso
parakeet
paralegal
paralelepipedo
paramedic
paramedic1
paramon
paramore
paramore!
paramore1
paramore12
paramount
paramount1
parana
paranoia
paranoid
paranoid1
paranormal
parasite
parazit
pardon
paredes
parekoy
parent
parents
parents1
paresh
parfait
parfenovav
parfum
parigi
paris
paris123
paris2010
parish
parishilton
parisien
parisparis
pariss
parissg
parker
parker01
parker08
parker09
parker10
parker11
parker12
parker123
parker13
parker22
parking
parkour
parkour1
parkside
parkside1
parkur
parkview
parkway
parkway1
parlament
parliament
parol
parol123
parola
parola12
parola123
parola33
parolamea
parole
paroli
paroll
parolparol
parool
parovoz
parris
parrish
parrish1
parrot
parrotlet
parsifal
parsley
parsons
parsons1
partha
partizan
partizan1
partner
partner1
partners
partridge
parts
partsites
party
party101
party123
partyboy
partyboy1
partygirl
partygirl1
partyhard
partyhard1
partyof
partyof5
partyone
partytime
partytime1
parvathi
parvathy
parvati
parveen
pasadena
pasadena1
pasaway
pasaway1
pascal
pascale
pascaline
pascha
pascua
pascual
pasha
pasha123
pashka
pashtet
pasion
paska
paska123
pasodeblas
paspas
paspass
paspass1234
pasport
pasquale
pass-word
pass.word
pass1234
pass12345
pass123456
pass12sa
pass1478
pass1word
pass2244
pass2word
pass4me
pass4word
pass9876
pass@123
pass@word
pass@word1
pass_2011
pass_rrewq
pass_rrr
pass_word
passage
passat
passcode
passcode1
passe
passed
passenger
passer
passer2009
passer2010
passer2011
passera
passerotto
passes
passing
passion
passion1
passion12
passion123
passion2
passion3
passion4
passion69
passion7
passion8
passionate
passione
passions
passions1
passme
passord
passord1
passover
passpass
passpass1
passport
passport1
passrett
passrett222
passsword
passw
passw0rd
passw0rd!
passw0rd1
passw3rd
passward
passward1
passwd
passwerd
passwerd1
passwo
passwor
passwor1
password
password!
password!!
password#1
password*
password-1
password.
password..
password.1
password0
password00
password001
password007
password01
password02
password03
password04
password05
password06
password07
password08
password09
password1
password1!
password1.
password10
password100
password101
password11
password111
password12
password123
password1234
password12345
password123456
password1234567
password12345678
password123456789
password13
password14
password15
password16
password17
password18
password19
password2
password20
password2010
password2011
password21
password22
password23
password24
password25
password26
password27
password28
password29
password3
password30
password31
password32
password321
password33
password34
password35
password36
password37
password4
password40
password41
password42
password420
password43
password44
password45
password47
password5
password50
password51
password52
password54
password55
password56
password57
password6
password64
password65
password66
password666
password67
password69
password7
password71
password72
password73
password74
password75
password76
password77
password777
password78
password79
password8
password80
password81
password82
password83
password84
password85
password86
password87
password88
password89
password9
password90
password91
password92
password93
password94
password95
password96
password97
password98
password99
password:
password?
password@1
password@123
password_1
password_rr
passwordd
passwordd1
passwordko
passwordnew
passwordpassword
passwords
passwords1
passworld
passwort
passwort!
passwort1
passwort12
passwort123
passwrd
pasta
pasta123
pastel
pasteur
pastis
pastis51
pastor
pastorius
pastrana
pastry
pasuma
pasuma12
paswoord
pasword
pasword1
pasword123
patagonia
patanahi
patapouf
patata
patate
patates
patatina
patato
patch
patch123
patches
patches01
patches1
patches11
patches12
patches123
patches2
patches3
patches7
patchy
patel
paterson
paterson1
pathan
pathetic
pathfinder
pathology
patience
patience1
patient
patita
patito
patitofeo
patman
patoche
patou
patpat
patr1ck
patria
patric
patrice
patrice1
patricia
patricia1
patricia12
patricia2
patricia3
patricio
patricio1
patrick
patrick!
patrick.
patrick01
patrick07
patrick08
patrick09
patrick1
patrick10
patrick11
patrick12
patrick123
patrick13
patrick14
patrick15
patrick16
patrick17
patrick18
patrick2
patrick21
patrick22
patrick23
patrick24
patrick3
patrick4
patrick5
patrick6
patrick69
patrick7
patrick8
patrick9
patrik
patriot
patriot1
patriots
patriots1
patriots12
patriots2
patrizia
patrizio
patrol
patron
patrycja
patrycja1
patryk
patryk123
patsy
pattaya
patterson
patterson1
patti
pattie
pattinson
patton
patty
patty123
pattycake
pauko
paul1234
paula
paula123
paulchen
pauleta
paulette
paulette1
paulie
paulin
paulina
paulina1
paulina123
pauline
pauline1
paulinha
paulinho
paulinka
paulino
paulita
pauljohn
paulo
paulo123
paulpaul
paulus
paulwall
paulwall1
paupau
pavani
pavankumar
pavel
pavel123
pavement
pavilion
pavilion1
pavithra
pavlenko
pavlik
pavlin
pavlina
pavlov
pavlova
pawel
pawel123
pawelek
pawelek1
pawpaw
paxton
payaso
payaso13
payatot
payback
payback1
payday
payment
payne
payroll
payton
payton01
payton12
payton34
pazaway
pazeamor
pazyamor
pazzainter
pazzword
pazzword123
pbvfktnj
pbyfblf
pcwac33gb
pcwac33gb9
pdbdfby2xx
pdiddy
pdq4rv
pdtplf
pdtpljxrf
pe#5gz29ptzmse
peabody
peabody1
peace
peace&love
peace101
peace123
peace1234
peace2u
peace420
peace4all
peace4me
peaceandlo
peaceandlove
peaceful
peaceful1
peacelove
peacelove1
peacemaker
peaceman
peaceout
peaceout1
peaces
peach
peach123
peaches
peaches!
peaches01
peaches08
peaches09
peaches1
peaches10
peaches11
peaches12
peaches123
peaches13
peaches2
peaches21
peaches22
peaches23
peaches3
peaches4
peaches5
peaches6
peaches69
peaches7
peaches8
peaches9
peachie
peachtree
peachy
peacock
peacock1
peanut
peanut00
peanut01
peanut02
peanut03
peanut04
peanut05
peanut06
peanut07
peanut08
peanut09
peanut10
peanut101
peanut11
peanut12
peanut123
peanut1234
peanut13
peanut14
peanut15
peanut16
peanut17
peanut18
peanut21
peanut22
peanut23
peanut24
peanut33
peanut69
peanut77
peanut88
peanut99
peanutbutt
peanutbutter
peanuts
peanuts1
peanuts2
peanuts5
peapod
pearce
pearl
pearl123
pearljam
pearljam1
pearljam10
pearls
pearly
pearson
pearson1
peavey
pebble
pebbles
pebbles01
pebbles1
pebbles12
pebbles123
pebbles2
pebbles3
pebbles7
pebdfcz3yx
pebefcz3yx
pecker
peckerwood
pecora
pedagogia
pedarsag
peddler
pedersen
pedigree
pedrinho
pedrito
pedrito1
pedro
pedro123
pedros
pedrosa
peejay
peekab
peekab00
peekaboo
peekaboo1
peepee
peeper
peepers
peepers1
peeps
peewee
peewee11
peewee12
peewee123
peewee13
pegase
pegaso
pegasus
pegasus1
peggy
peggy123
peggysue
pegleg
peinture
pejsek
pekanbaru
pekida
pekida30
pekmabz
pekpek
pelado
pelangi
pelayo
peleleco
pelican
pelican1
pelicano
peligro
pelikan
pelle
pelon
pelon123
pelota
pelotudo
peluche
peluche1
peluchin
peludo
pelumi
pelusa
pelusita
peluso
pembroke
penang
pencil
pencil12
pencil123
pendeja
pendeja1
pendejo
pendejo1
pendragon
pendragon1
pendulum
penelopa
penelope
penelope1
penfold
pengpeng
penguin
penguin!
penguin1
penguin11
penguin12
penguin123
penguin13
penguin2
penguin22
penguin3
penguin4
penguin5
penguin7
penguin8
penguin9
penguins
penguins1
penis
penis123
penis666
peniss
penner
penney
pennie
pennies
pennstate
pennstate1
penny
penny123
pennydog
pennylane
pennylane1
pennys
pennywise
pennywise1
penpen
pensacola
pensacola1
penshoppe
pentagon
pentagram
pentax
penthouse
pentium
pentium1
pentium2
pentium3
pentium4
people
people11
people12
people123
people22
peoples
peoples1
peoria
pepe1234
pepepe
pepepepe
pepere
peperoni
pepete
pepette
pepino
pepita
pepite
pepito
peppe
pepper
pepper00
pepper01
pepper02
pepper06
pepper07
pepper08
pepper09
pepper10
pepper101
pepper11
pepper12
pepper123
pepper1234
pepper13
pepper14
pepper15
pepper16
pepper21
pepper22
pepper23
pepper24
pepper33
pepper69
pepper77
pepper88
pepper99
pepperdog
peppermint
pepperoni
pepperoni1
peppers
peppers1
peppie
peppino
peppone
peppy
pepsi
pepsi101
pepsi123
pepsicola
pepsicola1
pepsie
pepsimax
pepsimax1
pepsis
pequena
perach
peralta
percent
percival
percussion
percy
perdana
peregrine
pereira
perempuan
perez
perez123
perfect
perfect1
perfect10
perfect12
perfect123
perfect2
perfect7
perfection
perfecto
performance
perfume
perfume1
pericles
perico
peridot
period
periwinkle
perkele
perkele1
perkins
perkins1
perla
perlas
perlita
permanent
permata
pernille
perola
perpignan
perras
perrin
perrine
perrita
perrito
perrito1
perritos
perro
perro123
perroloco
perros
perry
perry123
persempre
persephone
perseus
pershing
persia
persian
persian1
persib
persija
persik
persimmon
persoff
person
persona
personal
personal1
personale
personne
personnel
peruano
perugia
perumal
pervert
pervert1
pescado
pescador
pescara
pesciolino
peshawar
pessac
petals
petanque
petardo
petasse
peter
peter123
peter1234
peterbilt
peterbilt1
peterbuilt
peterburg
peterpan
peterpan1
peterpan2
peterpeter
peters
petersen
peterson
peterson1
peterson28
petete
petewentz
petewentz1
petey
petey123
petike
petite
petpet
petra
petra123
petram
petrenko
petrik
petro
petrol
petroleum
petronas
petros
petrov
petrova
petrovich
petrovna
petrucci
petruha
petrus
petruska
petshop
petter
petting
petula
petunia
petunia1
peugeot
peugeot1
peugeot106
peugeot206
peugeot306
peugeot307
peugeot406
pewdiepie
peyton
peyton01
peyton08
peyton12
peyton18
pfchfytw
pferde
pfhbyf
pfhfpf
pfkegf
pflybwf
pfqwtdf
pfqxbr
pfqxjyjr
pfqxtyjr
pfuflrf
pg260365
ph0enix
phalanx
phantom
phantom1
phantom2
phantom7
phantoms
pharaoh
pharaon
pharma
pharmacie
pharmacist
pharmacy
pharmacy1
pharrell
phatboy
phatboy1
phatfarm
phatty
pheasant
phelps
phenix
phenom
pheobe
pheonix
pheonix1
phialpha
philadelphia
philip
philip12
philip123
philipp
philipp1
philippa
philippe
philippe1
philippine
philippines
philips
philips1
philips123
phillies
phillies08
phillies1
phillip
phillip1
phillip123
phillip2
phillips
phillips1
philly
philly123
philly215
philomena
philosophy
philou
phiphi
phish
phish420
phobos
phoebe
phoebe01
phoebe12
phoebe123
phoenix
phoenix!
phoenix01
phoenix1
phoenix11
phoenix12
phoenix123
phoenix13
phoenix2
phoenix3
phoenix5
phoenix602
phoenix69
phoenix7
phoenix8
phoenix888
phoenix9
phone
phone123
phones
photo
photo123
photograph
photography
photon
photos
photoshop
phrowz
phuket
phuong
phyllis
phyllis1
physical
physics
physics1
physio
pi314159
piaggio
pianist
piankova
piankova72
piano
piano123
pianoforte
pianoman
pianoman1
pianos
piapia
piazza
piazza31
picachu
picard
picaso
picasso
picasso1
picchio
piccione
piccola
piccolina
piccolo
piccolo1
pichon
pickle
pickle11
pickle12
pickle123
pickle13
pickles
pickles!
pickles1
pickles12
pickles123
pickles2
pickles3
pickles7
pickup
pickwick
picnic
picolo
picsou
picture
picture1
pictures
pictures1
pidaras
pidoras
piece
pieces
piedmont
pieface
pieface1
pieisgood
pieman
piepie
pierce
pierce34
piercing
pierina
pierino
pierluigi
piero
pierpaolo
pierre
pierre123
pierrick
pierrot
piesek
pieter
pietje
pietra
pietro
piffish
pigdog
pigeon
piggie
piggies
piggies1
piggy
piggy123
piggys
piglet
piglet01
piglet12
piglet123
pigman
pigpen
pigpig
pikachu
pikachu1
pikachu12
pikachu123
pikachu2
pikachu25
pikapika
pikmin
piknik
pikolo
pilar
pilates
pilchard
pilgrim
pilgrim1
piligrim
pilipinas
pilipino
pillar
pillow
pillow123
pillows
pilot
pilot123
pilote
piloto
pilots
pilou
pilsner
pimaout
pimboli
pimenta
pimentel
pimmel
pimousse
pimp1234
pimp12345
pimp2006
pimp4life
pimpc
pimpdaddy
pimpdaddy1
pimpdaddy2
pimpen
pimper
pimpette
pimpette1
pimpim
pimpin
pimpin01
pimpin06
pimpin07
pimpin08
pimpin09
pimpin10
pimpin101
pimpin11
pimpin12
pimpin123
pimpin13
pimpin14
pimpin15
pimpin16
pimpin21
pimpin22
pimpin23
pimpin24
pimpin420
pimpin69
pimping
pimping1
pimpjuice
pimpjuice1
pimpman
pimpman1
pimpollo
pimppimp
pimppimp1
pimps
pimpshit
pimpshit1
pimpster
pimpster1
pinacolada
pinarello
pinball
pinball1
pincopallino
pindakaas
pineapple
pineapple!
pineapple1
pineapple2
pineapple3
pineapple7
pineapples
pinecone
pinecone1
pineda
pinetree
pinetree1
pinewood
pingouin
pingping
pingpong
pingpong1
pingu
pinguin
pinguino
pingvin
pinhead
pinhead1
pinheiro
pinina
pink1234
pink12345
pinkerton
pinkey
pinkflower
pinkfloyd
pinkfloyd1
pinkgirl
pinkgirl1
pinki
pinkie
pinkish
pinklady
pinklady1
pinklove
pinklove1
pinklover
pinklover1
pinkness
pinkpanthe
pinkpanther
pinkpig
pinkpink
pinkpink1
pinkrose
pinkrose1
pinkstar
pinky
pinky101
pinky123
pinkys
pinnacle
pinnacle1
pinocchio
pinocho
pinokio
pinoy
pinoyako
pinpin
pinpon
pintail
pinto
pintoo
pintura
pinuccio
piolin
pioneer
pioneer1
pioneers
pioner
piopio
piotr
piotrek
piotrek1
piotrus
pioupiou
pipeline
pipeline1
piper
piper123
pipers
pipetka
pipi1000
pipicaca
pipino
pipipi
pipiska
pipoca
pipopipo
pippa
pippen
pippen33
pipper
pippi
pippin
pippo
pippo123
pippone
pippopippo
pippy
piramida
piramide
piranha
pirata
piratas
pirate
pirate12
pirate123
pirate13
pirates
pirates!
pirates1
pirates12
pirates123
pirates2
pirates3
pirelli
pirouette
pirulito
pirulo
pisang
pisces
piscina
piscine
piscis
pisellino
pisello
pisellone
pisica
pisicuta
pisolo
pissant
pissed
pissedoff
pissedoff1
pisser
pissoff
pissoff1
pistache
pistol
pistola
piston
pistons
pistons1
pitagoras
pitapooe
pitapooe1
pitbul
pitbull
pitbull1
pitbull12
pitbull123
pitbull13
pitbull2
pitbull23
pitbull3
pitbull5
pitbull69
pitbull7
pitbulls
pitbulls1
pitcher
pitcher1
pitchou
pitchoune
piter
pitiponc
pittbull
pittbull1
pittsburgh
pituca
pitufa
pitufina
pitufo
piupiu
pivoine
pixie
pixie123
pixiedust
pixiedust1
pixies
piyush
pizarro
pizda
pizdec
pizza
pizza101
pizza123
pizza1234
pizzaboy
pizzahut
pizzahut1
pizzaman
pizzaman1
pizzapie
pizzapie1
pizzapizza
pizzas
pizzeria
pjkeirf
pjkjnj
pk3x7w9w
placebo
placebo1
placement
plague
plaisir
planb
planb123
plane
planes
planet
planeta
planete
plankova
plankova2012
plankton
planner
planner1
planning
planotx
plant
planta
plants
plasma
plaster
plastic
plastic1
plastics
plastik
platano
platano1
platina
platini
platinum
platinum1
plato
platon
platoon
platypus
platypus1
play2win
play4fun
playa
playa123
playa4life
playas
playaz
playb0y
playball
playball1
playbill
playboi
playboi1
playboy
playboy!
playboy.
playboy01
playboy07
playboy08
playboy09
playboy1
playboy10
playboy101
playboy11
playboy12
playboy123
playboy13
playboy14
playboy15
playboy16
playboy17
playboy18
playboy2
playboy21
playboy22
playboy23
playboy3
playboy4
playboy5
playboy6
playboy69
playboy7
playboy8
playboy9
playboys
player
player01
player07
player08
player09
player10
player101
player11
player12
player123
player13
player14
player15
player16
player17
player18
player21
player22
player23
player24
player69
players
players1
playful
playful1
playgame
playgames
playgirl
playgirl1
playgirl69
playground
playgurl
playhard
playing
playing1
playmaker
playmate
playmate1
playnow
playplay
playstatio
playstation
playstation1
playstation2
playstation3
playtime
playtime1
plazma
pleasant
pleasant1
please
please11
please12
please123
pleaseme
pleasure
pleasure1
plenty
pleomax
pletnevakaterina
plies
pljhjdmt
plk4l5uc
plmokn
plokij
plokijuh
plombier
plonker
ploplo
plopplop
ploppy
ploppy10
plovdiv
plover
plplpl
pluisje
plumber
plumber1
plumbing
plumbing1
plumeria
plumes
plummer
pluto
pluto123
pluton
plymouth
plymouth1
pnufsci
pnufsci218
po918dg
pobeda
pocahontas
pochacco
pocholo
pochta
pocitac
pocket
pocket12
pockets
pockets1
pocoloco
pocoyo
poczta
pod-fif
podarok
poderosa
poderoso
podolski
podstava
poekie
poepen
poepen19
poepie
poesia
poesje
poetic
poetry
pogiako
pogiako1
pogiako123
pogiko
pogime
pogoda
pohekale
pohoda
poilkj
poilkjmnb
poilut
point
pointblank
pointbreak
pointe
pointer
pointer1
pointers
pointjor
points
poipoi
poipoipoi
poirot
poison
poisonivy
poisson
poissons
poiu0987
poiu1234
poiupoiu
poiuy
poiuy123
poiuyt
poiuyt12
poiuyt123
poiuytr
poiuytre
poiuytrew
poiuytrew1
poiuytrewq
poiuytrewq1
poiuytreza
pok29q
pok29q6666
pokemon
pokemon!
pokemon.
pokemon0
pokemon00
pokemon01
pokemon09
pokemon1
pokemon10
pokemon100
pokemon101
pokemon11
pokemon12
pokemon123
pokemon1234
pokemon12345
pokemon13
pokemon14
pokemon15
pokemon2
pokemon21
pokemon22
pokemon23
pokemon3
pokemon4
pokemon5
pokemon6
pokemon69
pokemon7
pokemon8
pokemon88
pokemon9
pokemon90
pokemon98
pokemon99
pokemons
poker
poker123
pokerface
pokerface1
pokers
pokerstar
pokesmot
pokey
pokhara
poklop
poknat
pokopushkin
pokora
pokpok
pokwang
polaco
poland
polar
polarbear
polarbear1
polaris
polaris1
polaroid
polenka
polenka1
polgara
police
police01
police11
police12
police123
police911
policeman
policeman1
policia
policja
policy
poligon
polikloh
polikloh00000
polilla
polina
polinesia
polini
polinka
polinochka
polipo
polipoli
polish
polisi
polita
polite
politics
polito
polizei
polizia
polka
polkadot
polkadot1
polkadots
polkadots1
polkaudio
polkaudio1
polki
polkmn
polkovnik
pollack
pollack1
pollard
pollen
pollita
pollito
pollito1
pollo
pollo123
pollock
pollon
pollop
pollos
pollution
pollux
polly
polly123
pollyanna
polniypizdec
polniypizdec0211
polniypizdec1102
polniypizdec110211
polo1234
polochon
pololo
polonez
polonia
polonia1
polopo
polopolo
polopolo1
polosport
polpetta
polpol
polpol11
polpolpol
polska
polska11
polska12
polska123
poltava
polymer
pomalo
pomalo123
pomidor
pomme
pommes
pommes123
pomodoro
pomona
pomona909
pompey
pompier
pompiers
pompino
pompom
pompon
ponce
ponchik
poncho
ponderosa
pongo
pongpong
ponies
ponorogo
ponpon
pontiac
pontiac1
pontiacg
pontiacg6
pontianak
pontus
ponyboy
ponyboy1
ponytail
poobear
poobear1
pooch
poochie
poochie1
poochie2
poochy
poodie
poodle
poodles
poodles1
pooface
pooface1
pooh1234
poohbaby
poohbaby1
poohbear
poohbear!
poohbear01
poohbear07
poohbear08
poohbear09
poohbear1
poohbear10
poohbear11
poohbear12
poohbear13
poohbear14
poohbear15
poohbear16
poohbear17
poohbear18
poohbear19
poohbear2
poohbear20
poohbear21
poohbear22
poohbear23
poohbear3
poohbear4
poohbear5
poohbear6
poohbear69
poohbear7
poohbear8
poohbear9
poohead
poohead1
poohpooh
poohpooh1
pooja
pooja123
pooka
pookey
pookie
pookie01
pookie08
pookie10
pookie11
pookie12
pookie123
pookie13
pookie14
pookie21
pookie22
pookie23
pookie69
pookiebear
pooky
poolpool
poolshark
poonam
poontang
poontang1
pooooo
poooop
pooop
poop1234
poop12345
poopdick
poopdick1
pooper
pooper12
pooper123
poopers
poopers1
poopey
poopface
poopface1
poophead
poophead1
poopie
poopie12
poopie123
poopies
poopies1
pooping
pooping1
poopmaster
poopoo
poopoo11
poopoo12
poopoo123
poopoo22
poopoopoo
pooppoop
pooppoop1
poops
poopsie
poopsie1
poopstain
poopstain1
poopy
poopy123
poopypants
poornima
pooter
pootie
pop12345
pop168168
popapopa
popcorn
popcorn!
popcorn.
popcorn1
popcorn10
popcorn101
popcorn11
popcorn12
popcorn123
popcorn13
popcorn2
popcorn22
popcorn23
popcorn3
popcorn4
popcorn5
popcorn6
popcorn7
popcorn8
popcorn9
popeye
popeye123
popeyes
popkorn
poplar
popo1234
popokatepetl
popolo
popop
popopo
popopopo
popov
popova
popovkin
popovkin83
poppa
poppen
popper
poppers
poppet
poppie
poppies
poppin
poppins
poppop
poppop12
poppop123
poppoppop
poppy
poppy123
poppydog
poppys
poprocks
poprocks1
popsicle
popsicle1
popstar
popstar1
popstar123
poptart
poptart1
poptart2
poptarts
poptarts1
poptropica
popular
popular1
porche
porche911
porcinet
porcodio
porcodio1
porcupine
porfavor
porkchop
porkchop1
porker
porky
porkypig
pormi
porno
porno123
pornos
pornostar
pornporn
pornstar
pornstar1
pornstar69
poroto
porque
porridge
porsche
porsche1
porsche9
porsche911
porsche944
porsha
porshe
porshe911
porsiempre
portable
portakal
portal
porter
portfolio
portia
portillo
portis
portis26
portishead
portland
portland1
portman
porto
portocala
portos
portsmouth
portugal
portugal1
portugal12
portugal17
portugal7
portugues
portvale
poseidon
poseidon1
poseinfopass
poser
positano
positive
positive1
positivo
posoxina
posoxina.88
possible
possible1
possum
postal
postcard
poster
postit
postman
postman1
postoffice
potapova
potato
potato12
potato123
potatoe
potatoe1
potatoes
potatoes1
potential
potenza
pothead
pothead1
pothead2
pothead420
pothead69
potpot
potter
potter11
potter12
potter123
potter13
potters
pottery
poubelle
pouetpouet
poulet
poulette
pounce
pouncer
pounds
poupee
poupette
poupou
poupoune
pourquoi
poussin
poussy
povlmly
povlmly727
povray
povray14
powder
powell
power
power123
power1234
power12345
power999
powerade
powerade1
powerball
powered
powerful
powerful1
powerfull
powerhouse
powerman
powerman1
powermax
powerof
powerof3
powerplay
powerpower
powerpuff
powerpuff1
powerrange
powerranger
powerrangers
powers
powerslave
powerstroke
powerup
powpow
powwow
poypoy
pozitiv
poznan
pp123456
ppoo0099
ppppp
pppppp
ppppppp
pppppppp
ppppppppp
pppppppppp
pqntmt
pqntmt1247
pr1nc3ss
pr1nce
pr1ncess
prabha
prabhakar
prabhu
prachi
practical
practice
practice1
prada
pradeep
pragati
prague
pragya
prairie
praise
praisegod
praisegod1
praisehim
praisethelord
prajakta
prakash
praktikum
praline
pramila
pramod
pranav
prancer
prancer1
prank
prankster
prankster1
prapor
prasad
prasad123
prasanna
prasanth
prashant
prashanth
pratama
pratap
prateek
pratham
pratibha
pratik
pratiksha
pratima
pravda
praveen
praveena
pravin
praxis
pray4me
prayer
prayers
prdel
prdelka
preacher
preacher1
preciosa
preciosa1
precioso
precious
precious!
precious01
precious1
precious10
precious11
precious12
precious13
precious2
precious3
precious5
precious7
precision
predator
predator1
predator2
preethi
preeti
preety
pregmar
pregmar2
pregnant
pregnant1
prelude
prelude1
premier
premier1
premiere
premium
premium1
prenses
preppy
prerna
presario
presario1
preschool
prescott
present
president
president1
presidente
presley
presley1
press
pressure
pressure1
prestige
prestige1
prestigio
presto
preston
preston1
preston12
preston123
preston2
preston3
pretender
pretinha
pretoria
pretty
pretty01
pretty07
pretty08
pretty09
pretty10
pretty101
pretty11
pretty12
pretty123
pretty13
pretty14
pretty15
pretty16
pretty17
pretty18
pretty21
pretty22
pretty23
prettyboi
prettyboi1
prettyboy
prettyboy1
prettyboy2
prettyboys
prettygirl
prettygurl
prettyinpink
prettylady
prettyme
prettyme1
prettypink
prettywoman
pretzel
pretzel1
preview
preview1
prezident
price
priceless
priceless1
pride
pridprid
pridurok
priest
prieto
prieto77
prikol
prikoluxa
prima
primary
primavara
primavera
primavera1
primax
prime
primera
primetime
primetime1
primetime2
primo
primrose
primrose1
primus
princ3ss
prince
prince01
prince07
prince08
prince09
prince10
prince11
prince12
prince123
prince1234
prince13
prince14
prince1999
prince21
prince22
prince23
prince33
prince55
prince69
prince99
princes
princes1
princesa
princesa1
princesa12
princesa2
princesita
princess
princess!
princess#1
princess*
princess.
princess0
princess00
princess01
princess02
princess03
princess04
princess05
princess06
princess07
princess08
princess09
princess1
princess10
princess101
princess11
princess12
princess123
princess13
princess14
princess15
princess16
princess17
princess18
princess19
princess2
princess20
princess21
princess22
princess23
princess24
princess25
princess26
princess27
princess28
princess29
princess3
princess30
princess31
princess32
princess33
princess34
princess4
princess44
princess45
princess5
princess55
princess56
princess6
princess66
princess69
princess7
princess77
princess78
princess8
princess81
princess82
princess83
princess84
princess85
princess86
princess87
princess88
princess89
princess9
princess90
princess91
princess92
princess93
princess94
princess95
princess96
princess97
princess98
princess99
princessa
princessa1
princesse
princesse1
princeton
princeton1
principal
principe
principe1
principessa
princy
pringle
pringles
pringles1
prinsesa
print
printemps
printer
printer1
printesa
printing
prinzessin
priora
prisca
priscila
priscilla
priscilla1
prishtina
prisma
prison
prisonbreak
prisoner
prissy
pritam
privacy
privacy1
privado
privat
private
private1
private123
private2
privet
privet123
privetik
privs
priya
priya123
priyaa
priyam
priyanka
priyanka1
prizrak
probation
probation1
problem
problem1
problems
process
prodigy
prodigy1
produce
produce1
producer
producer1
product
production
prof_root2.sql.txt
prof_root3.sql.txt
profesional
profesor
profesora
profession
professional
professionaltools
professor
professor1
professora
profeta
profile
profile1
profissional
profit
progamer
program
program1
programmer
progress
progress1
progressive
project
project1
project123
project8
project86
projects
projectsadminx
proline
prometeo
prometheus
promise
promise1
promise123
promise2
promises
promo
promote
promote1
promotion
promotion1
pronto
proof
propaganda
propane
propel
property
property1
prophecy
prophet
prophet1
prospect
prospect1
prosper
prosper1
prosperity
prospero
prosto
prosto_chelkynchik
prostreet
prosvirkind
protect
protect1
protected
protection
protector
protege
protein
proteus
protocol
proton
protoss
protoss1
prototype
protozoa
prout
proute
proutprout
prova
provence
proverbs
proverbs1
proverbs31
proverbs35
proverka
providence
provider
proview
proview1
prowler
prowler1
prozac
prozukin-shift
prudence
prudence1
prueba
prunelle
przemek
przemek1
przyjaciolki
ps2ps
ps5wlc4xq
psalm
psalm119
psalm121
psalm139
psalms
psalms23
psalms91
pseudo
psicologa
psicologia
psp71835
psppsp
psxvvd
psyche
psycho
psycho13
psycho666
psycho69
psychology
psytrance
pt120439
ptcruiser
pthrfkj
ptktysq
ptybnxtvgbjy
public
publicidad
pucca
puccini
puddin
pudding
pudding1
puddle
puddles
puddles1
puddy
pudge
puebla
pueblo
puerta
puerto
puertorico
puffdaddy
puffer
puffetta
puffin
puffpuff
puffy
puggy
pugsley
pugsley1
pugsly
pujols
pukimak
pulamea
pulcino
pulguita
pulpfiction
pulsar
pulsar150
pulsar180
pumapuma
pumas
pumas123
pumba
pumbaa
pumkin
pumper
pumpk1n
pumpkin
pumpkin!
pumpkin01
pumpkin1
pumpkin11
pumpkin12
pumpkin123
pumpkin13
pumpkin2
pumpkin22
pumpkin3
pumpkin4
pumpkin5
pumpkin7
pumpkin8
pumpkin9
pumpkinpie
pumpkins
pumpkins1
pumpum
punani
punch
puneet
punisher
punisher1
punjab
punjabi
punjabi1
punk1234
punk4life
punkass
punkass1
punker
punkers
punkie
punkin
punkista
punkpunk
punkrock
punkrock!
punkrock1
punkrock10
punkrocker
punks
punksnotdead
punky
puntacana
punto
punyeta
pupetta
pupkin
pupp!e
puppet
puppie
puppies
puppies!
puppies1
puppies12
puppies123
puppies2
puppies3
puppies4
puppies5
puppies7
puppup
puppy
puppy101
puppy123
puppydog
puppydog1
puppylove
puppylove1
puppylove2
puppylover
puppyluv
puppyluv1
puppys
pupsik
pupuce
puravida
purchase
purchasing
purdue
purelove
purgen
purity
purnama
purnima
purpl
purple
purple00
purple01
purple02
purple03
purple04
purple05
purple06
purple07
purple08
purple09
purple10
purple101
purple11
purple12
purple123
purple1234
purple13
purple14
purple15
purple16
purple17
purple18
purple19
purple20
purple21
purple22
purple23
purple24
purple25
purple26
purple27
purple28
purple29
purple30
purple32
purple33
purple34
purple420
purple44
purple45
purple55
purple66
purple67
purple69
purple76
purple77
purple78
purple87
purple88
purple89
purple90
purple92
purple93
purple94
purple95
purple96
purple97
purple99
purplehaze
purplelove
purplerain
purpose
purpose1
purzel
puschel
pusher
pushkin
pushok
pushpa
pusinka
puspita
pussie
pussies
pusspuss
pusspuss1
pusssy
pussy
pussy101
pussy123
pussy1234
pussy420
pussy4me
pussy666
pussy6969
pussycat
pussycat1
pussycat2
pussycat69
pussyeater
pussylicker
pussylips
pussylover
pussyman
pussypussy
pussys
pussyy
puszek
putain
putamadre
putamadre1
putangina
putanginam
putanginamo
putaputa
putas
puteri
putita
putra
putri
puttana
putter
puttputt
puzzle
puzzola
pw2012yr
pw898klkag
pwisdiwhs
pwlamea
pwlamea10
pwnage
pword
pwtest
px6gcr
px6gcr51
pyanzina_elena
pypsik
pyramid
pyramid1
pyramide
pyramids
python
q0tsrbv
q0tsrbv488
q1111111
q1234567
q12345678
q123456789
q1234567890
q123456q
q12345q
q1234q
q123q
q123q123
q12q12q
q12we
q12we34r
q18lg49iq8bhu
q1a1z
q1a2z
q1q1q
q1q1q1q
q1q1q1q1
q1q1q1q1q
q1q1q1q1q1
q1q2q
q1q2q3q
q1q2q3q4
q1q2q3q4q
q1q2q3q4q5
q1w1e
q1w2e
q1w2e3r
q1w2e3r4
q1w2e3r4t
q1w2e3r4t5
q1w2e3r4t5y
q1w2e3r4t5y6
q1w2e3r4t5y6u
q1w2e3r4t5y6u7
q1w2e3r4t5y6u7i
q1w2e3r4t5y6u7i8
q1w2e3r4t5y6u7i8o
q1w2e3r4t5y6u7i8o9
q1w2e3r4t5y6u7i8o9p
q1w2e3r4t5y6u7i8o9p0
q1w2q1w
q1w2q1w2
q2345678
q2a3z
q2q2q
q2q3q
q2q3q4q
q2q3q4q5q
q2w1q2w
q2w3e
q2w3e1q2w3e
q2w3e4r
q2w3e4r3t
q2w3e4r5
q2w3e4r5t
q2w3e4r5t6
q2w3e4r5t6y
q2w3e4r5t6y7u
q2w3e4r5t6y7u8i
q2w3e4r5t6y7u8i9o
q2w3e4r5t6y7u8i9o0p
q2w3e4r5t6z
q2w3e8r5t
q2w3easd
q3538004
q3e2w4r
q3e5t
q3e5t7u
q3e5t7u9o
q3w4e5r
q7w8e
q87xi3vfx
q87xi3wgw
q8a74ippxd
q963258741q
qa1qa
qa27111985qa
qa2ws
qa2ws3ed
qa2ws3ed4rf
qa2ws3ed4rf5tg
qamilek
qamilek1
qaqaqa
qarglr
qarglr123
qasdfg
qasw23ed
qaswed
qavcx
qavcx411
qawsed
qawsed12
qawsed123
qawsedr
qawsedrf
qawsedrf1
qawsedrftg
qawsedrftgyh
qay2wsx
qaywsx
qaywsx123
qaywsxedc
qayxsw
qaz!qaz
qaz0okm
qaz123123
qaz12345
qaz123456
qaz123456789
qaz123qaz
qaz123wsx
qaz123wsx456
qaz12wsx
qaz1qaz
qaz1wsx
qaz1wsx2
qaz2w
qaz2ws
qaz2wsx
qaz2wsx3e
qaz2wsx3edc
qaz2wsx3edc4rfv
qaz2wsx3edc4rfv5tgb
qaz3edc
qaz@wsx
qazaq
qazedc
qazedctgb
qazokm
qazpl
qazplm
qazplm123
qazqaz
qazqaz11
qazqaz12
qazqaz123
qazqazqaz
qazqwe
qazse
qazsedc
qazw21123
qazwer
qazws
qazwsx
qazwsx11
qazwsx12
qazwsx123
qazwsx1234
qazwsx12345
qazwsx123456
qazwsx13
qazwsx23
qazwsx321
qazwsx741
qazwsxe
qazwsxed
qazwsxed1
qazwsxedc
qazwsxedc1
qazwsxedc12
qazwsxedc123
qazwsxedc12345
qazwsxedc2
qazwsxedcr
qazwsxedcrfv
qazwsxedcrfvtgb
qazwsxqazwsx
qazxc
qazxcdews
qazxcv
qazxcvb
qazxcvbnm
qazxdr
qazxs
qazxsw
qazxsw111
qazxsw12
qazxsw123
qazxsw21
qazxsw23e
qazxsw23edc
qazxsw23edcvfr
qazxswe
qazxswed
qazxswedc
qazxswedc1
qazxswedc123
qazxswedcvfr
qazzaq
qazzaq123
qd5cgxhu
qdlqb49js
qdujvyg5sxa
qdxzc43gba
qdye17t1zv
qeadzc
qebefcz3yx
qecegda3zx
qefx7t3sy
qeqeqe
qetuo
qfcfgda3zx
qg9543bh
qg9543bh7
qh6xl1p9xj
qianqian
qiciqdp
qiciqdp162
qingqing
qn4kbwv
qn4kbwv559
qnxe66l7or
qoxrzwfr
qpalzm
qpalzm123
qpqpqpqp
qpwoei
qpwoeiru
qpwoeiruty
qq000000
qq111111
qq112233
qq11qq
qq123000
qq123123
qq123456
qq123456789
qq18ww
qq18ww899
qq22ww
qq5201314
qqaazz
qqq123456
qqqaaa
qqqaaazzz
qqqq1111
qqqq1234
qqqqq
qqqqq11111
qqqqqq
qqqqqq11
qqqqqqo
qqqqqqq
qqqqqqq1
qqqqqqqq
qqqqqqqq1
qqqqqqqqq
qqqqqqqqq1
qqqqqqqqqq
qqqqqqqqqqqq
qqqqwwww
qqqwww
qqqwwweee
qqww1122
qqwwee
qqwweerr
qqwwqq
qscwdv
qsdfgh
qsdfghjklm
qsefth
qsefthuko
qti7zxh18u
qtpie
quack
quackers
quadd
quadro
quagmire
quake
quaker
quality
quality1
quality123
quantum
quantum1
quaresma
quarter
quarter1
quartz
quasar
quasimodo
quatre
quatro
quattro
que-veux-tu
quebec
queen
queen123
queen4life
queenb
queenbee
queenbee1
queenie
queenie1
queens
queensland
queeny
queer
quentin
quentin1
quepasa
quercus
querida
quest
question
question1
queteimporta
quetzal
qugrqfo
qugrqfo825
quick
quicksilve
quicksilver
quidditch
quiero
quigley
quijote
quiksilver
quilmes
quilter
quilting
quilts
quimica
quincy
quinn
quintana
quinten
quintero
quintin
quintin1
quinto
quinton
quinton1
quique
quita
quovadis
qureshi
qvn5k4qgv
qvo78evm
qw10081973
qw123321
qw123456
qw12er
qw12er34
qw12qw
qw12qw12
qw1qw
qw21qw
qw23e
qw23er
qw23er45t
qw23we
qw34as
qw34er
qw34er56ty
qw3rty
qwarty
qwas1234
qwaser
qwasqwas
qwasyx
qwaszx
qwaszx11
qwaszx12
qwaszx123
qwaszx1234
qwaszxedc
qwaszxerdfcv
qwaszxqw
qwaszxqwaszx
qwe058058a
qwe1122334
qwe123123
qwe123321
qwe12345
qwe123456
qwe123456789
qwe123asd
qwe123qwe
qwe123qwe123
qwe123rty
qwe123rty456
qwe123zxc
qwe12qwe
qwe1asd
qwe456asd
qwe456rty
qwe4r
qweas
qweasd
qweasd11
qweasd12
qweasd123
qweasdqwe
qweasdqweasd
qweasdyxc
qweasdz
qweasdzx
qweasdzxc
qweasdzxc1
qweasdzxc12
qweasdzxc123
qweasz
qwedcxz
qwedcxza
qwedcxzas
qwedsa
qwedsa123
qwedsazxc
qweewq
qweewq123
qwegta
qwegta13091990
qweiop
qwepoi
qwepoiasdlkj
qweqaz
qweqwe
qweqwe11
qweqwe12
qweqwe123
qweqwe123123
qweqweqwe
qweqweqwe1
qwer0987
qwer1234
qwer12345
qwer123456
qwer4321
qwer5678
qweras
qwerasd
qwerasdf
qwerasdf1
qwerasdf1234
qwerasdfzxcv
qwerewq
qwerfdsa
qwerfv
qwerpoiu
qwerqwer
qwerqwer1
qwerqwer2
qwerrewq
qwert
qwert.0002
qwert123
qwert1234
qwert12345
qwert123456
qwert54321
qwert789
qwerta
qwertasd
qwertasdf
qwertasdfg
qwertasdfgzxcvb
qwertgfdsa
qwertqwert
qwerttrewq
qwerty
qwerty00
qwerty000
qwerty007
qwerty01
qwerty02
qwerty06
qwerty07
qwerty08
qwerty09
qwerty098
qwerty0987
qwerty1!
qwerty10
qwerty100
qwerty101
qwerty11
qwerty111
qwerty112233
qwerty12
qwerty121
qwerty123
qwerty1231
qwerty123321
qwerty1234
qwerty12345
qwerty123456
qwerty1234567
qwerty12345678
qwerty123456789
qwerty1234567890
qwerty13
qwerty14
qwerty15
qwerty1517
qwerty16
qwerty17
qwerty18
qwerty19
qwerty1981
qwerty1985
qwerty1986
qwerty1987
qwerty1988
qwerty1989
qwerty1990
qwerty1991
qwerty1992
qwerty1993
qwerty1994
qwerty1995
qwerty20
qwerty2009
qwerty2010
qwerty2011
qwerty2012
qwerty21
qwerty22
qwerty23
qwerty24
qwerty25
qwerty26
qwerty27
qwerty28
qwerty30
qwerty31
qwerty32
qwerty321
qwerty33
qwerty333
qwerty34
qwerty4321
qwerty44
qwerty45
qwerty456
qwerty54321
qwerty55
qwerty555
qwerty56
qwerty65
qwerty654321
qwerty66
qwerty666
qwerty67
qwerty69
qwerty76
qwerty765
qwerty77
qwerty777
qwerty777888
qwerty78
qwerty789
qwerty7890
qwerty79
qwerty80
qwerty82
qwerty83
qwerty84
qwerty85
qwerty86
qwerty87
qwerty88
qwerty888
qwerty89
qwerty90
qwerty91
qwerty911
qwerty92
qwerty93
qwerty94
qwerty95
qwerty96
qwerty97
qwerty98
qwerty987
qwerty99
qwerty999
qwertya
qwertyas
qwertyasd
qwertyasdf
qwertyasdfg
qwertyasdfgh
qwertykolakola
qwertyq
qwertyqaz
qwertyqwerty
qwertys
qwertytrewq
qwertyu
qwertyu1
qwertyu12
qwertyu123
qwertyu7
qwertyu8
qwertyui
qwertyui1
qwertyui12
qwertyui2p
qwertyui9
qwertyuio
qwertyuio0
qwertyuio1
qwertyuio9
qwertyuiop
qwertyuiop0
qwertyuiop1
qwertyuiop12
qwertyuiop123
qwertyuiop1234
qwertyuiop12345
qwertyuiop123456
qwertyuiop123456789
qwertyuiop1234567890
qwertyuiop789
qwertyuiop[]
qwertyuiopasdfg
qwertyuiopasdfghjkl
qwertyuiopasdfghjkl151515
qwertyuiopasdfghjklzxcvbnm
qwertyy
qwertyytrewq
qwertyz
qwertz
qwertz12
qwertz123
qwertz1234
qwertzu
qwertzu1
qwertzui
qwertzuiop
qwerzxcv
qwest
qwest123
qweszxc
qwewq
qwezxc
qwezxc123
qwezxcasd
qwqw1212
qwqwqw
qwqwqw12
qwqwqwqw
qwqwqwqwqw
qwsazx
qwsxza
qwsxzas
qxvbgfibuq
qxxm93js
qy5togr
qy5togr996
qyahzn
qzwxec
qzwxecrv
r.polinin
r00ster
r00tb33r
r00tbeer
r041stcu
r0b3rt
r0bert
r0ckstar
r1234567
r12345678
r123456789
r1cd38d
r1chard
r1r2r
r1r2r3r
r1r2r3r4
r26nnxjx7n
r2d2c3p
r2d2c3p0
r2d2c3po
r2d2r2d
r2d2r2d2
r3e2w1q
r3m3mb3r
r4e3w2q
r4e3w2q1
r4evc8d8vs
r5gnqyrr
r5t6y
r5t6y7u
r6a50de3ujwtog
r6a50de3ujwtog4
r968ji9ufj
r97xj3xex
r97xj3xey
r9e8w7q
r9e8w7q6
r9lw4j8khx
r_masick
ra1ders
ra66it
rabat
rabat1945
rabbit
rabbit01
rabbit11
rabbit12
rabbit123
rabbit13
rabbit69
rabbits
rabbits1
rabota
raccoon
raccoon1
racecar
racecar1
racecar2
racecars
racer
racers
racerx
rachael
rachael1
rachana
racheal
racheal1
rachel
rachel01
rachel07
rachel08
rachel09
rachel10
rachel11
rachel12
rachel123
rachel13
rachel14
rachel15
rachel16
rachel17
rachel18
rachel21
rachel22
rachel23
rachel24
rachel69
rachel88
rachel99
rachele
rachell
rachelle
rachelle1
rachelle289ariyoshi
rachelle289ariyoshi5251987
rachid
rachida
rachna
racine
racing
racoon
racquel
radar
radcliffe
radek
radeon
radford
radha
radhakrishna
radharani
radhasoami
radhaswami
radhekrishna
radheradhe
radhika
radiance
radiant
radiation
radiator
radical
radical1
radik
radik070775
radio
radio123
radiohead
radiohead1
radiology
radion-dankov
radios
radish
radius
radmila
radmila5
radmir
radost
raducu
raduga
raduga2508
raduga388
raerae
rafael
rafael01
rafael10
rafael12
rafael123
rafael13
rafaela
rafaella
rafal
rafale
raffaele
raffaella
raffaello
rafferty
raffles
raffy
rafiki
rafinha
rafita
rafter
ragdoll
ragdoll1
raghav
raghavendra
ragini
ragnar
ragnarok
ragnarok1
rahasia
rahasia1
rahasia123
rahayu
raheem
rahili
rahima
rahman
rahmat
rahmudinov
rahmudinov92
rahrah
rahul
rahul123
raiden
raider
raider11
raider12
raider13
raiders
raiders!
raiders#1
raiders01
raiders07
raiders08
raiders09
raiders1
raiders10
raiders11
raiders12
raiders123
raiders13
raiders14
raiders15
raiders18
raiders2
raiders20
raiders21
raiders22
raiders23
raiders24
raiders3
raiders34
raiders4
raiders5
raiders6
raiders69
raiders7
raiders8
raiders81
raiders9
raiders99
raiderz
raiderz1
raihan
raikkonen
railroad
railroad1
railway
raimundo
rainb0w
rainbow
rainbow!
rainbow.
rainbow01
rainbow08
rainbow1
rainbow10
rainbow11
rainbow12
rainbow123
rainbow13
rainbow14
rainbow15
rainbow16
rainbow2
rainbow21
rainbow22
rainbow23
rainbow24
rainbow3
rainbow4
rainbow5
rainbow6
rainbow69
rainbow7
rainbow8
rainbow9
rainbows
rainbows1
raindrop
raindrop1
raindrops
raine
rainer
rainey
rainfall
rainforest
rainier
raining
rainmaker
rainman
rainman1
rainrain
rainyday
raisa
raisa720290
raisa_smelkova
raisin
raissa
raistlin
raistlin1
raj12345
raja1234
rajababu
rajan
rajani
rajaraja
rajaram
rajarani
rajasthan
rajawali
rajeev
rajendra
rajesh
rajesh123
rajeshwari
rajeswari
rajinder
rajini
rajkumar
rajneesh
rajput
rajraj
rakaii
rakesh
rakesh123
raketa
rakista
rakizta
rakker
raksha
raleigh
raleigh1
rally
rallye
ralph
ralph123
ralphc8xf
ralphie
ralphie1
ralphy
raluca
ramada
ramadan
ramadevi
ramadhan
ramakrishna
raman
ramana
ramani
ramarama
ramayana
ramazan
rambler
rambler1
rambo
rambo123
ramboo
rambutan
ramchandra
ramesh
ramesh123
ramil
ramirez
ramirez1
ramiro
ramis_bairamov
ramjet
ramkumar
rammstein
rammstein1
rammstein6
ramon
ramon123
ramona
ramone
ramones
ramones1
ramos
rampage
rampage1
ramram
ramramram
ramrod
ramsay
ramses
ramsey
ramsia
ramsia1986
ramstein
ramzan
ramzes
ranch
rancher
ranchero
rancho
rancid
rand0m
randal
randall
randall1
randi
randolph
randolph1
random
random11
random12
random123
random13
randomness
randy
randy123
randymoss
randymoss1
randyorton
ranetka
ranetki
range
rangel
ranger
ranger00
ranger01
ranger10
ranger11
ranger12
ranger123
ranger13
ranger21
ranger22
ranger23
ranger69
ranger75
ranger88
ranger99
rangerover
rangers
rangers01
rangers1
rangers10
rangers11
rangers12
rangers123
rangers1690
rangers1873
rangers2
rangers7
rangers9
rangers94
rangersfc
rangersfc1
rangga
ranita
ranjan
ranjana
ranjit
ranjith
rankin
ranking
ranking21
ranma
ranran
ransom
rantanplan
raoujfl
raoujfl963
rap4life
rapala
raphael
raphael1
rapid
rapid123
rapido
rapper
raprap
rapstar
rapstar1
raptor
raptor22
raptor350
raptor660
raptor700
raptors
raptors1
rapture
rapture1
rapunzel
raqdc4ml
raquel
rarara
rasberry
rascal
rascal01
rascal11
rascal12
rascal123
rascal13
rasengan
rasengan1
rashad
rashaun966krager
rashaun966krager1993
rashawn
rashawn1
rasheed
rasheed1
rashid
rashida
rashmi
raskevichtanja
rasmus
raspberry
raspberry1
rasputin
rasputin1
rassvet
rasta
rasta123
rasta420
rastafari
rastafari1
rastaman
rastaman1
rastas
raster
rastus
ratashn
ratashn67
ratata
ratatouille
ratbag
ratboy
ratchet
ratchet1
ratdog
ratfink
ratman
ratona
ratrat
ratten
rattle
rattler
rattlesnake
raulito
raumschiff
rauzawcsiv
raven
raven123
raven666
ravenclaw
ravenna
ravens
ravens52
raver
ravi1234
ravich
ravich92
ravikumar
ravinder
ravindra
ravioli
ravipass
ravshan
ravshan1017
rawalpindi
rawhide
rawiswar
rawr1234
rawrrawr
ray-ray
rayados
rayallen
rayallen20
rayan
rayane
rayban
rayden
rayhan
raylewis
raylewis52
rayman
raymart
raymon
raymond
raymond1
raymond12
raymond123
raymond2
raymond3
raymond5
raymond7
raymonde
raymonde336schwegel
raymonde336schwegel7331987
raymund
raymundo
rayne
rayquaza
rayray
rayray11
rayray12
rayray123
rayray13
rayray14
rayray23
rayyan
razdvatri
razdvatri3
raziel
razjel
razor
razor123
razorback
razorback1
razorbacks
razorblade
razors
razvan
razvod
razzle
rb26dett
rbcekz
rbceyz
rbh.if
rbhbkk
rbhgbx
rbotmvz
rbotmvz954
rbrbvjhf
rbtsozeva
rc.irf
rc.itymrf
rc95kzbj1v
rcalgif
rcalgif86
rclens
rctybz
rdeye
rdfhnbhf
rdfhnbhfyy
rdfhnfk
rdfhnfk1
rdfpbvjlj
rdukv46x
rdward
rdxyd43hca
re-enter
reaction
reader
reading
reading1
readme
ready
ready123
ready2go
reagan
realbetis
realdeal
realdeal1
realest
realest1
realestate
realist
realist1
reality
reality1
reallife
reallove
reallove1
really
realmadrid
realmadrid1
realmadrid7
realman
realnigga
realnigga1
realsim
realsim07
realtalk
realtalk1
realtek
realtek.
realtime
realtor
realtor1
realtors
realty
reanimator
reanna
reaper
reaper12
reaper123
reaper13
reaper666
reaper69
reason
reaver
rebeca
rebecca
rebecca!
rebecca01
rebecca1
rebecca10
rebecca11
rebecca12
rebecca123
rebecca13
rebecca2
rebecca3
rebecca4
rebecca5
rebecca7
rebeka
rebekah
rebekah1
rebekka
rebel
rebel123
rebel4life
rebelde
rebelde1
rebelde10
rebelde12
rebelde123
rebelde2
rebelde3
rebelde6
rebell
rebelle
rebellion
rebels
rebenok
rebirth
rebirth1
reboot
reborn
rebound
rebound1
rebus
recall
reception
recherche
recife
recipe
recipes
reckless
reckless1
recoba
recon
record
record10
records
records1
recovery
recovery1
recruit
recruiter
recruiter1
recruitment
recycle
recycle1
red12345
red123456
redab
redab1993
redalert
redalert1
redalert2
redapple
redapple1
redarmy
redbaron
redbird
redbird1
redbirds
redblack
redblood
redblue
redblue1
redbone
redbone1
redboy
redbul
redbull
redbull1
redbull12
redbull123
redbull2
redcar
redcat
redcross
redder
reddevil
reddevil1
reddevils
reddog
reddog12
reddog123
reddragon
reddragon1
reddwarf
reddwarf1
reddy
reddy123
redeemed
redeemed1
redeemer
redemption
redeye
redeyes
redfire
redfish
redfish1
redford
redfox
redfred
redfred1
redgreen
redhat
redhawk
redhead
redhead1
redhead2
redheads
redhorse
redhot
redhouse
redick
rediff
rediffmail
rediska
redko
redlight
redlight1
redline
redline1
redlion
redman
redman123
redmond
redmoon
rednaxela
redneck
redneck!
redneck01
redneck08
redneck09
redneck1
redneck101
redneck11
redneck12
redneck123
redneck13
redneck16
redneck2
redneck21
redneck3
redneck5
redneck69
redneck7
rednose
redondo
redone
redouane
redred
redred12
redred123
redredred
redrider
redriver
redrobin
redrock
redrock1
redrose
redrose1
redroses
redroses1
redrover
redrover1
redrum
redrum187
redrum666
redsea
redshoes
redskin
redskin1
redskins
redskins1
redskins12
redskins2
redskins21
redskins26
redskins89
redsky
redsox
redsox01
redsox04
redsox05
redsox07
redsox08
redsox09
redsox10
redsox11
redsox12
redsox123
redsox13
redsox14
redsox15
redsox18
redsox2004
redsox21
redsox22
redsox23
redsox24
redsox33
redsox34
redsoxs
redsoxs1
redstar
redstar1
redstone
redstorm
redsun
redtruck
redtruck1
redtube
redwall
redwall1
redwarbike
redwin3d
redwine
redwine1
redwing
redwing1
redwings
redwings1
redwings19
redwolf
redwood
redwood1
redzone
redzone1
reebok
reece
reece123
reefer
reefer420
reena
reeree
reese
reese123
reeses
reeves
referee
referee1
reference
refillmotives
refinnej
reflection
reflex
refresh
refresh1
regal
regan
regawf7ss1dm7rn
regenbogen
regenboog
regency
regent
reggae
reggaeton
reggaeton1
reggie
reggie01
reggie11
reggie12
reggie123
reggie25
reggie31
reggina
regiment
regina
regina-rebina
regina12
regina123
reginald
reginald1
regine
reginka
reginka2393
region
regional
regis
register
register1
registrati
registration
reglisse
regret
regulator
rehana
rehbwf
rehjxrf
rehman
reilly
reina
reinaldo
reindeer
reiner
reinhard
reject
rejoice
rekbrjdf
rekha
reklama
relation
relationship
relax
release
relentless
reliable
reliance
relientk
relientk1
religion
relisys
rellik
reload
reloaded
remark
rembrandt
remedios
remedy
remember
remember!
remember1
remember12
remember2
remember7
rememberme
remilekun
reminder
remington
remington1
remix
remo1d72a
remont
remote
rempit
rempit46
remrem
rena.vano
rena.vano1990
renae
renaissance
renaldo
renan
renan123
renard
renata
renate
renato
renaud
renault
renault1
renault19
renault5
rencontre
rencontres
rendakova_sveta
render
rendezvous
renee
renee123
renegade
renegade1
renesmee
renesmeecallen
renkanom
rennes
rennie
renoir
renren
renren15
rental
renton
renuka
renzo
repair
repbyf
repeat
repent
replay
repmvbyf
repmvf
report
reporter
repsol
reptile
reptile1
reptiles
republic
republic1
republica
repytwjd
repytwjdf
repytxbr
requiem
requiem1
requin
rer-tuy
rerecz
rerehepf
rereirf
rerere
rererere
rerfhfxf
rerfhtre
rerghr
rerjkrf
rescue
research
research1
reseau
reserve
reserved
reset
reset123
reset12345
resetme
reshma
resident
resident1
resident4
residentev
residentevil
residentevil4
resing
resing1965
resist
resistance
resistant50m
resource
respect
respect1
respekt
response
restart
restart1
restaurant
restinpeace
restless
restore
resume
retail
retamozo
retard
retard12
retard123
retarded
retarded1
retina
retire
retired
retired1
retirement
retlaw
retraite
retriever
retro
retsam
return
retype
reuben
reunion
reunion1
reunion974
reussite
revathi
revathy
reveal
revelation
revenge
revenge!
revenge1
revenge2
reverend
reverse
reveur
review
revilo
revival
revolt
revolucion
revolution
revolver
revolver1
reward
rewind
rewq1234
rewq4321
rexocinod
rexona
rexrex
reyes
reyes123
reyhan
reymark
reymisteri
reymisterio
reymond
reymysteri
reymysterio
reyna
reynald
reynaldo
reynaldo1
reynold
reynolds
reynolds1
reyrey
reyrey619
reyrtutyd
rezeda
reznor
rezo_2010
rezvanov_a
rfcgth
rfczgecz
rfczgecz11
rfgbnfy
rfgbnjirf
rfgecnf
rfghbp
rfgtkmrf
rfhbyf
rfhbyjxrf
rfhbyrf
rfhectkm
rfhfcm
rfhfgep
rfhfrfnbwf
rfhfufylf
rfhfvtkm
rfhfvtkmrf
rfhfylfi
rfhjkbyf
rfhlbyfk
rfhnbyf
rfhnjirf
rfkbybyf
rfkbyf
rfkmrekznjh
rfktylfhm
rfn.if
rfn.irf
rfnfcnhjaf
rfnhby
rfnmrf
rfnthbyf
rfnthbyrf
rfntyjr
rfntymrf
rfnzrfnz
rfpfyjdf
rfpfym
rfpfynbg
rfpzdrf
rfrfirf
rfrfirf1
rfrfitxrf
rfrfrf
rfrltkf
rfrnec
rfv5tgb
rfvbgt
rfvbkf
rfvbkkf
rfvbrflpt
rfvfcenhf
rfvtgb
rfvtgbyhn
rfvtym
rfvxfnrf
rfybreks
rhapsody
rhbcnb
rhbcnbyf
rhbcnbyjxrf
rhbcnbyrf
rhbcnz
rhenjq
rhfcbdfz
rhfcfdbwf
rhfcfdxbr
rhfcjnf
rhfcjnrf
rhfcyjlfh
rhfcyjzhcr
rhfcysq
rhfdxtyrj
rhianna
rhianna1
rhiannon
rhiannon1
rhino
rhino123
rhinos
rhinos111
rhjirf
rhjkbr
rhjrjlbk
rhodan
rhodan01
rhodes
rhonda
rhtdtlrj
rhtfnbd
rhubarb
rhythm
rhyzza
rianna
rianne
ribbit
ribbon
ribeiro
ribena
ribery
ribka
ribka227555
rican
ricard
ricardito
ricardo
ricardo07
ricardo1
ricardo10
ricardo12
ricardo123
ricardo13
ricardo2
ricardo22
ricardo7
riccardo
riccardo1
riccio
rich1234
richa
richard
richard!
richard.
richard01
richard07
richard08
richard1
richard10
richard11
richard12
richard123
richard13
richard14
richard15
richard18
richard2
richard21
richard22
richard23
richard3
richard4
richard5
richard6
richard69
richard7
richard8
richard9
richards
richards1
richardson
richbitch
richbitch1
richboy
richboy1
richelle
richelle1
riches
richgirl
richie
richie123
richierich
richman
richman1
richmond
richmond1
richter
richy
rickey
rickie
rickjames
rickjames1
rickross
rickross1
ricky
ricky123
ricochet
ricola
ricorico
riddhi
riddick
riddick1
riddle
riddler
ride4life
ridebmx
ridebmx1
rideordie
rideordie1
rider
riders
riding
ridley
ridwan
riffraff
rigger
right
righteous
righteous1
rightnow
righton
righton1
rigoberto
rihana
rihanna
rihanna1
rikardo
rikimaru
rikki
riley
riley123
rileydog
rimbaud
rimini
rimmer
rinat
rinat-88
rinat.76
rincewind
rincon
ringer
ringhio
ringo
ringo123
ringostar
ringring
rinoceronte
rinrin
rintintin
riodejaneiro
riogrande
riorio
rip2pac
ripazha
ripcurl
ripcurl1
ripdad
ripken
ripley
ripped
ripper
ripple
riptide
riquelme
rishabh
rishi
rising
risingsun
rissa
rita_nizhnik_r
ritarita
ritchie
ritchie1
ritesh
ritika
ritinha
ritter
rivaldo
rivendell
river
river123
rivera
riverdale
riverplate
riverrat
riverrat1
rivers
riverside
riverside1
riversidec
riverview
riviera
riwr2hky4w3tjgg
riyadh
rizal
rizwan
rjcnbr
rjcnzy
rjcvjc
rjdfkmxer
rjdfktyrj
rjgo7we
rjgo7we138
rjgtqrf
rjhjdf
rjhjdf777
rjhjds
rjhjkm
rjhjkmbien
rjhjktdf
rjhjnrb
rjhjnrb1
rjhjyf
rjitxrf
rjktcj
rjn`yjr
rjnjgtc
rjntyjr
rjntyjxtr
rjnzhf
rjnzif
rjpkjdf
rjpthju
rjpzdrf
rjrfrjkf
rjs1la2qe
rjs1la7qe
rjs5la8qe
rjvgm.nth
rjyatnf
rjyatnrf
rjycnbnewbz
rjycnfynby
rjyjgkz
rjynfrn
rkamkin.karoli1988mp
rkelly
rkfdbfnehf
rksk3210
rktjgfnhf
rlb9l1squ
roach
roadkill
roadkill1
roadking
roadking1
roadrunner
roadstar
roadster
roadtrip
roanne
roanne42300
robaczek
robben
robbie
robbie01
robbie11
robbie12
robbie123
robbin
robbins
robby
robby123
robert
robert00
robert01
robert02
robert03
robert04
robert05
robert06
robert07
robert08
robert09
robert10
robert101
robert11
robert12
robert123
robert1234
robert13
robert14
robert15
robert16
robert17
robert1708
robert18
robert19
robert20
robert21
robert22
robert23
robert24
robert25
robert26
robert27
robert28
robert30
robert33
robert44
robert45
robert55
robert66
robert69
robert77
robert87
robert88
robert89
robert93
robert99
roberta
roberta1
robertina
robertino
robertito
roberto
roberto1
roberto12
roberto123
roberto2
robertpatt
roberts
roberts1
robertson
robertson1
robin
robin123
robina
robinho
robinho10
robinhood
robinhood1
robins
robinson
robinson1
robles
roblox
robocop
robocop1
robot
robot123
robotech
robotics
robots
robrob
robroy
robson
robvandam
robyn
rocafella
rocafella1
rocawear
rocawear1
rocco
rocco123
rochdale
rochelle
rochelle1
rochester
rochester1
rocio
rock&roll
rock1234
rock4ever
rock4life
rockabilly
rockandrol
rockandroll
rockband
rockband1
rockband2
rockbottom
rocker
rocker101
rocker12
rocker123
rocker13
rockers
rockers1
rockers123
rocket
rocket01
rocket11
rocket12
rocket123
rocket21
rocket22
rocket69
rocket88
rocketmail
rocketman
rocketman1
rockets
rockets1
rockey
rockford
rockford1
rockhard
rockhard1
rockhopper
rockie
rockies
rockies1
rockin
rocking
rocking1
rockit
rockland
rocklee
rocklee1
rockman
rockman1
rockme
rocknroll
rocknroll!
rocknroll1
rocknroll2
rocknsock
rocknsock1
rocko
rockon
rockon11
rockon12
rockon123
rockout
rockout1
rockport
rockrock
rockrock1
rockroll
rocks
rocks123
rockstar
rockstar!
rockstar.
rockstar01
rockstar08
rockstar09
rockstar1
rockstar10
rockstar11
rockstar12
rockstar123
rockstar13
rockstar14
rockstar15
rockstar16
rockstar17
rockstar18
rockstar19
rockstar2
rockstar21
rockstar22
rockstar23
rockstar24
rockstar3
rockstar4
rockstar5
rockstar6
rockstar69
rockstar7
rockstar8
rockstar9
rocksteady
rockwell
rockwell1
rockwood
rocky
rocky007
rocky101
rocky111
rocky123
rocky1234
rocky12345
rockybalboa
rockyboy
rockydog
rockydog1
rockyou
rockyou1
rockyroad
rockys
roddick
rodel
rodent
rodeo
roderick
roderick1
rodger
rodgers
rodica
rodina
rodion
rodman
rodman91
rodney
rodney12
rodney123
rodnik
rodolfo
rodolfo1
rodolphe
rodrigo
rodrigo1
rodrigo123
rodrigue
rodrigues
rodriguez
rodriguez1
rodriguez2
rodzina
roflcopter
roflmao
roflmao1
roflmao123
roflrofl
rogelio
rogelio1
roger
roger123
rogerio
rogers
rogovivan
rogovivan72
rogovsasha
rogovsasha123
rogue
roh8tl
rohan
rohan123
rohini
rohit
rohit123
roisin
roksana
roland
roland123
roland7859
rolandia
rolandia42
rolando
rolando1
roldan
roleplay
roleplay1
rolex
rolland
roller
rollercoaster
rollie
rollin
rollin20
rollin60
rolling
rolling1
rollingstones
rollins
rollins1
rollsroyce
rolltide
rolltide1
rolltide12
rolly
rolyat
roma1234
roma1927
roma1996
roma2010
romain
romaine
roman
roman123
romana
romance
romance!
romance1
romane
romanenko
romani
romania
romania1
romanista
romano
romanov
romanova
romanova.natalya
romanova.natalya.96
romanroman
romans
romans116
romans12
romans828
romanson
romantic
romantic1
romantica
romantico
romantik
romantika
romario
romaroma
romashka
romawka
romel
romeo
romeo123
romeos
romero
romina
romka_ya
romka_ya93
rommel
romnick
romuald
romulo
romulus
ronald
ronald12
ronald123
ronaldinho
ronaldinho10
ronaldo
ronaldo07
ronaldo09
ronaldo1
ronaldo10
ronaldo11
ronaldo12
ronaldo123
ronaldo17
ronaldo2
ronaldo7
ronaldo77
ronaldo9
ronaldo99
ronalyn
ronan
ronin
ronja
ronnel
ronnie
ronnie01
ronnie10
ronnie11
ronnie12
ronnie123
ronny
ronron
roofer
roofing
roofing1
rookie
rooney
rooney08
rooney10
rooney123
rooroo
roosevelt
roosevelt1
roosje
rooster
rooster1
rooster2
roosters
roosters1
rootbeer
rootbeer1
rootbeer12
rootbeer2
rooter
rootroot
roots
roper
roro1024
rororo
rosa1234
rosado
rosalba
rosales
rosales1
rosalia
rosalie
rosalie1
rosalina
rosalind
rosalinda
rosalinda1
rosalyn
rosamaria
rosana
rosangela
rosanna
rosanna1
rosaria
rosario
rosario1
rosarosa
rosary
rosco
roscoe
roscoe131
rose1234
rose24731
roseann
roseann1
roseanne
rosebud
rosebud1
rosebud12
rosebud123
rosebud2
rosebud7
rosebuds
rosedale
rosegarden
roseline
rosella
roselle
roselyn
rosemarie
rosemarie1
rosemary
rosemary1
rosendo
rosenrot
rosered
roserose
roses
roses123
rosetta
rosetta1
rosette
rosewood
rosewood1
rosey
roshan
roshni
rosie
rosie123
rosiedog
rosina
rosine
rosinha
rosita
roslyn
rossana
rossella
rossi
rossia
rossia19
rossie
rossignol
rosso
rossoneri
rossonero
rostik
rostislav
rostov
rostov8888
roswell
roswell1
rotary
rotciv
rothmans
rotimi
rotten
rotterdam
rotterdam1
rottie
rottweiler
roucky
roudoudou
rouge
rouges
rough
roulette
rousseau
route
route666
router
rover
rover123
rovers
rowan
rowdy
rowell
rowena
rowing
rowland
rowley
roxana
roxane
roxanne
roxanne1
roxas
roxette
roxie
roxie123
roxy1234
roxydog
roxydog1
roxygirl
roxygirl1
roxyroxy
royal
royal123
royale
royalflush
royals
royals22
royalty
royalty1
royboy
roygbiv
royroy
royston
rozlori
rroom
rrrrr
rrrrrr
rrrrrrr
rrrrrrrr
rrrrrrrrrr
rsavoy
rtertuy77ijyhu7i
rtrtrt
rtw150809
rtyfgh
rtyfghvbn
rtynfdh
rtyrty
rtyuehe
rtyuio
rtyuiop
ru4real
rubber
rubberband
rubberduck
rubberducky
rubbish
ruben
ruben123
rubens
rubicon
rubicon1
rubies
rubina
ruby1234
rubydog
rubyred
rubyred1
rubyrose
rubyruby
rucaxefu
ruchika
ruckus
rudeboy
rudeboy1
rudenko
rudolf
rudolph
rudolph1
ruffles
ruffles1
ruffryder
ruffryders
ruffus
rufina
rufino
rufus
rufus123
rugby
rugby123
rugbyman
ruger
rugged
rugger
rugrat
rugrats
rugrats1
ruicosta
rukawa
rukhsana
ruler
ruler1991
rules
rulez
rumble
run4fun
run4life
runaway
runaway1
rundmc
runescape
runescape!
runescape1
runescape123
runescape2
runescape3
runescape5
runescape9
runfast
runner
runner11
runner12
running
running1
runrun
rupali
rupert
rupesh
ruqueb
rus20dem
rusali
rusali_1979
rusalka
rush2112
rushhour
rushmore
rushrush
rusiphon
rusiphon4
ruslan
ruslan009
ruslan123
ruslana
russel
russell
russell1
russell123
russell2
russia
russia11
russia123
russian
russian1
russland
rustam
rustem
rustik
rusty
rusty123
rustydog
rustydog1
rutgers
rutgers1
ruthann
rutherford
ruthie
ruthless
ruthless1
rwanda
ry1dtv
ryabec.m
ryan1234
ryan12345
ryan2000
ryan2005
ryan2006
ryan2007
ryan2008
ryan962052
ryangiggs
ryanjames
ryanryan
ryder
ryjgjxrf
ryjgrf
rylee
ryleigh
ryleigh1
ryslan
ryu750103
rzaev_ilgar
s-firsova
s0cc3r
s0ccer
s0ftball
s0mething
s1234567
s12345678
s123456789
s123456s
s1lver
s1mple
s1s1s
s1s2s
s1s2s3s
s1s2s3s4
s1t2o3n
s1t2o3n4
s2s3s
s39jwbw5ia
s3cr3t
s3t4p
s43pth5aea
s7777777
s8kril9u4f
s8ylpe9jdpvym
s987654321
s9qxa9yn9cc
s9qxa9yn9cc=
sa123456
sa2rawybas
sa8xk4xdz
saab9000
saadia
saavedra
sabado
sabaka
sabastian
sabato
sabbath
sabbath1
sabedoria
sabella
saber
sabertooth
sabian
sabiduria
sabiha
sabina
sabine
sabine12
sabine21
sabinka
sabino
sabita
sable
sable123
sabotage
sabre
sabres
sabrina
sabrina!
sabrina01
sabrina1
sabrina10
sabrina11
sabrina12
sabrina123
sabrina13
sabrina2
sabrina22
sabrina3
sabrina5
sabrina7
sabrina9
sabrine
sacha
sacha1234
sachiko
sachin
sachin123
sacramento
sacred
sacrifice
sactown
sactown916
sadako
saddam
saddie
saddle
sadgirl
sadgirl1
sadhana
sadie
sadie123
sadiedog
sadiedog1
sadiegirl
sadiegirl1
sadiemae
sadiemae1
sadies
sadist
sadiya
sadman
sadness
sadness1
sadsad
safari
safety
safety123
safety1st
safeway
safeway1
saffron
saffron1
safina
safira
safiya
safonova
safonova.1967
safrane
safronov
safronov_3112
sagalil
sagapo
sagar
sagar123
sagara
sagarika
sagesse
sagitaire
sagitario
sagitario1
sagitarius
sagittario
sagittarius
sagopa
sagopakajmer
sahabat
sahana
sahara
saheed
sahhas
sahhas1221
sahil
saibaba
saibaba1
saibaba123
saibot
saidov
saidov12345
saiful
saigon
sailaja
sailboat
sailboat1
sailfish
sailing
sailing1
sailor
sailormoon
saimon
sainath
saint
saints
saints01
saints09
saints10
saints11
saints12
saints123
saints25
saintseiya
saintsrow
saintsrow2
saipan
saipan670
sairam
sairam123
saisai
saitek
saitou
saiyan
saiyuki
sajjad
sakamoto
sakartvelo
sakarya
sakarya54
sakic
sakina
sakoshka_masha
sakshi
sakthi
sakura
sakura11
sakura12
sakura123
sakura13
sakuragi
salaam
salad
salade
saladin
salado
salah
salam
salam123
salama
salamanca
salamander
salamandra
salamat
salame
salami
salamon
salamsalam
salas
salas831
salasana
salasana1
salavat
salazar
salazar1
salcedo
saleem
saleen
saleens
saleens7
salem
salem123
salento
salento12
salerno
sales
sales123
salesman
salford
salgado
saliha
salim
salim123
salima
salimata
salina
salinas
salinas1
salinas831
salinger
salisbury
saliva
sallad
sallie
sally
sally123
sallyann
sallydog
salma
salma123
salman
salman123
salmankhan
salmo
salmon
salocin
saloma
salome
salomon
salomon1
salon
saloni
salope
salsa
salsa123
salsabila
salsal
salsero
saltanat
saltlake
saltwater
salty
saltydog
salut
salut123
salute
salvacion
salvador
salvador1
salvador12
salvador13
salvador2
salvaje
salvation
salvation1
salvatore
salvatore1
salvo
salzburg
sam12345
sam123456
samadhi
samael
samana
samanta
samanta1
samantha
samantha!
samantha.
samantha01
samantha06
samantha07
samantha08
samantha09
samantha1
samantha10
samantha11
samantha12
samantha123
samantha13
samantha14
samantha15
samantha16
samantha17
samantha18
samantha19
samantha2
samantha20
samantha21
samantha22
samantha23
samantha3
samantha4
samantha5
samantha6
samantha69
samantha7
samantha8
samantha9
samara
samarinda
samarkand
samarth
samatron
samaya
samba
sambo
samboy
sambuca
sambuca1
sambuka
samdog
samedi
sameena
sameer
sameer123
sameera
samhain
samia
samiam
samiksha
samina
samir
samir123
samira
samisami
samitluiza
samitluiza1
sammer
sammi
sammi123
sammie
sammie01
sammie11
sammie12
sammie123
sammie13
sammy
sammy101
sammy111
sammy123
sammy1234
sammyboy
sammyboy1
sammycat
sammyd
sammydog
sammydog1
sammyjo
sammyjo1
sammys
samoa
samoan
samogon
samoht
samolet
samone
samosa
samourai
sampaguita
sampath
sampdoria
sample
sample123
sample1234
samples
sampoerna
sampras
sampson
sampson1
sampson2
samrat
samreen
samsam
samsam12
samsam123
samsamsam
samsara
samson
samson01
samson10
samson11
samson12
samson123
samsonite
samsuchonok
samsun
samsun55
samsung
samsung!
samsung.
samsung0
samsung01
samsung09
samsung1
samsung10
samsung11
samsung12
samsung123
samsung13
samsung14
samsung2
samsung21
samsung22
samsung23
samsung3
samsung4
samsung5
samsung6
samsung69
samsung7
samsung8
samsung88
samsung9
samtheman
samtron
samtron1
samual
samuel
samuel01
samuel02
samuel07
samuel08
samuel09
samuel10
samuel100
samuel11
samuel12
samuel123
samuel1234
samuel12345
samuel13
samuel14
samuel15
samuel21
samuel22
samuel23
samuel99
samuele
samuelito
samurai
samurai1
samurai7
samuraix
samuray
samvel
samwise
sanandreas
sanandres
sanane
sanane123
sananelan
sananto
sananto210
sanantonio
sanasana
sancarlos
sanches
sanchez
sanchez1
sanchez12
sanchez123
sanchez13
sanchez2
sanchita
sancho
sanctuary
sandal
sandals
sandara
sandberg
sandberg5
sandbox
sandee
sandeep
sandeep1
sandeep123
sander
sanders
sanders1
sanders20
sanders21
sanderson
sandesh
sandgrouse
sandhu
sandhya
sandi
sandia
sandie
sandiego
sandiego1
sandiego13
sandiego61
sandip
sandler
sandman
sandman1
sandman2
sandokan
sandor
sandoval
sandoval1
sandpiper
sandra
sandra01
sandra10
sandra11
sandra12
sandra123
sandra13
sandra14
sandra15
sandra18
sandra21
sandra22
sandra23
sandra69
sandrina
sandrine
sandrita
sandro
sandrock
sandstorm
sandwich
sandwich1
sandy
sandy123
sandy1234
sandydog
sandydog1
sandys
sanek
sanford
sanford1
sanfran
sanfran1
sanfran49
sanfrancisco
sangam
sangeeta
sangeetha
sangha
sangita
sanglier
sangohan
sangoku
sangre
sangria
sanguine
sanibel
sanika
sanity
saniya
sanjana
sanjar
sanjay
sanjay123
sanjeev
sanjo
sanjo408
sanjose
sanjose1
sanjose408
sanju
sanju123
sanjuan
sanjuan1
sankar
sanket
sanlorenzo
sanluis
sanluis1
sanmarcos
sanmartin
sanmiguel
sanosuke
sanpedro
sanpedro1
sanrio
sans2010
sansan
sansiro
sanson
sansone
santa
santa123
santaclara
santaclaus
santacruz
santacruz1
santafe
santafe1
santamaria
santana
santana1
santana2
santander
santarosa
santas
santeria
santhi
santhosh
santi
santi123
santiago
santiago1
santiago12
santiago123
santiago2
santillan
santina
santino
santino1
santo
santodomingo
santorini
santos
santos10
santos12
santos123
santos13
santos14
santosh
santosh123
santoshi
santro
sanya
sanyika
saoirse
saopaulo
saosin
sapana
sapato
sapfir
saphir
saphira
saphira1
saphire
saphire1
sapito
sapper
sapphire
sapphire1
saprissa
saputra
saqartvelo
sara1234
sara2000
sara7272
saraba
saracen
sarada
sarafina
sarah
sarah101
sarah123
sarah1234
saraha
sarahann
sarahb
sarahg
sarahh
sarahi
sarahj
sarahjane
sarahjane1
sarahm
sarahs
sarajane
sarajevo
sarajevo1
sarala
saralee
sarang
saranghae
saranghe
saranya
sarasa
sarasara
sarasota
sarasota1
saraswathi
saraswati
sarath
saratoga
saratoga1
saratov
saravana
saravanan
saravn
sardar
sardegna
sardine
sardor
saregama
saretta
sarge
sargent
sargent1
sargento
sargodha
sarika
sarina
sarinha
sarinka
sarita
saritha
sarkar
sarkar123
sarkis
sarmat
sarmiento
saroja
sarojini
sarrah
sarthak
saruman
sarumi
sarumi101
sarvesh
sasa1234
sasanext
sasasa
sasasasa
sascha
sasha
sasha007
sasha111
sasha123
sasha1234
sasha12345
sasha1987
sasha1988
sasha1989
sasha1990
sasha1991
sasha1992
sasha1993
sasha1994
sasha1995
sasha1996
sasha1997
sasha1998
sasha1999
sasha2000
sasha2001
sasha2002
sasha2003
sasha2010
sasha2011
sasha777
sasha_007
sashaa
sashadog
sashas
sashasasha
sashenka
sashimi
sashka
sashok
sasikala
sasin
sasin414
sasiska
saskia
sasori
sasquatch
sasquatch1
sassafras
sassari
sassas
sassi
sassi123
sassie
sassy
sassy101
sassy123
sassy1234
sassycat
sassycat1
sassydog
sassygirl
sassygirl1
sasuke
sasuke01
sasuke10
sasuke101
sasuke11
sasuke12
sasuke123
sasuke1234
sasuke13
sasuke14
sasuke15
sasuke22
sasuke23
sasukeuchiha
sasusaku
sataieva.elinka
satan
satan123
satan666
satana
satana666
satanas
satanas666
satanic
satanic666
satchel
satchmo
satchmo1
satelite
satellite
satellite1
satguru
satheesh
sathish
sathya
satine
satisfaction
satish
sativa
satnam
satori
satoshi
satria
satriani
satriani1
satsuki
satsuma
sattorov-q
saturday
saturday1
saturn
saturn01
saturn12
saturne
saturno
saturnus
satya
satyam
saucisse
saudade
saudades
saufen
saulito
saulute
saumya
saunders
saunders1
saurabh
saurav
sauron
sausage
sausage1
sausages
sausages1
savage
savage12
savage123
savage23
savana
savanah
savanah1
savanna
savanna1
savannah
savannah01
savannah07
savannah08
savannah1
savannah10
savannah11
savannah12
savannah13
savannah2
savannah3
savannah4
savannah5
savannah7
savatage
saved
saveme
savemoney
saverio
savina
saving
savings
saviola
savior
saviour
saviour1
savita
savitha
savithri
savitri
sawdust
sawsaw
sawsaw1212
sawyer
saxaphone
saxena
saxman
saxofon
saxon
saxophone
saxophone1
sayang
sayang12
sayang123
sayang87
sayang88
sayang89
sayang90
sayangkamu
sayangku
sayangku1
sayangmama
sayank
sayonara
saysay
sayuri
saywhat
saywhat1
sb123456
sbaby
sbally
sbally_64
sc00by
sc00byd
sc00byd00
sc00ter
sc0tland
scales
scammer
scamp
scamper
scamper1
scampi
scampy
scandal
scania
scanner
scanner1
scarab
scarabeo
scarecrow
scarecrow1
scared
scareface
scareface1
scarface
scarface1
scarface10
scarface11
scarface12
scarface13
scarface2
scarface21
scarface23
scarface3
scarface5
scarface69
scarface7
scarlet
scarlet1
scarlett
scarlett1
scary
scene
scenic
sceptre
sch00l
schaap
schach
schaefer
schalke
schalke04
schastie
schatje
schatten
schatz
schatz123
schatzi
schatzi1
schatzie
schecter
schecter1
scheisse
scheisse1
schilf
schilf02
schiller
schizzo
schlampe
schlampe1
schlange
schlumpf
schmetterling
schmidt
schmidt1
schmoo
schnauzer
schnecke
schnecke1
schnee
schneider
schneider1
schnitzel
schnucki
schnuffel
schnuffi
schnulli
schoko
schokolade
scholar
scholes
scholes18
school
school01
school07
school08
school09
school10
school101
school11
school12
school123
school1234
school13
school14
school22
school23
schoolboy
schoolboy1
schoolbus
schoolbus1
schoolgirl
schools
schoolsucks
schooner
schranz
schroeder
schubert
schule
schultz
schultz1
schumacher
schumi
schuster
schuyler
schwanz
schwartz
schwarz
schweden
schwein
schweini
schweiz
schwimmen
science
science1
scientist
scimitar
scimmia
scipio
scirocco
scissors
scissors1
sclub
scoala
scofield
scoobie
scoobie1
scooby
scooby-doo
scooby01
scooby08
scooby10
scooby11
scooby12
scooby123
scooby13
scooby14
scooby21
scooby22
scooby23
scooby69
scoobyd
scoobyd00
scoobydo
scoobydoo
scoobydoo1
scoobydoo2
scoobydoo3
scoobydoo7
scoop
scoot
scooter
scooter!
scooter01
scooter1
scooter10
scooter11
scooter12
scooter123
scooter13
scooter2
scooter22
scooter23
scooter3
scooter4
scooter5
scooter6
scooter69
scooter7
scooter8
scooter9
scooters
scooty
scopare
score
scorpian
scorpio
scorpio1
scorpio11
scorpio12
scorpio123
scorpio13
scorpio2
scorpio21
scorpio3
scorpio69
scorpio7
scorpio8
scorpio9
scorpion
scorpion1
scorpion12
scorpion13
scorpion2
scorpion7
scorpione
scorpions
scorpions1
scotch
scotia
scotland
scotland1
scott
scott123
scottie
scottie1
scottish
scotts
scotty
scotty01
scotty12
scotty123
scoubidou
scouse
scouser
scout
scout123
scouting
scouts
scrabble
scrabble1
scranton
scrap
scrapbook
scrapper
scrapper1
scrappy
scrappy1
scrappy12
scrappy123
scrappy13
scrappy2
scratch
scratch1
scratchy
scraty
scraty98
scream
scream123
screamer
screamo
screamo1
screen
screwed
screwed1
screwu
screwyou
screwyou1
screwyou2
script
scroll
scrooge
scrubs
scruff
scruffy
scruffy1
scruffy123
scruffy2
scrumpy
scuba
scubadiver
scuderia
scully
scumbag
scumbag1
scuola
scvmofas
scvmofas79
sczouvie
sczouvie26
sd123456
sdf7asdf6asdg8df
sdf7asdf6asdg8df1
sdfghj
sdfghjkl
sdfsdf
sdfsdfsd
sdfsdfsdf
sdream
sdsadee
sdsadee23
sdsdsd
sdsdsdsd
seabass
seabass1
seabee
seabreeze
seadog
seadoo
seafood
seafood1
seagate
seagull
seagull1
seagulls
seahawk
seahawk1
seahawks
seahawks1
seahorse
seahorse1
sealord
sealteam
sealteam6
seaman
seamus
sean1234
seanjohn
seanjohn1
seanpaul
seanpaul1
seansean
searay
search
search123
searcher
searching
seasea
seashell
seashell1
seashells
seashore
seaside
seaside1
season
seasons
seatibiza
seatleon
seattle
seattle1
seattle206
seaways
seaweed
seaweed1
seawolf
seaworld
sebas
sebas123
sebast
sebastia
sebastian
sebastian.
sebastian0
sebastian1
sebastian106
sebastian12
sebastian123
sebastian2
sebastian3
sebastian5
sebastian7
sebastian8
sebastian9
sebastiano
sebastiao
sebastien
sebastien1
sebring
sebring1
seccion
seccion33
second
seconds
secondstomars
secret
secret00
secret007
secret01
secret08
secret10
secret101
secret11
secret12
secret123
secret1234
secret13
secret21
secret22
secret23
secret24
secret666
secret69
secret77
secret99
secreta
secretaria
secretary
secreto
secreto1
secretos
secrets
secrets1
section
section1
section8
sector
secure
secured
securite
security
security1
sedona
seduction
seductive
seedorf
seedsnipe
seekbang
seekbang1
seeker
seeking
seema
seesaw
seetha
seether
seether1
seeyou
sefa1986
segovia
segredo
segreta
segreto
segun
segundo
segura
segura88
seguridad
seguro
sehnsucht
seifer
seigneur
seinfeld
seinfeld1
sekhar
sekolah
sekret
sektor
selamanya
selamat
selassie
selassie1
select
selena
selena11
selena12
selena123
selena13
selenagome
selenagomez
selene
selfish
selfish1
selfmade
selfmade1
selim
selim2010
selina
seller
selma
selmer
selvaggia
selvam
semaj
semangat
semarang
sembarang
sembilan
semen
semenov
semenova
semeolvido
semina-alina
seminole
seminole1
seminoles
seminoles1
semper
semperf
semperf1
semperfi
semperfi1
sempre
sempron
sempurna
semsem
semsenha
senate
senator
senator1
senators
sender
seneca
senegal
senegal1
senerity
senha
senha123
senhas
senhasenha
senior
senior04
senior05
senior06
senior07
senior08
senior09
senior10
senior11
senior12
senior2008
senior2009
senior2010
senior2011
seniors
seniors06
seniors07
seniors08
seniors09
seniseviyoru
seniseviyorum
senna
senorita
sensation
sensation1
sensei
sensesfail
sensitive
sensizim
sensor
sensual
senthil
sentinel
sentnece
sentra
sentry
senveben
seo12345
seo123456
seo21saafd
seo21saafd23
seos1234
sepatu
sephiroth
sephiroth1
sephiroth7
sephora
seppel
septembe
september
september0
september1
september11
september12
september13
september2
september21
september22
september23
september3
september4
september5
september6
september7
september8
september9
septembre
septembrie
septiembre
sepultura
sepultura1
sequoia
sequoia1
ser12345
ser123456
ser_kuzmin
serafim
serafima
serafin
serafina
serafina14
serafino
seraph
seraphim
serash
serash2240
serban
serban24
serbia
sercan
serdar
serdce
serduszko
serebro
sereda
serega
serega-cash
serega123
serega777
serega_torov
seregakalygin
seregjvich
sereja
serena
serena12
serenade
serendipit
serendipity
serene
serenella
serenity
serenity1
serenity12
serenity2
serenity3
serenity7
sereno
serfeliz
serg-ks
serg-ks.87
serg-niki
serg-niki20
serg.aleg
sergan
sergan11
sergant
sergdock
serge
sergeant
sergeev
sergeev2212
sergeeva
sergeevna
sergeevna_10.10.91
sergei
sergei1986inna
sergei_man
sergei_man9
sergej
sergej_de_sad
sergent
sergey
sergey-ivanov
sergey-personal
sergey.lushnikoff
sergey.melnik
sergey.melnik-1996
sergey123
sergey_brrr
sergey_brrr24
sergik
serginho
sergio
sergio-emperior
sergio.b
sergio.b93
sergio01
sergio10
sergio11
sergio12
sergio123
sergio13
sergiu
sergserg
serhat
serial
series
serikpaevna
serikpaevna_92
serina
serious
serious1
seriously
serj-gr
serj-gr1966
serkan
seronoser
serova
serova2008
serpa
serpent
serpent1
serpente
serpico
serpiente
serrano
serrano1
serser
serseri
serval
servant
servant1
server
server123
service
service1
service45
services
servis
servus
sesame
sesamo
sesese
sesshomaru
sesshoumaru
session
sesso
sestra
setembro
setiawan
setsuna
settembre
setter
setting
settings
settle
sevastopol
seven
seven777
sevendust
sevenfold
sevenof
sevenof9
sevens
sevenseven
seventeen
seventeen1
seventeen17
seventy
seventy7
sevenup
severin
severina
severine
severino
severus
sevgeyq9v7kor
sevgilim
sevilla
sevilla1
sevillafc
seville
seviyorum
sewewf
sewing
sex12345
sex123456
sex4life
sex4me
sexbomb
sexbomb1
sexboy
sexesexe
sexgod
sexie
sexiest
sexiest1
sexii
sexii123
sexisfun
sexisgood
sexisgood1
sexkitten
sexkitten1
sexlover
sexmachine
sexman
sexme
sexmeup
sexonthebeach
sexosexo
sexpistols
sexpot
sexsex
sexsex123
sexsex69
sexsexsex
sexsexsex1
sexton
sextoy
sextrime
sextrime1
sexual
sexual69
sexxi
sexxx
sexxxx
sexxxy
sexxy
sexy1234
sexy12345
sexy123456
sexy2006
sexy2007
sexy2008
sexy2009
sexy2010
sexy4ever
sexy4life
sexy4u
sexy4you
sexy6969
sexy_julija
sexyako
sexyangel
sexyangel1
sexyass
sexyass1
sexyb
sexybabe
sexybabe1
sexybabe12
sexybaby
sexybaby1
sexybaby12
sexybaby2
sexyback
sexyback1
sexyback12
sexyback2
sexybeast
sexybeast!
sexybeast1
sexybeast2
sexybitch
sexybitch!
sexybitch0
sexybitch1
sexybitch2
sexybitch3
sexybitch4
sexybitch5
sexybitch6
sexybitch7
sexybitch9
sexyblack
sexyblack1
sexyblack2
sexyboi
sexyboi1
sexyboo
sexyboo1
sexyboy
sexyboy1
sexyboy12
sexyboy123
sexyboy13
sexyboy2
sexybum
sexycani
sexycani1
sexychick
sexychick1
sexydiva
sexydiva1
sexyeyes
sexygal
sexygirl
sexygirl!
sexygirl01
sexygirl09
sexygirl1
sexygirl10
sexygirl11
sexygirl12
sexygirl13
sexygirl14
sexygirl15
sexygirl16
sexygirl2
sexygirl23
sexygirl3
sexygirl5
sexygirl69
sexygirl7
sexygirl9
sexygirls
sexygirls1
sexygurl
sexygurl1
sexygurl12
sexygurl2
sexyguy
sexyguy1
sexylady
sexylady1
sexylady12
sexylady2
sexylegs
sexylexy
sexylove
sexylove1
sexylove12
sexylove2
sexyma
sexymama
sexymama!
sexymama1
sexymama10
sexymama11
sexymama12
sexymama13
sexymama2
sexymama3
sexymama69
sexymami
sexymami1
sexymamma
sexymamma1
sexyman
sexyman1
sexyman123
sexyman2
sexyme
sexyme123
sexymom
sexymom1
sexymomma
sexymomma1
sexyness
sexyness1
sexyone
sexyone1
sexyred
sexyred1
sexysexy
sexysexy1
sexyt
sexythang
sexythang1
sexything
sexything1
sexytime
sexytime1
sexytime69
seychelles
seymour
seymour1
seyxe44hca
seznam
sf49ers
sfasdfsdfa
sfgiants
sfqc8zi5d
sfring
sfring31
sgdhhfc4x
sgdhhfc4x2
sgtrsgh
sgydvntep
sh0pping
sh0rty
sh123456
sh1thead
sh_o_a
sh_o_a_2013
sha22una
shaaba
shabana
shabba
shabbir
shabby
shabnam
shad0w
shaddy
shade
shades
shadi
shadmoss
shadmoss1
shadow
shadow00
shadow007
shadow01
shadow02
shadow0262
shadow03
shadow04
shadow05
shadow06
shadow07
shadow08
shadow09
shadow10
shadow101
shadow11
shadow12
shadow123
shadow1234
shadow13
shadow14
shadow15
shadow16
shadow17
shadow18
shadow19
shadow20
shadow21
shadow22
shadow23
shadow24
shadow25
shadow26
shadow27
shadow28
shadow32
shadow33
shadow420
shadow44
shadow45
shadow55
shadow66
shadow666
shadow69
shadow77
shadow777
shadow87
shadow88
shadow89
shadow90
shadow91
shadow92
shadow93
shadow94
shadow95
shadow98
shadow99
shadowcat
shadowfax
shadowman
shadowman1
shadows
shadows1
shadrach
shady
shady123
shafiq
shaggy
shaggy12
shaggy123
shaggy2dop
shaggy69
shagufta
shahbaz
shaheen
shahid
shahida
shahin
shahnaz
shahrukh
shahrukhkhan
shahzad
shaikh
shaila
shailendra
shailesh
shaina
shaine
shaira
shaka
shakademous
shakal
shake
shakeel
shakeit
shakeit1
shaker
shakes
shakespear
shakespeare
shakey
shakila
shakir
shakira
shakira1
shakira123
shakmakovataisiya
shakmakovataisiya1992
shakthi
shakti
shakuntala
shakur
shalimar
shalini
shalom
shalom123
shaman
shamanking
shamar
shambala
shameless
shameless1
shamil
shamim
shammi
shammy
shampoo
shampoo1
shamrock
shamrock1
shamus
shana
shana123
shanae
shanda
shandy
shane
shane123
shanel
shanell
shanell1
shanelle
shaner
shanes
shaney
shaney14
shanghai
shanghai1
shangrila
shania
shanice
shanice1
shanika
shaniqua
shaniya
shaniya1
shankar
shanker
shanks
shanky
shann0n
shanna
shannara
shannen
shannon
shannon!
shannon01
shannon1
shannon10
shannon11
shannon12
shannon123
shannon13
shannon2
shannon21
shannon22
shannon3
shannon4
shannon5
shannon6
shannon69
shannon7
shannon8
shannon9
shanny
shanon
shanshan
shanta
shantanu
shante
shantel
shantel1
shantell
shantell1
shanthi
shanti
shanty
shaolin
shaolin1
shaquille
shaquille1
shaquillesecx
shaquillesecx10
shar-vin
sharad
sharada
sharan
sharapova
sharda
share
shareaza
sharif
sharik
sharingan
sharingan1
shark
shark123
sharkbait
sharkboy
sharkey
sharks
sharky
sharlene
sharma
sharma123
sharmaine
sharmaine005foskett
sharmaine005foskett6071988
sharmila
sharon
sharon01
sharon11
sharon12
sharon123
sharona
sharp
sharpay
sharpe
sharpei
sharpie
sharpie1
sharron
shasha
shasha123
shashank
shashi
shasta
shaun
shaun123
shauna
shaved
shavon
shawn
shawn123
shawna
shawnee
shawnee1
shawshank
shawty
shawty10
shawty12
shawty123
shawty13
shayan
shayla
shaylee
shayna
shayne
shayne123
shayshay
shayshay1
shayshay12
shazam
shazia
shea019bernabei
shea019bernabei1992
shearer
shearer1
shearer9
shearwater
sheba
sheba123
sheba417yorck1986vxm
sheba417yorck1986vxm7
sheckler
sheckler1
shedevil
sheeba
sheela
sheena
sheep
sheep123
sheepdog
sheeps
sheepy
sheetal
sheffield
sheffield1
sheikh
sheila
sheila123
shekhar
shekinah
shelbie
shelbie1
shelby
shelby01
shelby06
shelby07
shelby08
shelby10
shelby11
shelby12
shelby123
shelby13
shelby14
shelby15
shelby22
shelby500
shelby67
shelby69
shelby99
shelbygt
shelbygt500
sheldon
sheldon1
shelia
shell
shell123
shella
shelley
shelley1
shellie
shellie1
shells
shelly
shelly12
shelly123
shelter
shelter1
sheltie
shelton
shelton1
shemale
shemale1
shenlong
shenmue
shepard
shepard1
shepherd
shepherd1
sheppard
sheraton
sherbert
sherbert1
sheree
shereen
sheridan
sheridan1
sherif
sheriff
sheriff1
sherin
sherlock
sherlock1
sherly
sherlyn
sherman
sherman1
sherpa
sherri
sherrie
sherrie1
sherry
sherry123
sherwin
sherwin1
sherwood
sherwood1
sheryl
sherzod
sheshe
shesthe
shesthe1
shetland
sheva
shevchenko
shevcov_alesha
sheyla
shianne
shianne1
shibby
shiela
shield
shields
shift
shifty
shikamaru
shikamaru1
shikha
shilard
shilo
shiloh
shilpa
shilpi
shimano
shimmer
shimmer1
shimmy
shinchan
shine
shine123
shinedown
shinedown1
shinee
shiner
shines
shingo
shinhwa
shinichi
shinigami
shinigami1
shining
shiningeagle
shinji
shinobi
shinobi1
shinoda
shinoda1
shinta
shipping
shippo
shippuden
shippuden1
shippuuden
shipra
shirankova
shirankova42
shiraz
shireen
shirin
shirley
shirley1
shirshov
shirshov.1968
shisha
shishi
shishmarev
shishmarev76
shit1234
shital
shitass
shitass1
shitbag
shitbag1
shitface
shitface1
shitface2
shitfuck
shitfuck1
shithappen
shithappens
shithead
shithead!
shithead1
shithead12
shithead2
shithead3
shithead69
shithole
shithole1
shitshit
shitshit1
shitter
shitter1
shitty
shiva
shiva123
shivaji
shivam
shivan
shivangi
shivani
shivbaba
shiver
shivers
shivji
shiznit
shiznit1
shiznits
shizzle
shizzle1
shkola
shmily
shoaib
shobha
shock
shocker
shocker1
shockwave
shodan
shoebox
shoelace
shoelace1
shoes
shoes123
shogun
shokolad
shokoladka
shona
shonda
shoot
shooter
shooter1
shooters
shooting
shootingstar
shopaholic
shopgirl
shopper
shopper1
shopping
shopping!
shopping1
shopping12
shopping2
short
shortcake
shortcake1
shortie
shortie1
shorts
shortstop
shortstop1
shortstuff
shorty
shorty#1
shorty01
shorty06
shorty07
shorty08
shorty09
shorty10
shorty101
shorty11
shorty12
shorty123
shorty1234
shorty13
shorty14
shorty15
shorty16
shorty17
shorty18
shorty19
shorty20
shorty21
shorty22
shorty23
shorty24
shorty25
shorty69
shorty77
shorty88
shortys
shortys1
shosho
shot1kill
shotgun
shotgun1
shotgun12
shotgun2
shotokan
shotokan1
shotta
shovel
shovelhead
showbiz
showdown
shower
showme
showmethemoney
showtime
showtime1
shponka
shponka35
shraddha
shradha
shravani
shredder
shredder1
shree
shree420
shreeganesh
shreeji
shreeram
shrek
shrek123
shrestha
shreya
shreyas
shriganesh
shrikant
shrikrishna
shrimp
shrink
shriram
shroom
shrooms
shrooms1
shruthi
shruti
shubha
shubham
shubhangi
shuffle
shuffle1
shuhrat
shuhrat007
shukla
shukshinasveta
shukurova-ismigu
shumaher
shumaila
shunia
shunia0505
shurik
shuriken
shushu
shutdown
shutter
shuttle
shutup
shutup12
shutup123
shweta
shyamala
shyann
shyanne
shyanne1
shygirl
shygirl1
shyguy
shyshy
sialkot
siamese
sibelius
siberia
siberian
sibiryak
sibiryak5
sicherheit
sicilia
siciliano
sicily
sickboy
sickness
sickness1
siddhant
siddharth
siddhartha
siddhi
siddhu
siddiqui
sidekick
sidekick08
sidekick1
sidekick2
sidekick3
sideshow
sidewalk
sideways
sidewinder
sidharth
sidney
sidney12
sidonie
sidorenko
sidorov
sidorova
sidorow
sidorow64
sidorval
sieben
siegfried
siegheil
siegheil88
siemens
siemens1
siemens123
siempre
siempre1
sienna
sierra
sierra01
sierra10
sierra11
sierra117
sierra12
sierra123
sierra13
sierra99
siesta
siete
sieuwaprd
sig53num
sigaretta
sigma
sigmachi
sigmund
signal
signature
signin
signup
sigora
sigora79
sigreic
sigrid
siiifonjiknalivai
sikander
silakova.nadezhda
silakova.nadezhda.2012
silantyi
silantyi1987
silas
silenakriv
silence
silence1
silencer
silencio
silent
silent13
silenthill
silentium
silicon
silkroad
silky
silly
silly123
sillybilly
sillygirl
sillygirl1
sillygoose
sillyme
silmaril
silva
silva123
silvana
silvana1
silvano
silver
silver00
silver01
silver10
silver11
silver12
silver123
silver13
silver14
silver16
silver17
silver18
silver21
silver22
silver23
silver24
silver25
silver33
silver69
silver77
silver88
silver99
silverado
silverado1
silverado2
silverback
silverchair
silverfish
silverfox
silverfox1
silverio
silverkey
silverkey3
silvermoon
silverstar
silverstone
silversurfer
silverwolf
silvester
silvestre
silvestro
silvia
silvia123
silvietta
silvina
silvio
silviu
simakov_evg
simba
simba123
simbacat
simbad
simbas
simcity
simcity4
simens
simeon
simmons
simmons1
simon
simon123
simona
simone
simone01
simone11
simone12
simone123
simonetta
simonka
simonoff-dj
simonona
simonova
simonova5570
simonova_lyudmila
simonova_lyudmila_73
simonovskiy
simonovskiy1970
simons
simonsays
simorodok
simorodok62
simple
simple01
simple11
simple12
simple123
simple23
simplegirl
simpleman
simpleplan
simplicity
simply
simplyme
simpson
simpson1
simpsons
simpsons1
simpsons12
simpsons2
simran
simsalabim
simsim
simson
sin-gulya
sinaloa
sinaloa1
sinaloa13
sinatra
sinatra1
sinbad
sincere
sincere1
sincity
sincity1
sinclair
sinclair1
sindhu
sinead
sinful
singapore
singapore1
singapur
singel
singer
singer12
singer123
singh
singh123
singhisking
singing
singing1
single
single01
single07
single08
single09
single10
single101
single11
single12
single123
single13
single14
single15
single16
single18
single2010
single21
single22
single23
single69
singleagain
singlelady
singlelife
singlemom
singles
singleton
singsing
singsong
sinister
sinister1
sinned
sinner
sinsin
sinterklaas
siobhan
siobhan1
siopao
siouxsie
sipfhair
siracusa
sirazhdinov.shamil
sirena
sirene
sirenita
sirik
sirik010875
sirisha
sirius
sirocco
sisisi
sissi
sissie
sissy
sissy123
sistem
sistema
sistemas
sister
sister11
sister12
sister123
sisters
sisters1
sisters2
sisters3
sisters4
sitaram
sithlord
sithlord1
sivakumar
sivas
sivasiva
sivenkovklin
six6six
sixela
sixers
sixflags
sixflags1
sixkids
sixpack
sixpack1
sixsix
sixsixsix
sixteen
sixteen1
sixteen16
sixty
sixtynine
sixtynine6
sizzla
sizzle
sj811212
sjiecj1a9x
sk123456
sk84ever
sk84life
sk8board
sk8er
sk8er4life
sk8erboi
sk8erboy
sk8erdude
sk8ergirl
sk8ers
sk8forlife
sk8ing
sk8mafia
sk8ordie
sk8r4life
sk8sk
sk8ter
sk8terboi
sk8terboy
sk8tergirl
ska02ska
skadden
skank
skank123
skanky
skaska
skate
skate101
skate123
skate1234
skate420
skate4ever
skate4life
skate666
skateboard
skateboard1
skateboarding
skateordie
skater
skater01
skater09
skater10
skater101
skater11
skater12
skater123
skater1234
skater13
skater14
skater15
skater16
skater17
skater18
skater21
skater22
skater23
skater24
skater32
skater4lif
skater69
skater88
skater99
skaterboy
skaterboy1
skaterboy2
skaterdude
skaters
skaters1
skates
skating
skating1
skazka
skeet
skeeter
skeeter1
skeeter2
skeleton
skeleton1
skeletor
skelitor
skelitor66
skeptron
sketch
skibum
skidoo
skidrow
skidrow1
skiffy
skiing
skikda
skillet
skillet1
skills
skills12
skillz
skincare
skinhead
skinhead1
skinhead69
skinhead88
skinner
skinner1
skinny
skins
skipper
skipper1
skipper123
skipper2
skippy
skippy01
skippy11
skippy12
skippy123
skittle
skittle1
skittles
skittles!
skittles1
skittles10
skittles11
skittles12
skittles13
skittles14
skittles2
skittles3
skittles4
skittles5
skittles69
skittles7
skittlez
skittlez1
skizzo
skoal
skoda
skolko
skooter
skooter1
skopje
skorpio
skorpion
skorpion1
skorpions
skorpions23.5
skrillex
skrip-natalya
skripka
skull
skull123
skullcandy
skulls
skully
skumar
skunk
skunky
skyblue
skyblue1
skydive
skydive1
skydiver
skyfire
skyhawk
skyhigh
skyking
skylar
skylark
skylark1
skyler
skyler12
skyler123
skylight
skyline
skyline1
skyline12
skyline123
skyline2
skyline3
skyline34
skyline7
skylinegtr
skyliner
skyliner33
skyliner34
skynet
skynyrd
skyrim
skysky
skywalker
skywalker1
sl1pkn0t
sl1pknot
slacker
slacker1
sladkaya
slainte
slalom
slam1984
slamdunk
slamdunk1
slammer
slammer1
slankers
slapnuts
slapper
slappy
slapshock
slapshot
slapshot1
slaptasis
slash
slash123
slasher
slasher1
slastenka
slastenka93
slater
slaughter
slaughter1
slava
slava-45
slava.grinco
slava123
slava_kulbidyuk
slave
slavia
slavik
slavik200887
slavka
slawek
slayer
slayer01
slayer11
slayer12
slayer123
slayer13
slayer66
slayer666
slayer69
slayers
slbenfica
sledge
sleep
sleeper
sleeper1
sleeping
sleeping1
sleepy
sleepy13
slick
slick123
slickrick
slickrick1
slider
sliders
slideshow
slifer
slim1970
slime
slimer
slimjim
slimjim1
slimshady
slimshady1
slimthug
slimthug1
slingshot
slinky
slipchenko
slipchenko2004
slipkn0t
slipknot
slipknot!
slipknot.
slipknot0
slipknot01
slipknot1
slipknot10
slipknot11
slipknot12
slipknot123
slipknot13
slipknot14
slipknot2
slipknot21
slipknot22
slipknot3
slipknot4
slipknot5
slipknot6
slipknot66
slipknot666
slipknot69
slipknot7
slipknot8
slipknot9
slipper
slipper1
slippers
slippers1
slippery
slippery1
slippy
sliver
slniecko
sloane
sloboda
slobodan
sloeber
slonce
sloneczko
sloneczko1
slonenok
slonenok1009
slonik
slonko
sloppy
slovakia
slovan
slovenija
slovensko
slowhand
slowpoke
slugger
slugger1
sluggo
slunce
slunicko
slurpee
slurpee1
slutbag
slutbag1
slutface
slutface1
sluts
slutty
slyfox
slytherin
sm.karat
sm0key
sm123456
smack
smackdown
smackdown1
smackdown2
smackthat
smackthat1
smail.ru
smail2u
small
smallboy
smallfry
smalll
smalls
smallville
smart
smart123
smart4u
smartass
smartass1
smartboy
smartest
smartest1
smartgirl
smartguy
smartie
smartie1
smarties
smarties1
smartone
smarts
smarty
smash
smasher
smashing
smashing1
smb0512bz
smeagol
smeghead
smeghead1
smegma
smelly
smelly123
smellycat
smellycat1
smetana
smile
smile0_0
smile101
smile123
smile1234
smile4ever
smile4me
smile4u
smilee
smiler
smiles
smiles12
smiles123
smiles4u
smilesmile
smiley
smiley01
smiley10
smiley101
smiley11
smiley12
smiley123
smiley13
smiley14
smiley22
smiley23
smiley69
smileyface
smiling
smiling1
smilla
smirl
smirnoff
smirnoff1
smirnov
smirnova
smith
smith123
smitha
smithers
smiths
smithy
smiti
smitty
smoke
smoke123
smoke420
smokepot
smoker
smoker420
smokes
smokeweed
smokeweed1
smokeweed4
smokey
smokey01
smokey07
smokey08
smokey09
smokey10
smokey101
smokey11
smokey12
smokey123
smokey13
smokey14
smokey15
smokey16
smokey21
smokey22
smokey23
smokey420
smokey69
smokey77
smokey88
smokey99
smokeyjoe
smokie
smokin
smokin420
smoking
smoking1
smoky
smolensk
smooch
smooches
smooches1
smoochie
smoochie1
smooth
smoothie
smoothie1
smoove
smores
smother
smriti
smudge
smudge123
smukke
smulan
smurf
smurfette
smurfs
smurfy
sn00py
sn0wball
sn0wman
sn1ckers
snacks
snails
snaiper
snake
snake123
snakebite
snakeeyes
snakeman
snakes
snapon
snapper
snapper1
snapple
snapple1
snappy
snapshot
snatch
sneaker
sneaker1
sneakers
sneakers1
sneaky
sneha
snehal
snicker
snicker1
snickers
snickers!
snickers01
snickers1
snickers11
snickers12
snickers13
snickers2
snickers22
snickers3
snickers4
snickers5
snickers7
snicket
sniffer
sniffles
sniffy
snikers
sniper
sniper01
sniper11
sniper12
sniper123
sniper13
sniper69
snipes
snipper
snitch
snivanie
snoogans
snook
snooker
snooker1
snooker147
snookie
snookie1
snooks
snookums
snooky
snoop
snoop123
snoopdog
snoopdog1
snoopdogg
snoopdogg1
snooper
snoops
snoopy
snoopy01
snoopy07
snoopy08
snoopy09
snoopy10
snoopy101
snoopy11
snoopy12
snoopy123
snoopy13
snoopy14
snoopy15
snoopy16
snoopy17
snoopy21
snoopy22
snoopy23
snoopy24
snoopy25
snoopy69
snoopy77
snoopy88
snoopy99
snooze
snoppy
snorre
snorre98
snow1234
snowangel
snowball
snowball1
snowball11
snowball12
snowball2
snowball3
snowball7
snowbell
snowbird
snowbird1
snowboard
snowboard1
snowboard2
snowboarding
snowbunny
snowbunny1
snowdog
snowdrop
snowey
snowfall
snowflake
snowflake1
snowflake2
snowflake3
snowflakes
snowhite
snowie
snowing
snowman
snowman1
snowman12
snowman123
snowman2
snowman3
snowman7
snowshoe
snowsnow
snowstorm
snowwhite
snowwhite1
snowy
snowy123
snuffles
snuffy
snuggle
snuggle1
snuggles
snuggles1
snuggles2
snyder
so2ekbc6r
soares
sobaka
sober
soboleva
sobriety
socal
socc3r
soccer
soccer#1
soccer00
soccer01
soccer02
soccer03
soccer04
soccer05
soccer06
soccer07
soccer08
soccer09
soccer10
soccer100
soccer101
soccer11
soccer12
soccer123
soccer1234
soccer13
soccer14
soccer15
soccer16
soccer17
soccer18
soccer19
soccer20
soccer2010
soccer21
soccer22
soccer23
soccer24
soccer25
soccer26
soccer27
soccer28
soccer29
soccer30
soccer31
soccer32
soccer33
soccer34
soccer35
soccer44
soccer45
soccer4lif
soccer55
soccer56
soccer66
soccer69
soccer77
soccer87
soccer88
soccer89
soccer90
soccer91
soccer92
soccer93
soccer94
soccer95
soccer96
soccer97
soccer98
soccer99
soccerball
soccerboy
soccerboy1
soccergirl
soccerman
soccerman1
soccermom
soccermom1
soccerstar
sochi
sochi2014
social
social12
social123
socialbook
socialwork
society
sociology
socks
socks123
socom
socool
socorro
socorro1
socrate
socrates
socrates1
socute
sodapop
sodapop1
sodikov.talat
sodiq
sodium
sodomie
soeusei
sofia
sofia123
sofiane
sofias
sofie
sofija
sofiya
sofly
sofresh
sofresh1
softail
softail1
softball
softball!
softball.
softball00
softball01
softball02
softball03
softball05
softball06
softball07
softball08
softball09
softball1
softball10
softball11
softball12
softball13
softball14
softball15
softball16
softball17
softball18
softball19
softball2
softball20
softball21
softball22
softball23
softball24
softball25
softball27
softball3
softball32
softball33
softball4
softball44
softball5
softball6
softball7
softball8
softball9
softball99
softtail
software
software1
sofya.kulikova
sofya.kulikova.87
sogevigdil
sogevigdil1981
sohail
soinlove
sojdlg123aljg
sokol
sokolik
sokolov
sokolova
sokrates
solace
solana
solange
solange1
solano
solar
solara
solare
solaris
solaris1
solcito
soldado
soldat
soldier
soldier1
soldier2
soldiers
solecito
soledad
soledad1
soleil
soleil12
soleil123
soleil13
soleluna
solene
solid
solidsnake
solidus
solidworks
solita
solitaire
solitaria
solitario
solitario1
solito
solitude
solnce
solnishko
solnyshko
solnze
solo7590
soloio
solomaha-denis
soloman
soloman1
solomon
solomon1
solomon123
solosolo
solotime
solotu
soloveibormalei
solovey
soloyo
solrac
solsol
solstice
soltera
soltero
solution
solution1
solutions
solutions1
solveig
solyluna
somalia
somanypickles
somanypickles27
sombra
sombrero
somebody
somebody1
someday
someday1
someone
someone1
somerset
somerset1
something
something1
something2
sometime
sometimes
sometimes1
somewhere
somierda
sommar
sommer
sommer07
sommer08
sommer09
sommer123
sonali
sonata
sondra
sone4ko
sonechka
sonechko
songbird
songbird1
songohan
songoku
songoku1
songs
sonia
sonia-91
sonia123
sonic
sonic123
sonicboom
sonics
sonicx
sonika
soniya
sonja
sonne
sonne123
sonnen
sonnenblume
sonnensche
sonnenschein
sonnie
sonny
sonny123
sonnyboy
sonnyboy1
sonofabitch
sonofgod
sonoio
sonoma
sonora
sonrisa
sonshine
sonson
sonu1234
sonumonu
sonusonu
sony1234
sonya
sonya200102
sonyericson
sonyericss
sonyericsson
sonysony
sonyvaio
sonyvaio1
sookie
sooner
sooners
sooners1
sooty
sooty123
sophia
sophia01
sophia07
sophia08
sophia10
sophia11
sophia12
sophia123
sophia13
sophie
sophie01
sophie05
sophie06
sophie07
sophie08
sophie09
sophie10
sophie11
sophie12
sophie123
sophie13
sophie14
sophie15
sophie21
sophie22
sophie23
sophie99
sophieytorf
sopli
soprano
soprano1
sopranos
sopranos1
soraya
sorcerer
sorciere
sorella
sorellina
sorento
soriano
sorina
soroka
sorokin
sorokina
sorokina-999-01
sorokina7778
sorpresa
sorrento
sorriso
sorrow
sorry
sorry123
sosexy
sosiska
soso123aljg
sosodef
sososo
sosososo
sossina
sossos
sosweet
soufeliz
soufiane
soukaina
soukayna
souleater
soulfly
soulfly1
soulfood
soulja
souljaboy
souljaboy1
souljaboy2
soulman
soulmate
soulmate1
soulmates
soulreaver
soumia
soumya
sound
sounds
soundwave
sourav
source
sourire
souris
sousou
south
south123
southafrica
southampton
southeast
southeast1
southend
southend1
southern
southern1
southgate
southpark
southpark1
southpark2
southpaw
southpole
southpole1
southpole2
southport
southsid
southsid3
southside
southside0
southside1
southside13
southside2
southside3
southside4
southside5
southside6
southside7
southside8
southside9
southwest
southwest1
souvenir
sovereign
soviet
sovin.sv
sowhat
sowjanya
sowmya
soyelmejor
soyfeliz
soylamejor
soyma.ivan
sp.zakaz
sp00ky
sp0ngeb0b
sp1der
sp1derman
space
space123
space1999
space4me
spaceball
spaceball1
spaceballs
spacebar
spacejam
spaceman
spaceman1
spacemy
spacemy1
spacer
spaces
spaceship
spaceship1
spacey
spade
spades
spagetti
spaghetti
spaghetti1
spagna
spain
spalding
spalding1
spamar
spamar33
spammer
spamspam
spania
spaniel
spanien
spanish
spanish1
spanish2
spank
spanking
spankme
spankme1
spanky
spanky01
spanky11
spanky12
spanky123
spanky13
spanky69
spanner
spanner1
sparco
sparda
sparhawk
spark
sparkey
sparkey1
sparkie
sparkie1
sparkle
sparkle1
sparkle123
sparkle2
sparkles
sparkles1
sparkplug
sparks
sparky
sparky01
sparky10
sparky101
sparky11
sparky12
sparky123
sparky13
sparky22
sparky23
sparky69
sparky99
sparrow
sparrow1
sparrows
sparta
spartacus
spartacus1
spartak
spartak1
spartak1922
spartan
spartan1
spartan117
spartan2
spartan300
spartan7
spartans
spartans1
sparten
sparten117
sparticus
sparty
spawn
spawn123
spawn666
speak2me
speaker
speaker1
speakers
speakers1
speakes
spears
special
special1
special123
special2
speciala
specialist
specialized
specialk
specialk1
speckles
specnaz
spection
spectra
spectre
spectrum
spectrum1
speech
speed
speed123
speeder
speedo
speedracer
speeds
speedster
speedtouch
speedway
speedway1
speedy
speedy01
speedy11
speedy12
speedy123
speedy13
spellbound
spelling
spence
spencer
spencer!
spencer01
spencer1
spencer11
spencer12
spencer123
spencer13
spencer2
spencer3
spencer4
spencer5
spencer7
spenser
speranta
speranza
sperma
spez3012
sphere
sphinx
spice
spice333
spicegirls
spicer
spices
spicey
spicy
spider
spider-man
spider01
spider10
spider11
spider12
spider123
spider13
spider21
spider22
spider23
spider69
spider99
spiderma
spiderman
spiderman!
spiderman.
spiderman0
spiderman1
spiderman12
spiderman123
spiderman2
spiderman3
spiderman4
spiderman5
spiderman6
spiderman7
spiderman8
spiderman9
spiderpig
spiderpig1
spiders
spiders1
spiderweb
spidey
spiegel
spierdalaj
spiffy
spike
spike123
spike1234
spiker
spikes
spikey
spill
spillo
spinach
spinner
spinner1
spinning
spinoza
spionin
spionin8688
spiral
spiridonmarkin
spiridonmarkin1982
spirit
spirit12
spirit123
spirits
spiritual
spirou
spitfire
spitfire1
spitsy
spitsy16
splash
spleen
splender
splendid
splendor
spliff
splinter
splinter1
splintercell
splodge
spock
spoiled
spoiled1
spokane
spokane1
spolana
spongbob
spongbob1
sponge
sponge12
sponge123
spongebob
spongebob!
spongebob.
spongebob0
spongebob1
spongebob12
spongebob123
spongebob2
spongebob3
spongebob4
spongebob5
spongebob6
spongebob7
spongebob8
spongebob9
spongecola
spook
spookie
spookie1
spooks
spooky
spooky12
spooky123
spooky13
spoon
spooner
spooner1
spoons
sport
sport123
sportage
sporting
sporting1
sports
sports10
sports101
sports11
sports12
sports123
sports13
sports21
sports22
sports23
sportsman
sportsmen
sportster
sportster1
sporty
sporu-netu
spotlight
spotlight1
spots
spotty
spread-hop
spring
spring01
spring06
spring07
spring08
spring09
spring10
spring11
spring12
spring123
spring938burston
spring938burston0001990
spring99
springbok
springer
springer1
springfield
springs
springsteen
springtime
sprinkle
sprinkles
sprinkles1
sprint
sprint01
sprinter
sprinter1
sprite
sprite12
sprite123
sprocket
sprocket1
sprout
spruce
spuddy
spunky
spurs
spurs123
sputnik
sputnik1
spuvd
spyder
sq8hm7l
sq8hm7l4
sqdwfe
squad
squadup
squadup1
squall
squalo
square
squash
squeak
squeaker
squeaky
squeaky1
squeek
squeeze
squid
squire
squires
squirrel
squirrel1
squirt
squirtle
squish
squishy
squishy1
sr20det
sraka
sraka105
sravani
sravanthi
srbija
srcuqq1_2j1h3rbf
sredina-va
sreedevi
sridevi
sridhar
sriganesh
srikanth
srikrishna
srilanka
srilanka1
srilatha
srinivas
srinivasa
srinivasan
sriram
srirama
srisai
srisairam
srisri
srivastava
sruthi
ss123456
ss23081937
ss563563ss
ss6z2sw6lu
ssj4goku
sslazio
sslazio1900
sss-nastya-sss
sssaaa
sssss
ssssss
sssssss
ssssssss
sssssssss
ssssssssss
ssssssssssss
sssuka
sssuka80
ssyu1314
st.louis
st3v3n
stabilo
stacey
stacey12
stacey123
staci
stacie
stacks
stacy
stacy123
stadium
staff
staff123
stafford
stafford1
stage
staind
stainless
stairway
stakan
stalin
stalingrad
stalker
stalker1
stalker123
stalker2
stalker_lemurrr
stallion
stallion1
stallone
stamford
stampede
stamper
stamps
stampy
stan021092
standard
standard1
standart
standup
stanford
stanford1
stang
stanger
stani
stanislas
stanislav
stank
stanley
stanley1
stanley123
stanley2
stanly
stanton
stanton1
staple
stapler
stapler1
staples
staples1
star1234
star12345
star2000
star2006
star2010
star7827
starbaby
starbitch
starboy
starbright
starbuck
starbuck1
starbucks
starbucks1
starbucks2
starburst
starburst1
starchick
starchild
starchild1
starcraft
starcraft1
starcraft2
stardoll
stardoll1
stardust
stardust1
staredobre
starfire
starfire1
starfish
starfish1
starfleet
starfox
starfox1
starg
stargate
stargate1
stargatesg
stargatesg1
stargazer
stargazer1
stargirl
stargirl1
starkiller
starla
starlet
starlet1
starlight
starlight1
starlight2
starling
starlite
starlite1
starman
starman1
starmoon
starpozitiv
starr
starr123
starry
stars
stars123
starscream
starshine
starshine1
starship
starship1
starsky
starsky1
starss
starstar
starstar1
starstruck
start
start123
starter
starter1
startfinding
startrek
startrek1
starts
startup
starwar
starwar5
starwars
starwars!
starwars01
starwars03ja
starwars1
starwars10
starwars11
starwars111
starwars12
starwars123
starwars13
starwars2
starwars22
starwars3
starwars4
starwars5
starwars6
starwars7
starwars77
starwars9
starwarsfan
starwarsfan10
starz
starz123
stas.gorodissky
stas_kolos
stas_the_best.ru
stasia
stasik
stason
stason16.92
stason729
stassenka
stasstas
stasya
state
states
static
staticx
station
station1
station2
station3
statistics
status
stavr
stavros
stayaway
staycool
stayfly
stayfly1
stayoff
stayoff1
stayout
stayout!
stayout1
staystrong
stborn
stclass
steak
stealth
stealth1
steam
steamboat
steamer
steaua
stecova
stecova85
steel
steele
steeler
steeler1
steelers
steelers!
steelers#1
steelers01
steelers06
steelers07
steelers08
steelers09
steelers1
steelers10
steelers11
steelers12
steelers13
steelers2
steelers3
steelers36
steelers43
steelers5
steelers6
steelers7
steelers86
steelhead
steelhead1
steelman
steelseries
steeve
stefan
stefan12
stefan123
stefancelmare
stefangreil
stefangreil1983
stefani
stefani1
stefania
stefania1
stefanie
stefanie1
stefano
stefano1
stefany
steffen
steffen1
steffi
steffie
steffy
steflio
steflio3123
stefy
steinbock
steiner
steinway
stella
stella01
stella10
stella11
stella12
stella123
stella13
stella22
stella354926
stellar
stellar1
stellina
stepa
stepa-2009
stepan
stepanov
stepanov.ag
stepanov_georgij
stepanova
stepashka
steph
steph123
stephan
stephan1
stephane
stephane1
stephani
stephanie
stephanie!
stephanie.
stephanie0
stephanie1
stephanie2
stephanie3
stephanie4
stephanie5
stephanie6
stephanie7
stephanie8
stephanie9
stephany
stephany1
stephen
stephen1
stephen11
stephen12
stephen123
stephen2
stephen3
stephen7
stephens
stephie
stephie1
stephon
stephon1
stephy
steps
stepup
stereo
sterling
sterling1
stern
sternchen
sternchen1
sterne
steroids
sterva
stetson
stetson1
steve
steve-o
steve123
steven
steven01
steven06
steven07
steven08
steven09
steven10
steven11
steven12
steven123
steven1234
steven13
steven14
steven15
steven16
steven17
steven18
steven19
steven20
steven21
steven22
steven23
steven24
steven69
steven88
stevenash
stevenash1
stevens
stevens1
stevenson
stevenson1
steveo
steves
stevevai
stevie
stevo
steward
stewart
stewart1
stewart14
stewart20
stewie
stgeorge
stgiles
sticazzi
stick
sticker
stickers
stickman
stickman1
sticks
sticky
stiffler
stiffy
stifler
stigmata
stiletto
still
stillwater
stimpy
sting
stinger
stinger1
stingray
stingray1
stink
stinker
stinker1
stinky
stinky01
stinky12
stinky123
stirling
stitch
stitch626
stitches
stiven
stjohn
stjoseph
stjude
stlady
stlouis
stlouis1
stlove
stmarys
stming
stocazzo
stockholm
stockholm1
stocking
stockings
stocks
stockton
stockton1
stoffel
stokecity
stokecity1
stokes
stokrotka
stokrotka1
stolen
stomatolog
stomper
stone
stone123
stone_mitich
stonecold
stonecold1
stonecold3
stoned
stoned420
stonehenge
stoner
stoner420
stoner69
stones
stonewall
stonewall1
stoney
stooge
stooges
stoopid
stoopid1
stopit
storage
store
storm
storm123
stormdogs
stormers
stormie
stormie1
storms
stormy
stormy12
stormy123
stpaul
stplace
str8edge
straight
straight1
strand
strange
strange.lena
strange1
stranger
stranger1
strangle
strannik
strasbourg
strat
strategy
stratfor
stratford
strato
stratocast
stratocaster
stratos
stratovarius
stratton
stratus
stratus1
strauss
straw
strawb3rry
strawberr
strawberr1
strawberri
strawberries
strawberry
strawberry1
stream
street
street12
street123
streetball
streetfighter
streets
streets1
strega
strekoza
strekoza79
strela
strelec
strelka.m
strelok
strength
strength1
stress
stressed
stressed1
stretch
stretch1
strezhetova
strider
strider1
strife
strike
striker
striker1
strikers
string
stringer
strings
stripe
striper
striper1
stripes
stripes1
stripped
stripper
stripper1
strobe
strobe93
stroikarat
stroke
stroker
stroker1
strokes
strokes1
strong
strongbad
strongbow
strongbow1
stronger
stronger1
stronghold
strongman
stronza
stronzo
structure
struggle
strummer
struppi
stryker
stryker1
stryper
stsnatasha
stsnatasha2008
stthomas
stuart
stubbs
stubby
student
student1
student12
student123
student2
studentka
students
studio
studio54
studioworks
studly
studman
studmuffin
study
stuff
stuff123
stuffy
stumpy
stunna
stunner
stunner1
stunt
stunt101
stuntman
stup1d
stupid
stupid01
stupid101
stupid11
stupid12
stupid123
stupid13
stupid22
stupid69
stupidass
stupidass1
stupidbitc
stupidgirl
stupido
stussy
stuttgart
stuttgart1
style
style_style
styles
stylin
stylist
stylist1
stylus
su123456
su224466
su4ik
suarez
suave
sub-zero
subaru
subaru29
subaru555
subhanallah
subhash
sublime
sublime1
sublime2
sublime420
sublime69
sublime7
submarine
submarine1
submission
submit
submit123
subprodukty
subtitle
suburban
suburban1
subway
subwoofer
subwoofer1
subzero
subzero1
succeed
succes
success
success!
success01
success08
success09
success1
success11
success12
success123
success2
success4me
success7
success8
successful
sucess
sucesso
sucette
suchitra
suchka
suck1t
sucka
suckadick
suckadick1
suckdick
suckdick1
sucker
sucker123
suckers
suckers1
suckit
suckit12
suckit123
suckit69
suckme
suckme69
suckmyass
suckmyass69
suckmyballs
suckmycock
suckmydick
sucks
sucram
sudarshan
sudden
sudha
sudhakar
sudhir
sudoku
suerte
suesue
suffer
suffolk
suganya
sugar
sugar123
sugarbabe
sugarbaby
sugarbaby1
sugarbear
sugarbear1
sugarcane
sugardaddy
sugarfoot
sugarfree
sugarlips
sugarlips1
sugarpie
sugarpie1
sugarplum
sugarplum1
sugarray
sugars
sugarsugar
suger
sugipula
suhail
suhana
suhani
suhasini
suicidal
suicidal1
suicide
suicide1
suikoden
suisse
sujata
sujatha
sukabumi
sukanya
sukasbliat
sukasuka
sukisuki
sukkel
sukses
sulaiman
sulaimon
sulamifcherenchikova
sulamifcherenchikova1979
suleiman
suleman
suleyman
sullivan
sullivan1
sully
sulochana
sultan
sultana
suman
suman123
sumathi
sumatra
sumeet
sumerki
sumit
sumitra
summ3r
summer
summer.fruit
summer00
summer01
summer02
summer03
summer04
summer05
summer06
summer07
summer08
summer09
summer10
summer101
summer11
summer12
summer123
summer1234
summer13
summer14
summer15
summer16
summer17
summer18
summer19
summer20
summer2005
summer2006
summer2007
summer2008
summer2009
summer2010
summer2011
summer2012
summer21
summer22
summer23
summer24
summer25
summer33
summer44
summer45
summer55
summer66
summer67
summer69
summer77
summer78
summer88
summer89
summer96
summer98
summer99
summerfun
summerland
summerlove
summerof
summerof69
summers
summers1
summertime
summit
summoner
sumner
sumsung
sun1shine
sun2shine
sunanda
sunbeam
sunbird
sunburst
sundae
sundance
sundance1
sundar
sundaram
sundari
sunday
sunday12
sunday123
sunder
sunderland
sundevil
sundin
sundin13
sundown
sundrop
sundrop1
sunfire
sunfire1
sunfish
sunflower
sunflower1
sunflower2
sunflower3
sunflower4
sunflower5
sunflower7
sunflower8
sunflowers
sungatullinad
sungelika
sungelika86
sunglasses
sunil
sunil123
sunilkumar
sunita
sunitha
sunkanmi
sunkist
sunkist1
sunlight
sunlight1
sunmoon
sunnepa
sunnepa1
sunnie
sunnny
sunnny56
sunny
sunny123
sunny1234
sunnyboy
sunnyboy1
sunnyd
sunnyday
sunnyday1
sunnydays
sunnyest
sunnys
sunnyside
sunnyside1
sunray
sunrise
sunrise1
sunset
sunset12
sunset123
sunsh1n
sunsh1n3
sunsh1ne
sunshin
sunshin3
sunshine
sunshine!
sunshine.
sunshine0
sunshine00
sunshine01
sunshine02
sunshine05
sunshine06
sunshine07
sunshine08
sunshine09
sunshine1
sunshine10
sunshine11
sunshine12
sunshine123
sunshine13
sunshine14
sunshine15
sunshine16
sunshine17
sunshine18
sunshine19
sunshine2
sunshine20
sunshine21
sunshine22
sunshine23
sunshine24
sunshine25
sunshine26
sunshine27
sunshine28
sunshine29
sunshine3
sunshine30
sunshine32
sunshine33
sunshine4
sunshine44
sunshine45
sunshine5
sunshine55
sunshine6
sunshine66
sunshine69
sunshine7
sunshine77
sunshine8
sunshine87
sunshine88
sunshine89
sunshine9
sunshine99
sunstar
sunsun
suntan
sup3rman
supa1906
super
super007
super100
super123
super1231
super1234
superb
superbad
superbad1
superbee
superbike
superbowl
superbowl1
superboy
superboy1
supercar
supercat
supercool
supercool1
supercross
superdave
superdog
superdog1
superdude
superdude1
superduper
superduty
superfly
superfly1
superfreak
supergirl
supergirl1
supergirl2
superhero
superhero1
superhuman
superior
superior1
superjunio
superjunior
superm
superman
superman!
superman.
superman0
superman00
superman01
superman06
superman07
superman08
superman09
superman1
superman10
superman11
superman12
superman123
superman13
superman14
superman15
superman16
superman17
superman18
superman19
superman2
superman20
superman21
superman22
superman23
superman24
superman25
superman26
superman27
superman28
superman3
superman30
superman32
superman33
superman34
superman4
superman45
superman5
superman55
superman6
superman69
superman7
superman77
superman78
superman8
superman87
superman88
superman89
superman9
superman99
supermanboy
supermann
supermario
supermax
supermen
supermodel
supermom
supermom1
supernatur
supernatural
supernova
supernova1
superpippo
superpower
superpuper
supers
supersexy
supersexy1
supersonic
supersport
superstar
superstar!
superstar0
superstar1
superstar2
superstar3
superstar4
superstar5
superstar6
superstar7
superstar8
superstar9
superstars
supersuper
supertramp
superuser
supervisor
supervista
superwoman
suplada
suppandi
supper
supply
support
support1
supported
supra
supreme
supreme1
supremo
supriya
surabaya
surabhi
surbhi
sureboy
surekha
surena
surena13
surendra
sureno
sureno13
surenos
surenos13
surenox
surenox3
suresh
suresh123
sureshot
surethang
surf4life
surface
surfboard
surfboard1
surfen
surfer
surfer12
surfer123
surfer69
surfergirl
surfin
surfing
surfing1
surfing123
surfing2
surfsup
surfsup1
surgeon
surgery
surgery1
suriname
surinder
surooo
surooo777
surprise
surprise1
surrender
surrender1
surrey
surround
surside
surside13
survey
surveyor
survival
survive
survivor
survivor1
surya
susan
susan123
susana
susanita
susann
susanna
susanna1
susannah
susanne
susanne1
sushant
sushi
sushi123
sushil
sushila
sushma
sushmita
susie
susie123
susieq
suslik
susmita
suspect
suspects
suspects20
sussex
sutenm
sutenm123456
sutherland
sutter
sutton
suvarna
suzana
suzanna
suzanne
suzanne1
suzette
suzette1
suzie
suzieq
suzuki
suzuki1000
suzuki123
suzuki125
suzuki250
suzuki600
suzuki750
svadba
svenja
sverige
sverige1
sveta
sveta-kisil
sveta123
svetasveta
svetik
svetik_kryuchkov
svetka
svetlana
svetlana-mironova
svetlana-mironova-13
svetlana1
svetlana26rus
svetlana_07
svetlanka
sveto4ka
svetochka
svitlana
svoboda
svoloch
svoron
svoron1977
sw0rdf1sh
sw0rdfish
sw705547
swagg
swagg123
swagga
swagger
swagger1
swallow
swallow1
swami
swamiji
swaminarayan
swamisamarth
swampfire
swamphen
swampy
swanlake
swanny
swansea
swansea1
swanson
swapna
swapnil
swarna
swastik
swastika
swatch
swathi
swati
swearer
sweater
sweden
swedru
sweeet
sweeney
sweeney1
sweeper
sweet
sweet101
sweet123
sweet1234
sweet4u
sweet666
sweetangel
sweetass
sweetbaby
sweetbaby1
sweetboy
sweetcandy
sweetcheeks
sweetdream
sweetdreams
sweeter
sweetest
sweetgirl
sweetgirl1
sweethart
sweetheart
sweetheart1
sweethome
sweethoney
sweeti
sweetie
sweetie!
sweetie01
sweetie1
sweetie11
sweetie12
sweetie123
sweetie13
sweetie2
sweetie22
sweetie3
sweetie4
sweetie5
sweetie7
sweetie8
sweetiepie
sweeties
sweetlady
sweetlips
sweetlove
sweetlove1
sweetlover
sweetman
sweetmother
sweetness
sweetness1
sweetness2
sweetness3
sweetone
sweetp
sweetpea
sweetpea!
sweetpea1
sweetpea12
sweetpea2
sweetpea3
sweetpea7
sweetpie
sweets
sweets12
sweets123
sweetstuff
sweetsweet
sweett
sweettea
sweetthang
sweetthing
sweetu
sweetwater
sweety
sweety01
sweety11
sweety12
sweety123
sweety13
sweety22
sweety23
sweetypie
sweetypie1
swerty
swetha
swetik
swetlana
swift
swifty
swimmer
swimmer1
swimmer2
swimming
swimming!
swimming1
swimming12
swimming2
swindon
swing
swinger
swinger1
swingers
swisher
swisher1
swiss
switch
switchfoot
switzerland
swoosh
sword
sword123
swordfis
swordfish
swordfish1
swordfish2
swordfish7
swords
swordsman
sxuaiehatp
syafiq
sybil
sycamore
sycamore1
sydnee
sydney
sydney00
sydney01
sydney07
sydney08
sydney10
sydney11
sydney12
sydney123
sydney13
sydney2000
sydney22
sydney99
sylvain
sylvan
sylvania
sylvester
sylvester1
sylvia
sylvie
sylwia
sym_cskill
sym_cskill1
symantec
symbol
symmetry
symone
symphony
synapse
syncmaster
syndicate
synergy
synergy1
synyster
synyster1
syqo15hil
syracuse
syracuse1
sys64738
sysadmin
system
system12
system123
system32
systemofadown
systems
syyrrqbe
syyrrqbe70
syzygy
sz9kqcctwy
szczurek
szerelem
szeretlek
szgd4ey
szgd4ey287
szkola
szymon
t-bone
t-mac
t-money
t-pain
t1234567
t12345678
t123456789
t1ffany
t1gg3r
t1gger
t1nkerbell
t36473647
t4_us3r
t4r3e2w1q
t5e1q9shfd
t5r4e3w2q
t5r4e3w2q1
t6y7u
t6y7u8i
t7u9hx
t_v_belyakova
ta123456
tabaco
tabaluga
tabasco
tabasco1
tabassum
tabata
tabatha
tabatha1
tabby
tabby123
tabbycat
tabbycat1
tabitha
tabitha1
table
tables
taburetka
tackle
taco1234
tacobell
tacobell1
tacobell12
tacobell2
tacoma
tacos
tacos123
tacotaco
tadashi
tadpole
tadpole1
taekwondo
taekwondo1
taetae
tafadzwa
taffy
taffy123
tagada
tagesgruppe
tagesgruppe2010
tagged
tagheuer
tahira
tahiti
tahlia
tahoe
taichi
tailor
taipan
taipei
taishan
taishan2011
taison
taitai
taiwan
tajmahal
tajudeen
takahiro
takamine
takamine1
takashi
takataka
takayuki
takecare
takeda
takedown
takeiteasy
takeme
taken
takeover
takeover1
taker
takeshi
takethat
takishima
takoyaki
taktak
takumi
takuya
talavera
talbot
talent
talented
talented1
talgat
talia
taliban
taliesin
talisman
talita
talitha
talk2me
talking
talktome
taller
talleres
tallinn
tallman
tallulah
tallyho
talon
talula
tamagotchi
tamahome
tamale
tamanna
tamara
tamara12
tamara123
tamarindo
tamayo
tambok
tambov
tamere
tamerlan
tamia
tamie
tamika
tamila
tamilan
tamilnadu
tamiya
tammie
tammy
tammy123
tampa
tampa813
tampabay
tampabay1
tampan
tampico
tampon
tamriko
tamriko0942
tamtam
tamuna
tanaka
tandem
tane4ka
tanechka
tanga
tanger
tangerang
tangerine
tangerine1
tangina
tanginamo
tangkai
tangkay
tanglewood
tango
tango123
tangos
tangtang
tanguy
tania
tania123
tanika
tanisha
tanisha1
tanita
taniya
tanja
tanja1993
tanjiang
tanjiang999
tanker
tankist
tanktank
tanman
tanmay
tanner
tanner01
tanner10
tanner11
tanner12
tanner123
tanner13
tanner22
tanning
tanning1
tantan
tantra
tanuja
tanusha
tanushka
tanveer
tanya
tanya123
tanzania
tanzen
taobao
taobao887
taotao
tapioca
tapout
tapper
tara1234
tarakan
tarantado
tarantino
taranto
tarantul
tarantula
taras
tarasenko
tarasov
tarasova
taratara
taratata
tardis
tarelka
target
target123
tarheel
tarheel1
tarheels
tarheels1
tarheels23
tarifa
tarik
tarik-66
tarkan
tarnay
tarpon
tarragon
tarragona
tartan
tartar
tartaruga
tartine
taruna
taryn
tarzan
tarzan00
tascha
tasha
tasha123
tashkent
taskaev
taskaev777
tasmania
tasneem
tasnim
tassadar
tassie
tastatura
tastiera
tasty
tasya
tata1234
tata1964
tatanka
tatarin
tatarstan
tatata
tatatata
tatenda
tater
taterbug
taterbug1
taters
tatertot
tatertot1
tatiana
tatiana1
tatianna
tatina
tatita
tatjana
tattoo
tattoo13
tattoo69
tattoos
tattoos1
tatum
tatung
tatyana
tatyana1
tauchen
taufik
taugamma
taugammaph
taureau
taurus
tavares
tavolo
tawanda
taxidriver
taxman
tay-tay
tayl0r
tayla
tayler
taylor
taylor00
taylor01
taylor02
taylor03
taylor04
taylor05
taylor06
taylor07
taylor08
taylor09
taylor10
taylor101
taylor11
taylor12
taylor123
taylor1234
taylor13
taylor14
taylor15
taylor16
taylor17
taylor18
taylor19
taylor20
taylor21
taylor22
taylor23
taylor24
taylor25
taylor26
taylor27
taylor33
taylor56
taylor69
taylor77
taylor88
taylor92
taylor93
taylor94
taylor95
taylor96
taylor97
taylor98
taylor99
taylorgang
taylorlaut
taylormade
taylorswif
taylorswift
tayson
taytay
taytay11
taytay12
taytay123
taytay13
tayuya
tayuya44
tazdevil
tazman
tazmania
tazmania1
tazmanian
taztaz
tazzie
tazzy
tb8xl42bj
tb9xm42xi
tbaby
tbfj7no
tbfj7no671
tbilisi
tbird
tbone
tdubdub
tdubdub05
tdutif
tdutybq
tdutybz
tdws011286
tea4two
teabag
teach
teacher
teacher1
teacher12
teacher123
teacher2
teacher3
teacher5
teachers
teaching
teacup
teadoro
teagan
teamare
teamedward
teamjacob
teamo
teamo100
teamo123
teamoamor
teamobb
teamobebe
teamodios
teamojesus
teamomama
teamomiamor
teamomucho
teamomuxo
teamoo
teamwork
teamwork1
teapot
teardrop
teardrop1
tears
teaser
teatime
teatro
tebogo
tebow
tecate
techdeck
techdeck1
techn9ne
technical
technician
technics
technics1
technics12
techno
techno123
techno13
techno2009
technology
tecktonik
teclado
tecnico
tecnologia
tecumseh
teddie
teddy
teddy101
teddy123
teddyb
teddybear
teddybear!
teddybear0
teddybear1
teddybear2
teddybear3
teddybear4
teddybear5
teddybear6
teddybear7
teddybear8
teddybear9
teddybears
teddyboy
teddys
tedesco
teehee
teejay
teenaa
teenaa111
teenager
teenie
teens
teentitans
teepee
teetee
teeth
teflon
tegan
teh-consul
tehran
teiubesc
teixeira
tekiero
tekiero1
tekila
tekken
telaviv
telecaster
telechargement
telecom
telecom1
telecono
telefon
telefon1
telefone
telefonica
telefonino
telefono
telefono1
telefoon
telegina
telegina_65
telekom
telemark
telephone
telephone1
teleport
television
televisione
televizor
telkom
teller
tellme
tema-bushelev
tema.barabin
tema_ku
temidayo
temitayo
temitope
temitope1
temp1234
temper
tempest
tempest1
tempesta
tempesth
tempesth1941
templar
templar1
temple
tempo
temporal
temporary
temporary1
temppass
temppass1
temppassword
temptation
temptemp
tempus
tenchi
tenchu
tendai
tender
tendresse
tendulkar
tenerife
tenerife1
tennessee
tennessee1
tennis
tennis01
tennis07
tennis08
tennis09
tennis10
tennis11
tennis12
tennis123
tennis13
tennis14
tennis21
tennis22
tennis23
tennisball
tennyson
tenor
tenshi
tenshin
tension
tenten
tenten10
teodio
teodor
teodora
teodoro
teonamaria
teonamaria1
tequiero
tequiero1
tequiero12
tequiero2
tequieromu
tequieromucho
tequila
tequila1
tequilla
teremok
terenaam
terence
terence1
teresa
teresa01
teresa11
teresa12
teresa123
teresina
teresita
tereza
terezinha
terezka
terminal
terminal1
terminator
terminator1
terminator2
termit
termite
termite1
ternopil
terorist
terra
terra123
terrace
terran
terrance
terrance1
terranova
terrapin
terrell
terrell1
terrell2
terremoto
terrence
terrence1
terri
terrible
terrible1
terrie
terrier
terriers
terrific
terror
terrorist
terry
terry123
terrys
terserah
terter
tesoro
tessa
tessa123
tessie
test1234
test12345
test123456
testaccount
testament
teste
teste123
tester
tester01
tester12
tester123
testes
testing
testing1
testing123
testme
testpass
testqa
testqa12
testtest
testtest1
tetete
tetley
tetris
tetsuo
teufel
teufel99
tevez
tevin
tevion
texaco
texans
texas
texas100
texas123
texas210
texas214
texas254
texas713
texas817
texasdoor
texasmade
texasmade1
texass
texastech
texastech1
texmex
textile
tfzwf44idb
tgb6yhn
tgbnhy
tgbyhn
tgpw53j3kg
tgtgtg
tgzvf55idb
th0mas
thaddeus
thaddeus1
thailand
thailand1
thakur
thales
thalia
thanatos
thando
thanh
thanh123
thanhcong
thanhtung
thankful
thankful1
thankgod
thankgod1
thanks
thanksgod
thanku
thankyou
thankyou1
thankyou2
thanos
thatbitch
thatbitch1
thatcher
thatguy
thatguy1
thatha
thatnigga
thatnigga1
thatshot
thatshot1
thatsit
thatsme
thatsme1
the1andonl
the1andonly
the1ilove
the1man
the1nonly
the1ring
the2ofus
the69eyes
theanswer
theanswer3
theater
theater1
theatre
theatre1
theband
theband1
thebeach
thebear
thebears
thebears12
thebeast
thebeast1
thebeatles
thebest
thebest1
thebest12
thebest123
thebest2
thebest99
thebible
thebig
thebigboss
thebitch
thebitch1
theblock
theblues
thebomb
thebomb1
theboss
theboss1
theboy
theboys
theboys1
theboys2
theboys3
thecat
thechamp
thechamp1
thechosen
thechosen1
theclash
thecool
thecool1
thecrazymaxim
thecrew
thecrew1
thecrow
thecrow1
thecure
thecure1
thedark
thedark1
thedevil
thedoctor
thedog
thedon
thedoors
thedoors1
thedude
thedude1
theduke
theduke1
theedge
theend
theflash
theforce
theforce1
thegame
thegame1
thegame12
thegame123
thegame2
theghost
thegirls
thegr
thegreat
thegreat1
thegreat12
thegreat123
thegreatone
thehock
thehulk
thehulk1
theiigd4x
theiigd4x2
theiige4x
theiige4x2
thejoker
thejoker1
thekid
thekids
thekiller
thekiller1
thekillers
theking
theking1
theking12
theking123
theking2
theking23
thelast
thelast1
thelaw
thelegend
thelma
thelord
thelord1
thelordisgood
thelove
theman
theman11
theman12
theman123
theman22
theman23
theman69
themaster
themaster1
thematrix
thematrix1
themis
themoney
themoon
thenewme
thenewozer
thenumber
thenumber1
theodor
theodora
theodore
theodore1
theone
theone01
theone11
theone12
theone123
theonly
theonly1
theonlyone
theory
thepassword
thepimp
thepimp1
thepower
thequeen
thequeen1
therapist
therapy
therapy1
therasmus
there
thereal
thereal1
thereds
thereisnospoon
theresa
theresa1
theresa2
therese
therese1
theresia
thering
therion
thermo
theroad
therock
therock1
therock123
therock2
theron
thesaint
thesame
thesame1
thesecret
thesecret1
thesexy
thesexy1
theshit
theshit1
thesimpsons
thesims
thesims1
thesims2
thesims3
thesmokin
thespian
thestrokes
thesun
thethe
thething
thetruth
thetruth1
thetwins
theused
theused1
theused2
thewall
thewall1
theway
thewho
theworld
theworld1
thgrade
thheaven
thiago
thiago123
thibault
thibaut
thick
thickness
thickness1
thienthan
thieric
thierry
thierry1
thing
things
think
think123
think456
thinkbig
thinker
thinking
thinking1
thinkpad
thinkpink
thinkpink1
thirdeye
thirteen
thirteen13
thirty
thirty30
thisis
thisisgay
thisisgay1
thisisit
thisisit1
thisisme
thisisme1
thisismine
thisismypassword
thissucks
thissucks1
thissucks2
thistle
thistle1
thizz
thofjuly
thomas
thomas00
thomas01
thomas02
thomas03
thomas04
thomas05
thomas06
thomas07
thomas08
thomas09
thomas10
thomas11
thomas12
thomas123
thomas1234
thomas13
thomas14
thomas15
thomas16
thomas17
thomas18
thomas19
thomas20
thomas21
thomas22
thomas23
thomas24
thomas25
thomas26
thomas27
thomas28
thomas30
thomas33
thomas44
thomas55
thomas69
thomas77
thomas87
thomas88
thomas89
thomas91
thomas92
thomas94
thomas95
thomas97
thomas98
thomas99
thommy
thompson
thompson1
thomson
thomson1
thong
thongs
thornton
thornton1
thorpe
thorsten
thought
thought1
thousand
thrash
thrasher
thrasher1
three
three333
threeboys
threegirls
threekids
threekids3
threesome
threesome3
thrice
thriller
thriller1
thtajehzsp
thug4life
thuggin
thuggin1
thuglife
thuglife1
thuglife12
thuglife13
thuglife2
thuglife3
thuglife7
thuglove
thuglove1
thugstools
thumbs
thumper
thumper1
thumper12
thumper123
thumper2
thumper3
thunder
thunder!
thunder01
thunder1
thunder10
thunder11
thunder12
thunder123
thunder13
thunder2
thunder21
thunder22
thunder23
thunder3
thunder4
thunder5
thunder6
thunder69
thunder7
thunder8
thunder9
thunderbir
thunderbird
thunderbolt
thundercat
thundercats
thunders
thunderstorm
thurman
thursday
thursday1
thurston
thuylinh
thward
tiago
tiago123
tiamaria
tiamat
tiamo
tiamotanto
tiana
tiancai
tianna
tianshi
tiantian
tianya
tiara
tiatia
tiberian
tiberium
tiberius
tibia
tibia123
tiburon
tiburon1
tichuots
ticket
tickets
tickle
tickles
ticktock
ticotico
tictac
tidbit
tiddles
tiddles1
tielandros
tielandros01
tierney
tierra
tiesto
tiffani
tiffani1
tiffanie
tiffany
tiffany!
tiffany.
tiffany01
tiffany08
tiffany09
tiffany1
tiffany10
tiffany11
tiffany12
tiffany123
tiffany13
tiffany14
tiffany15
tiffany16
tiffany17
tiffany18
tiffany2
tiffany21
tiffany22
tiffany23
tiffany3
tiffany4
tiffany5
tiffany6
tiffany69
tiffany7
tiffany8
tiffany9
tiffy
tiger
tiger007
tiger100
tiger101
tiger111
tiger123
tiger1234
tiger2000
tiger2010
tiger321
tiger777
tigerboy
tigercat
tigercat1
tigereye
tigerlilly
tigerlily
tigerlily1
tigerman
tigers
tigers01
tigers05
tigers06
tigers07
tigers08
tigers09
tigers10
tigers11
tigers12
tigers123
tigers13
tigers14
tigers15
tigers21
tigers22
tigers23
tigers24
tigers33
tigers69
tigers84
tigertiger
tigerwoods
tigger
tigger00
tigger01
tigger02
tigger03
tigger04
tigger05
tigger06
tigger07
tigger08
tigger09
tigger10
tigger101
tigger11
tigger12
tigger123
tigger1234
tigger13
tigger14
tigger15
tigger16
tigger17
tigger18
tigger19
tigger20
tigger21
tigger22
tigger23
tigger24
tigger25
tigger26
tigger27
tigger28
tigger33
tigger44
tigger45
tigger55
tigger66
tigger67
tigger68
tigger69
tigger77
tigger87
tigger88
tigger89
tigger99
tiggers
tiggy
tight
tigran
tigre
tigrenok
tigres
tigress
tigresse
tigris
tigrotto
tigrou
tijger
tijger3417
tijgertje
tijuana
tijuana1
tikitiki
tiktak
tiktok
tilley
tillie
tilly
tilly123
timati
timbaland
timber
timberlake
timberland
timberwolf
timbuktu
time2die
time2fly
time2go
time2play
time4fun
time4me
timebomb
timeless
timeless1
timeline
timelord
timeout
timeout1
timepass
times
timetime
timfranzke
timileyin
timisoara
timmer
timmie
timmy
timmy123
timofei
timofey
timoha
timon
timosha
timoshka
timoteo
timothy
timothy01
timothy1
timothy12
timothy123
timothy2
timothy3
timothy5
timothy7
timoxa
timoxa94
timtam
timtim
timur
timurka
tina1234
tinamarie
tinashe
tinatina
tinchen
tingting
tingtong
tinhyeu
tink1234
tink3rb3ll
tinka
tinkabell
tinkabell1
tinker
tinker01
tinker09
tinker10
tinker11
tinker12
tinker123
tinker13
tinker14
tinker15
tinker21
tinker22
tinker23
tinkerbe
tinkerbe11
tinkerbel
tinkerbel1
tinkerbell
tinkerbell1
tinkerbell12
tinkerbelle
tinkle
tinktink
tinky
tinman
tinotenda
tintin
tintin123
tinydancer
tinytim
tinytim1
tiphaine
tipper
tipperary
tippie
tippmann
tippmann1
tippmann98
tippy
tippy123
tipsy
tiptop
tiramisu
tirana
tirupati
tiscali
tisha
tishenkoff
tishka
tissot
tissue
titan
titan123
titania
titanic
titanic1
titanic12
titanic123
titanic1912
titanic2
titanik
titanium
titanium1
titans
titans10
titans12
titeuf
titilayo
titimi
titina
titine
tititi
titititi
titleist
titleist1
titotito
titou
titouan
titoune
titova
titten
titti
titties
titties1
titties2
titty
titus
tivogliobene
tivoli
tiwari
tiziana
tiziano
tkachenko
tkbpfdtnf
tkfkdgo
tkfkdgo0
tkfkdgo1
tkfkdgo7
tkgsoo083bsr
tktkthth
tktyf
tl281188t
tmnet
tmnet123
tmobile
tmobile1
tmoney
tmvlzj
tmvlzj12
tnk0mk16vx
toast
toast123
toaster
toaster1
toasty
tobacco
tobago
tobby
tobeornottobe
tobias
tobias12
tobias123
tobiloba
toblerone
toby1234
tobydog
tobydog1
tobytoby
tochukwu
tocool
toctoc
today
today123
toejam
toenail
toenail1
toffee
together
together1
together2
toggle
toietmoi
toilatoi
toilet
toiyeuem
tokio
tokiohotel
tokunbo
tokyo
tolani
toledo
tolentino
tolife
tolik
tolits
tolkien
tolkien1
tolstyh.oxana
toluca
tolulope
tom12345
tomahawk
tomahawk1
tomandjerry
tomas
tomas123
tomasa
tomasek
tomasito
tomasko
tomass
tomasz
tomaszek
tomate
tomato
tomatoes
tomboy
tomboy07
tombrady
tombrady12
tombraider
tombstone
tombstone1
tomcat
tomcat14
tomcruise
tomdelonge
tomek
tomek123
tomfelton
tomika
tomino
tomislav
tomiwa
tomjerry
tomjones
tomkaulitz
tomlinson
tommaso
tommie
tommy
tommy123
tommy1234
tommyboy
tommyboy1
tommyg
tommygirl
tommygirl1
tommygun
tommylee
tommys
tomodachi
tomoko
tomorrow
tomorrow1
tomoyo
tomtom
tomtom11
tomtom12
tomtom123
tomtomtom
tomwaits
tomwelling
tongtong
tongue
tonight
tonight1
tonino
tonio
tonito
tonitoni
tonka
tonkpils
tonto
tonton
tony1234
tonya
tonyhawk
tonyhawk1
tonymontana
tonyromo
tonyromo9
tonytony
toobad
toocool
toocool1
toocute
toocute1
toodles
toodles1
toogood
toohot
toohot4u
tookie
toolbox
toolbox1
toolman
toolman1
tools
tooltime
toomany
toomuch
toomuch1
toonarmy
toonarmy1
toonces
toontown
toontown1
toosexy
toosexy1
tooshort
tooshort1
toosweet
tootall
tooter
tooth
toothbrush
toothfairy
toothpaste
toothpick
toothpick1
tootie
tootles
tootoo
toots
tootsie
tootsie1
tootsie2
toottoot
topaz
topaz.null
topaze
topbull
topbutton
topcat
topdevice
topdog
topgear
topgear1
topgun
tophat
topher
topina
topino
topless
topman
topmodel
topmodel1
topmost
topnotch
topnotch1
topogigio
topography
topolina
topolino
topper
topsecret
topsecret1
topspin
toptop
torana
toratora
torben
torchwood
torchwood1
torcida
torero
torgsotra
toriamos
toriamos1
torino
torito
torment
tormenta
tormoz
tornade
tornado
tornado1
toronto
toronto1
torpedo
torpedo1
torque
torrance
torrent
torrente
torrents
torres
torres09
torres10
torres12
torres123
torrey
torrie
torsten
tortilla
tortoise
tortue
tortuga
tortuga1
tosca
toscana
toscane
tosha
toshiba
toshiba1
toshiba123
toshiba2
toshka
tosin
tosser
total
total12scherz
totally
totally1
totalwar
totenkopf
totito
toto1234
totoche
totoro
tototo
totototo
totoy
totoybato
tottenham
tottenham1
totti
tottigol
touareg
toucan
touch
touchdown
touchdown1
touche
touchme
toughguy
toujours
toulon
toulouse
toulouse1
toulouse31
toupie
tourism
tournesol
toutou
toutoune
towanda
tower
towers
townsend
townsend1
towtruck
toxic
toxicity
toybox
toyboy
toymachine
toyosi
toyota
toyota01
toyota11
toyota12
toyota123
toyota99
toyotamr
toyotamr2
toyplanet
toystory
toystory2
toytoy
tpain
tpklmq
tpklmq9668
tpxerxjmp
tr1n1ty
trabajo
trabajo1
trabalho
trabant
trabzon
trabzon61
trabzonspor
trace
tracer
tracey
traci
tracie
track
track123
tracker
tracker1
tracks
trackstar
trackstar1
tracteur
tractor
tractor1
tractors
tracy
tracy123
trade
trademark
trader
trading
trafalgar
traffic
traffic1
trafford
tragedy
trailblazer
trailer
trailer1
trails
train
train123
trainer
trainer1
training
training1
trains
traktor
tralala
tralala1
tramonto
tramp
trampoline
trance
trandafir
tranmere
tranny
tranquil
trans
transalp
transam
transam1
transcend
transfer
transform
transform1
transforme
transformer
transformers
transit
transit1
transport
transport1
transporter
trapdoor
trapdoor39
trapdoor43
trapdoor60
trapper
trapper1
trapstar
trapstar1
trase
trase1990
trash
trashcan
trashcan1
trasher
tratata
trauma
travail
travel
travel123
travel88
traveler
traveler1
traveller
travelmate
travelmoleoptin
travelpack
travelpack1
travian
traviesa
traviesa1
travieso
travieso1
travis
travis01
travis07
travis08
travis09
travis10
travis11
travis12
travis123
travis13
travis14
travis15
travis16
travis199
travis21
travis22
travis23
travis69
travolta
travon
traxdata
traxxas
traxxas1
treacle
treacle1
treasure
treasure1
treats
trebla
treble
treble99
trebor
trece
trecool
trecool1
tree1234
treefrog
treefrog1
treehill
treehouse
treehouse1
treehugger
treeman
trees
trees123
treetop
treetop1
treetops
treetree
treflip
treguier
trekker
trell
trendy
trener
trent
trent123
trenton
trenton1
tresd
tresor
tretre
trever
trevon
trevor
trevor01
trevor10
trevor11
trevor12
trevor123
trevor13
trewq
treysongz
treysongz1
treytrey
trezeguet
trfnthbyf
triada
trial
triana
triangle
triangle1
triathlon
tribal
tribe
tribes
tribunal
tribute
tricia
trick
tricks
trickster
trickster1
tricky
tricolor
trident
trident1
trieste
triforce
triforce1
trigger
trigger1
trigger2
trigun
trikers
trikers21
trill
trilli
trilly
trilogy
trina
trinacria
trindade
trini
trinidad
trinidad1
triniti
trinitron
trinitron1
trinity
trinity01
trinity05
trinity06
trinity07
trinity08
trinity1
trinity11
trinity12
trinity123
trinity2
trinity3
trinity4
trinity5
trinity6
trinity7
trinity8
trinket
triple
tripleh
tripleh1
triplet
triplet3
triplets
triplets3
triplex
tripod
tripoli
tripper
tripper1
trippin
trippy
trish
trisha
triskelion
trista
tristan
tristan01
tristan1
tristan12
tristan123
tristan2
tristan3
tristan7
tristar
triste
tristen
tristen1
tristian
tristin
tristin1
triston
triston1
tristram
triton
triumph
triumph1
trivial
trivium
trivium1
trixie
trixie01
trixie12
trixie123
trofimishe
trogdor
trogdor1
troia
troika
troika93
trojan
trojans
trojans1
troll
troll123
trollface
trolls
trololo
tromba
trombone
trombone1
trompeta
trompete
trompette
tronwell
trooper
trooper1
trooper2
troopers
trophy
tropic
tropical
tropical1
tropicana
tropicana1
trotter
trotter1
trouble
trouble!
trouble1
trouble12
trouble123
trouble13
trouble2
trouble3
trouble69
trouble7
troubled
troubled1
troubles
troubles1
trouducul
trousers
trout
troyboy
troyboy1
trtrtr
truand
truck
truck123
truckdriver
trucker
trucker1
truckin
trucking
trucking1
trucks
trudy
trueblood
trueblue
trueblue1
truelove
truelove!
truelove08
truelove1
truelove12
truelove13
truelove2
truelove3
truelove7
trueno
truffle
truffle1
truffles
truffles1
trujillo
trujillo1
truluv
truman
trumpet
trumpet1
trumpet2
trunks
truong
trupti
truskawka
trust
trust123
trustgod
trustgod1
trusting
trustingod
trustme
trustme1
trustme2
trustme_k
trustn
trustn01
trustno
trustno1
trustno2
trustnoone
trusty
truth
trx450r
tryagain
tryagain1
trying
tryme
trystan
trythis
trythis1
trytry
tsubasa
tsunami
tsunami1
tt123456
tt1234567
ttd955audg
ttttt
tttttt
ttttttt
tttttttt
tttttttttt
tuananh
tuangbi
tubby
tubgtn
tuborg
tucano
tucker
tucker01
tucker10
tucker11
tucker12
tucker123
tucker13
tucker22
tucson
tudelft
tuermchen
tuesday
tuesday1
tuesday2
tuffy
tugboat
tugboat1
tugger
tujheirf
tujhjdf
tujhrf
tuktuk
tulane
tulip
tulipa
tulipan
tulipano
tulipe
tulips
tulpan
tumadre
tumadre1
tumama
tumbin
tumble
tumbleweed
tumelo
tumtum
tunafish
tunafish1
tuncay
tunde
tunde123
tunde12345
tunder
tundra
tundra_cool
tundra_cool2
tunes
tuning
tunisia
tunisie
tunnel
tuntun
tupac
tupac123
tupacshakur
tupelo
tuppence
tuputamadre
turandot
turbine
turbo
turbo123
turbos
turion
turion64
turismo
turkey
turkey12
turkey123
turkish
turkish1
turkiye
turner
turnip
turntable
turntable1
turquoise
turtle
turtle01
turtle10
turtle11
turtle12
turtle123
turtle13
turtle14
turtle21
turtle22
turtle23
turtle69
turtles
turtles1
turtles2
turtoise
tuscany
tushar
tutifruti
tutso24qf
tuttle
tututu
tuwo4u
tuxedo
tvinktvink
tw1l1ght
tw33ty
tweeling
tweet
tweeter
tweetie
tweetie1
tweety
tweety01
tweety06
tweety07
tweety08
tweety09
tweety10
tweety101
tweety11
tweety12
tweety123
tweety13
tweety14
tweety15
tweety16
tweety17
tweety18
tweety19
tweety20
tweety21
tweety22
tweety23
tweety24
tweety25
tweety69
tweetybird
tweetypie
twelve
twelve12
twenty
twenty20
twentyfour
twentyone
twentysix
twentytwo
twiggy
twiglet
twilight
twilight!
twilight.
twilight01
twilight08
twilight09
twilight1
twilight10
twilight11
twilight12
twilight123
twilight13
twilight14
twilight15
twilight16
twilight17
twilight2
twilight21
twilight22
twilight23
twilight3
twilight4
twilight5
twilight6
twilight7
twilight8
twilight9
twinboys
twingirls
twingo
twinkie
twinkie1
twinkie2
twinkies
twinkle
twinkle1
twinkle15
twinkle2
twinkles
twinkletoes
twinky
twins
twins123
twinss
twinturbo
twist
twista
twisted
twisted1
twisted2
twister
twister1
twister2
twitch
twitter
twiztid
twiztid1
two3four
twoboys
twoboys2
twocats
twodogs
twogirls
twojastara
twokids
twokids2
twostep
twothree
twotwo
tx9z6ht5eo
ty123456
ty2an3ja
ty2t1hv3oc
tycoon
tygferrfddss
tyghbn
tygrys
tygrysek
tyler
tyler101
tyler123
tyler1234
tyler12345
tyler2000
tyler2006
tyler2008
tylerb
tylerd
tylerj
tylerjames
tylers
typetogether
typewriter
typhoon
typhoon1
tyrael
tyrael04
tyrant
tyree
tyrell
tyrese
tyrone
tyrone12
tyrone123
tyrone79
tyshawn
tyshawn1
tyskie
tyson
tyson123
tysons
tytxrf
tytyty
tyuiop
tyumchenko_ok
tyutyu
tzir25l5kn
u.hohlov
u0hgtkt
u0hgtkt617
u1v7hhh7ef
u2nvme
u2u2u
u38fa
u6e6r9hwix
u6kz2lppto
u79999i
u7wrkaa8j
u83xu3u
u83xu3u83
u8i9o0p
u8t6e
uae_boy
uandme
ub6ib
ub9xm53xi
ubnfhf
ubuntu
ubvyfpbz
uc9xn53xh
uchenna
uchiha
udacha
uekmyfhf
uekmyfp
ueptkm
ufhhbgjnnth
ufhvjybz
ufkbyf
ufkfrnbrf
ufptkm
ufyljy
uganda
ugaug55jdb
ugd5hip2j
uglybitch
uglybitch1
ugochukwu
uhbujhbq
uhbujhmtdf
uhf9qdh
uhfaabnb
uhfybn
uhfybn8888
uifkjhf
uifkjhf522
uiopy
uis9zdgysn
uiuiui
ujhjljr
ujkjdf
ujkjdjkjvrf
ujnbrf
uk7860loans
ukflbfnjh
ukflbfnjh12
ukflbfnjh12345
ukflbjkec
ukfveh
ukraina
ukraine
ukraine1
ukrnet
ukulele
uliana
ulises
ulisse
uloveme
ulrich
ulrike
ulster
ultima
ultimate
ultimate1
ultimatum
ultimo
ultra
ultraman
ultras
ultraviolet
ulyana
ulysse
ulysse31
ulysses
um83z
umberto
umbrella
umbrella1
umesh
umit1406
ummagumma
umpire
un4given
unbreakable
uncle
unclesam
undead
undefined
under
under0ath
undercover
underdog
underdog1
undergroun
underground
underoath
underoath1
underoath7
underpants
underscore
understand
undertaker
undertaker1
undertow
underwater
underwear
underwear1
underwood
underwood1
underworld
unfaithful
unforgiven
unhappy
unhappy1
unicorn
unicorn1
unicorn12
unicorn123
unicorn2
unicorn7
unicornio
unicorns
unicorns1
uniden
uniform
unilever
union
unique
unique123
united
united01
united10
united11
united12
united123
united99
unitedkingdom
unitedstates
unity
univer
univers
univers2l
universal
universal1
universe
universe1
universidad
universita
universitario
university
universo
universum
unknown
unknown1
unleashed
unleashed1
unlimited
unlimited1
unlock
unloved
unloved1
unlucky
unlucky1
unlucky13
unnamed
unodostres
unreal
untitled
untouchable
update
upgrade
uphill
uphill45
upiter
upload
upperd
uptown
upyachka
upyours
upyours1
upyours2
uqa9ebw
uqa9ebw445
uqbwx8n4z
uranium
uranus
uraura
urban
urbano
urchin
urdg5psk
urdg5psk5
urgay
urkilbth
urlacher
urlacher54
urlaub
urmila
urmine
urmom
urmom123
urmomma
urmomma1
urodziny
ursula
ursulet
urthe
uruguay
uruguay1
us4ever
us7860loans
usa12345
usajobs
usarmy
usasf
usasf1234
usausa
usdopaa
useless
useless1
user1234
username
username1
useruser
usharani
usher
usher123
usher8701
usman
usman123
usmarine
usmarines
usmc0311
usmc1775
usnavy
usuario
usuck
usuck123
utahjazz
uthvfy
uthvfybz
utility
utjhubq
utjuhfabz
utjvtnhbz
utn05wwy
utopia
utrecht
utvols
utythfk
utyyflbq
uuuuu
uuuuuu
uuuuuuu
uuuuuuuu
uvgx8f
uvgx8f8232
uxzd1b3bd
uyjvbr
uyqlvip
uyqlvip773
uytrewq
uzbekistan
uzbjnei
uzbjnei451
uzp9jek3f
uzumaki
uzumaki1
uzumaki2
uzumakinaruto
uzumymw
v1234567
v12345678
v123456789
v12345b
v1ct0ry
v1ctoria
v21wbgad
v3uriah
v3uriah1
v3xafy4k3y
v7upjw3nt
v8bv5teow
vacaciones
vacance
vacances
vacation
vacation1
vaches
vacuum
vader
vader123
vadim
vadim123
vadimka
vadyusha.isaev
vadyusha.isaev.83
vaemai
vaemai31
vaffanculo
vagabond
vagarsh
vagina
vagina12
vagina123
vagina69
vagner
vaibhav
vainilla
vaishali
vaishnavi
vaishu
vakantie
val353nxhc
valami
valdemar
valdes
valdez
valdivia
valencia
valencia1
valent
valente
valentin
valentin1
valentina
valentina.victoria
valentina1
valentina2
valentine
valentine1
valentine2
valentines
valentinka
valentino
valentino1
valentino46
valentinorossi
valenzuela
valera
valeri
valeria
valeria1
valeria12
valeria123
valeria2
valerian
valerie
valerie1
valerie12
valerie123
valerie2
valerio
valeriy
valeriya
valerka
valeron
valery
valhalla
valhalla1
valiant
valiente
valkenhayn
valkiria
valkyrie
valladolid
vallarta
vallejo
vallejo1
vallejo707
valley
valleyforge
valmont
valparaiso
valter
valval
valverde
valya
valya-city
valya-garanina
valya-lera
valya-lera1
valya-sidenko
valya-valya
valya-valya-1982
valya.2057
valya.gorodn
valya.ivko
valya.klimenko
valya.klimenko.87
valya.korobeynik
valya.kryuchkova
valya.kryuchkova.1990
valya.lantux
valya.lantux.83
valya.shapoval
vampir
vampira
vampire
vampire!
vampire1
vampire11
vampire12
vampire123
vampire13
vampire2
vampire3
vampire6
vampire666
vampire69
vampire7
vampires
vampires1
vampiro
vampiro1
vampyre
vanbasten
vance
vancouver
vancouver1
vandah
vandal
vandam
vandamme
vandana
vander
vandread
vanechka
vanesa
vaness
vanessa
vanessa!
vanessa.
vanessa01
vanessa06
vanessa1
vanessa10
vanessa11
vanessa12
vanessa123
vanessa13
vanessa14
vanessa141175
vanessa15
vanessa16
vanessa17
vanessa18
vanessa2
vanessa21
vanessa22
vanessa23
vanessa3
vanessa4
vanessa5
vanessa6
vanessa7
vanessa8
vanessa9
vangelis
vangie
vangogh
vangogh1
vanguard
vanguard1
vanhalen
vanhalen1
vanhelsing
vania
vanila
vanilla
vanilla1
vanilla12
vanilla123
vanilla2
vanille
vanille1
vanina
vanish
vanita
vanitha
vanity
vanna
vanness
vannessa
vanpersie
vanquish
vanshika
vantage
vanvan
vanya
vaquero
varadero
varanasi
vardan
varduhigohar
varela
varfeevich
varfolomeeva
varfolomeeva0990
varfolomey
varfolomey_72
varga
vargas
vargden
varghese
varich-masha
varico
varida.alibaeva
varika
varitek
varitek33
varsha
varshini
varsity
varsity1
vartk
varun
varvar
varvara
vasant
vasanth
vasantha
vasanthi
vasara
vasco
vascodagama
vascorossi
vaseline
vaseline1
vashenko.u.u
vasile
vasilek
vasilenko
vasilev
vasileva
vasili
vasilica
vasilii
vasilina
vasilisa
vasiliy
vasquez
vasquez1
vasya
vatoloco
vatoloco1
vatoloco13
vatoslocos
vaughan
vaughan1
vaughn
vauxhall
vauxhall1
vavava
vavilon
vaz21093
vaz21099
vazquez
vazquez1
vb[fbk
vball
vbhevbh
vbhjckfdf
vbhjyjdf
vbienrf
vbifyz
vbitkm
vbitymrf
vbkbwbz
vbkfirf
vbkfyf
vbkkbjy
vbkkbjyth
vbktyf
vbnmrf
vbnvbn
vbvbvb
vbvjpf
vc123456
vdaxp542g
vecmrf
vector
vectra
veczhec
vedant
vedder
vedro.ru
vef6g55frz
vegas
vegas123
vegas702
vegemite
vegeta
vegeta11
vegeta12
vegeta123
vegetable
veggie
vehpbkrf
vehpbr
vehvfycr
velasco
velasquez
velazquez
velcro
veleno
velocity
velocity1
velosiped
velvet
vencedor
vendetta
vendetta1
vendredi
vendredi13
venecia
veneno
venera
venere
venezia
venezuela
venezuela1
venganza
vengeance
vengeance1
venice
venise
venividivici
venkat
venkata
venkatesh
venom
venom123
venom666
venta
venta021
ventana
ventilador
ventura
ventura1
venture
venture1
venugopal
venus
venus123
vepsrf
veracruz
veracruz1
veralipatnikova
verano
veravera
verbal
verbatim
verbatim1
verdade
verdao
verde
verdes
verdun
verena
vergara
vergessen
vergessen1
vergeten
vergil
vergine
veri1234
verify
veritas
veritas1
verite
verito
verity
verizon
verizon1
verizon123
verizon2
vermelho
vermilion
vermillion
vermont
vermont1
vernon
verochka
verona
veronica
veronica1
veronica10
veronica12
veronica13
veronica2
veronica3
veronica7
veronika
veronika1
veronique
versace
versace1
versailles
versatile
verseau
version
version1
versus
vertex
vertical
vertigo
vertigo1
verto00q
verunka
verygood
verynice
vesna
vespa
vesper
vesproongh
vesproongh12
veteran
veterinaria
veterok
vette
veverka
vfcmrf
vfcnth
vfczyz
vfhbfyyf
vfhbif
vfhbirf
vfhbjk
vfhbjk1801
vfhbyf
vfhbyf123
vfhbyjxrf
vfhbyrf
vfhbz
vfhcbr
vfhctkm
vfhecmrf
vfhecz
vfhnby
vfhnbyb
vfhnf
vfhnsirf
vfhrbp
vfhrbpf
vfhufhbnf
vfhufhbnrf
vfhujif
vfhvtkfl
vfhvtkflrf
vfibyf
vfiekmrf
vfiekz
vfieyz
vfifvfif
vfitymrf
vfkbyf
vfkbyrf
vfkmdbyf
vfkmxbr
vfksirf
vfktymrbq
vfktymrfz
vfkzdrf
vflbyf
vflfufcrfh
vfnbkmlf
vfndtq
vfnehsv
vfnhbwf
vfnhtirf
vfntvfnbrf
vfpfafrf
vfrcbr
vfrcbv
vfrcbv123
vfrcbvec
vfrcbvjdf
vfrcbvrf
vfrfhjd
vfrfhjdf
vfrfhjys
vfrfrf
vfuflfy
vfufpby
vfvecz
vfvekbxrf
vfvekmrf
vfvektxrf
vfvekz
vfvfbgfgf
vfvfgfgf
vfvfgfgfz
vfvfif
vfvfvbz
vfvfvf
vfvfvfvf
vfvfvskfhfve
vfvfxrf
vfvihss
vfvihss591
vfvjxrf
vfy.yz
vfylfhby
vfylfhbyrf
vfyxtcnth
vgizetdinov
vgyvq46aj
vhbth55jec
viagra
vianney
vicecity
vicecity1
vicekw
vicelord
vicelord5
vicente
vicente1
vicenza
viceroy
vicious
vicious1
vickey
vicki
vickie
vicky
vicky123
victim
victoire
victor
victor01
victor10
victor11
victor12
victor123
victor13
victor14
victor15
victor16
victor21
victor22
victor23
victor69
victor_evdokimov
victor_sakhalin
victor_sakhalin1990-20
victorclavier
victorfrunz
victorhugo
victori
victori1967
victoria
victoria!
victoria-berkat-energo
victoria-dyatlova
victoria.
victoria.20000
victoria.kl
victoria.kl106
victoria01
victoria07
victoria08
victoria1
victoria10
victoria11
victoria12
victoria123
victoria13
victoria14
victoria14.09
victoria15
victoria19
victoria2
victoria20
victoria21
victoria22
victoria23
victoria3
victoria392eliezrie1992frp
victoria4
victoria5
victoria6
victoria7
victoria8
victoria9
victoria989
victoria_002
victoria_91
victoria_shkurco
victoriandr
victoriandr01
victorious
victoriy
victoriy70
victory
victory1
victory123
victory2
victory7
vicusa.tatyana
vicvic
vidaloca
vidaloka
vidanova
vidanueva
video
video123
videogame
videogame1
videogames
videos
vidhya
vieira
vienna
vierge
viernes
viernes13
vietnam
vietnam1
viewsonic
viewsonic1
vigilante
vignesh
vihlaeva
vihlaeva2012
vihotsieva
vihotsieva94
vihrova
vihrova1974
vijay
vijay123
vijaya
vijaykumar
vik22535477
vika-selfish
vika.krivonos
vika.krivonos.1995
vika1994
vika1995
vika1996
vika1997
vika1998
vika2010
vikas
vikas123
vikash
vikatc
vikavika
viking
viking11
viking12
viking123
vikingo
vikings
vikings1
vikings11
vikings12
vikings2
vikings28
vikram
viktor
viktori
viktoria
viktoria1
viktorija
viktoriy
viktoriya
viktory
vikusya
villa
villa123
village
village1
villalobos
villamor
villanova
villanueva
villareal
villarreal
villas
ville
ville666
villegas
villeneuve
villevalo
villevalo1
vilma
vilnius
vimala
vinay
vinay123
vinayak
vinayaka
vince
vince123
vincent
vincent01
vincent1
vincent11
vincent12
vincent123
vincent13
vincent2
vincent3
vincent5
vincent7
vincenza
vincenzo
vincenzo1
vindiesel
vineet
vineyard
vinicio
vinicius
vining
vinita
vinnie
vinny
vinny123
vinod
vinograd
vinoth
vintage
vintage1
vinter
vinvin
viola
violator
violence
violet
violet12
violet123
violeta
violeta1
violetta
violette
violin
violino
violon
viorel
viorica
vip_trading
viper
viper123
vipera
vipergts
vipers
viphv5j
viphv5j736
vipvip
virago
virendra
virgen
virgie
virgil
virgilio
virgilio12
virgin
virginia
virginia1
virginia12
virginia2
virginie
virgo
virgo123
virgola
virgos
virgule
viriato
viridiana
viridiana1
virtual
virtual1
virtue
virtue1234
virtus
virus
virus123
viruss
vishakha
vishal
vishal123
vishenka
vishnu
vishwa
vision
vision123
visions
visitor
vissen
vista
visual
vitali
vitalik
vitalina
vitaliy
vitaly
vitalya
vitamia
vitamin
vitamin1
vitamina
vitamine
vitaminka
vitaminka88
vitara
vitesse
vitinho
vitolino
vitolino10
vitor
vitor123
vitor1268123
vitoria
vitoria1
vittoria
vittorio
vivalabam
vivalabam1
vivalafica
vivalafiga
vivalavida
vivaldi
vivamexico
vivayo
vivek
vivek123
vivemoi
vivera
vivere
vivian
vivian123
viviana
viviana1
viviane
vivien
vivienne
vivitron
vivivi
vixen
vjcrdbx
vjcrdf
vjflkig
vjflkig522
vjhjpjd
vjhjpjdf
vjhrjdrf
vjkjltw
vjkjrj
vjqgfhjkm
vjs9zdgyrn
vjybnjh
vjzctvmz
vjzgjxnf
vk_vk
vk_vk_777
vkontakte
vkontakte.ru
vkontkate
vkoomare
vkoomare88
vkorotin
vkors
vkoryano
vkot_2010
vkoval
vkoval87
vkovshut_annab1988fg
vkpxrnoda
vkravchenko
vkrbashyan
vkryshkin
vks1zz9v_7ceu
vks1zz9v_7ceu69
vktorov
vkulak
vkundeyai
vkuradovetc
vlad1234
vlad12345
vlad1994
vlad1995
vlad1996
vlad1997
vlad1998
vlad1999
vlad2000
vlada
vlada1206
vladcherktecktonik
vladik
vladimir
vladimir1
vladimirovna
vladislav
vladislava
vladivostok
vladka
vladut
vladvlad
vlasov
vlasova
vlasta
vlinder
vm.shlykov
vodafone
vodafone1
vodka
vodka123
vodolei
vodoley
voetbal
voetbal1
voices
voiture
voitures
vojta
vojykgi
vojykgi959
voland
volare
volcan
volcano
volcano1
volcom
volcom11
volcom12
volcom123
volcom13
volcom14
volcom21
volcom22
volcom23
volcom69
voldemar
voldemort
voldemort1
volfram.kozlov
volfram.kozlov123633
volfram.kozlov173902
volga
volga11955
volgirevagv
volgograd
volgograd.orlovka
volhina
volhina-73
volhsara
volhsara56
voliahim
voliahim1891
volik-yulia
volimte
volimte1
voljanka
voljanka1976
volkan
volker
volkodav
volkorez
volkov
volkova
volkova.67
volkova.elena
volkova.elena.13
volkova.ksyusha
volkova.ksyusha.89
volkovanata
volkovanata77
volkovaolguna
volkovoi_net
volkslt
volkslt35
volkswagen
volkswagon
volley
volley11
volley12
volleybal
volleybal1
volleyball
volleyball1
vollyball
vollyball1
volodia
volodina.elena
volodina.elena66
volodya
volodya-ivanov
volodya-ivanov-63
vologda
volohovich-t
volokitina.olga
voloshink
voltage
voltage1
voltaire
voltron
voltron1
volume
volunteer
volunteer1
volvic
volvo
volvo123
volvo240
volvo740
volvo850
volvofh
volvofh12
volvos
volvos40
volvos60
volvos80
volvov
volvov40
volvov70
volvoxc
volvoxc90
vondutch
vonnie
vonvon
voodoo
voodoo13
vorobei
vorobey
vorona
voronin
voroshilova.liliya
vortex
vostok
vote4pedro
voting
vova1997
vova1998
vovan
vovavova
vovchik
vovochka
voyage
voyager
voyager1
vqsablpzla
vqz6qyo
vqz6qyo294
vrbgqns
vrbgqns997
vredina
vrushali
vs-nd
vsevolod
vsijyjr
vsjasnel
vsjasnel12
vthctltc
vtkmybr
vtkmybrjdf
vtkrbq
vtldtlm
vtuf36jhufpv
vtufajy
vtufgjkbc
vuc7neyu
vuc7neyu0
vuitton
vulcan
vulcano
vulkan
vulture
vvv666vvv
vvvvv
vvvvvv
vvvvvvv
vvvvvvvv
vvvvvvvvvv
vwgolf
vwjetta
vwpassat
vwpolo
vyacheslav
vyjujnjxbt
w00tw00t
w0rdpass
w12101957
w1234567
w12345678
w123456789
w123456789w
w1950a
w1952a
w1953a
w1954a
w1955a
w1956a
w1957a
w1958a
w1959a
w1960a
w1961a
w1962a
w1963a
w1964a
w1965a
w1966a
w1967a
w1968a
w1969a
w1970a
w1971a
w1972a
w1973a
w1974a
w1975a
w1976a
w1977a
w1978a
w1979a
w1980a
w1981a
w1982a
w1983a
w1984a
w1985a
w1986a
w1987a
w1988a
w1989a
w1990a
w1991a
w1992a
w1aubvoq
w1ll1am
w1ll1ams
w1lliam
w1w1w
w1w2w
w1w2w3w
w1w2w3w4
w2e3r
w2e3r4t
w2e3r4t5
w2q3r4e
w2w2w
w2w3w
w2w3w4w
w3e4r
w3e4r5t
w3lc0m
w3wjnhek
w45bj9upkz
w5tn36alfw
w5txn36alfw
w66yrybgra
w8agc47kla
w8woord
w9998999
wabbit
wachtwoord
wachtwoord1
wacker
waddle
waffenss
waffle
waffles
waffles1
waffles2
wagner
wahaha
waheed
waheguru
waheguru1
waheguruji
wahoo
wahyu
waikiki
waiting
waiting1
waiting4u
wakacje
wakaflocka
wakana
wakawaka
wakeboard
wakeboard1
wakefield
wakeup
wal-mart
walalang
waldemar
walden
waldiw
waldiw82
waldo
waldorf
waleed
wales
walgreens
walgreens1
walhalla
walid
walik
walik007
walker
walker01
walker11
walker12
walker123
walkers
walking
walking1
walkitout
walkitout1
walkman
walkman1
wall.e
wallace
wallace1
wallace2
wallace3
waller
wallet
walleye
walleye1
wallflower
wallis
wallpaper
wallpaper1
wallst
wallstreet
wally
wally123
walmart
walmart1
walmart2
walnut
walrus
waltdisney
walter
walter01
walter11
walter12
walter123
walter34
walters
walters1
walther
walton
wambui
wanadoo
wanda
wanda123
wander
wanderer
wanderers
wanderlust
wang123456
wangjian
wangjing
wanglei
wangwang
wangwei
wangyang
wangyut
wangyut2
wanita
wanjiku
wanjiru
wanker
wanker123
wankers
wankers1
wanksta
wannabe
wannabe1
wannadupe
wanrltw
wanshuai
wanshuai198202
wanted
wanted123
wanwan
wapiti
wapwap
waqas
waqas123
warcraft
warcraft1
warcraft12
warcraft123
warcraft2
warcraft3
warcraft4
warden
wardog
wareagle
wareagle1
warehouse
warehouse1
warface
warfare
warfreak
wargames
warhammer
warhammer1
warhammer4
warhammer40k
warhawk
warhead
warhol
warior
warlock
warlock1
warlord
warlord1
warlords
warner
warning
warning1
warped
warpten
warranty
warren
warren123
warrington
warrior
warrior1
warrior11
warrior12
warrior123
warrior13
warrior2
warrior3
warrior5
warrior7
warriors
warriors1
warriors12
warriors2
warrock
warsaw
warszawa
warszawa1
warthog
warthog1
wartune
warwar
warwick
warwick1
warzone
wasabi
wasalak
wasd1234
wasdqe
wasdwasd
waseem
washburn
washburn1
washere
washington
washington1
wassa
wassa12345
wasser
wasser123
wassermann
wassila
wassim
wassup
wasted
wasup
waswas
watanabe
watashi
watch
watchdog
watcher
watchout
watchtower
water
water123
water1234
waterart
waterboy
waterboy1
waterfall
waterfall1
waterfalls
waterford
watergate
waterh
waterh20
waterh2o
waterlily
waterloo
waterloo1
waterman
waterman1
watermelon
watermelon1
waterpolo
waterpolo1
waters
waterski
waterwater
wateva
watever
watever1
watford
watford1
watitdo
watitdo1
watkins
watkins1
watson
watson831
watsup
watts
watup
waverly
wawawa
way2cool
way2go
waylon
wayne
wayne123
waynerooney
waynes
wazup
wazzup
wcdd93h9pq
wdaxp642f
wdaxq642f
wdtnjr
wdtnjxtr
wealth
wealthy
wealthy1
weapon
weapons
weare
weare138
weareone
weasel
weasley
weather
weather1
weaver
weaxq642e
webber
webbie
webcam
webcode
webcode1
webhompass
webhost
webhost.com
webkinz
webkinz1
webkinz12
webkinz123
webmaster
webmaster1
webmaster123
website
website1
webster
webster1
webster7
wedding
wedding07
wedding08
wedding09
wedding1
wedding65
weddings
wednesday
wednesday1
weed1234
weed4life
weed4me
weedhead
weedhead1
weedman
weedman1
weedman420
weeds
weedweed
weedweed1
weekend
weekend1
weeman
weener
weenie
weevil
weewee
weezer
weezie
weezy
weezy123
weezybaby
weezybaby1
weezyfbaby
weg63tt
weg63tt243
wehttam
weight
weiner
weird
weirdo
weiwei
welc0me
welca
welcamino
welcom
welcome
welcome!
welcome0
welcome01
welcome1
welcome10
welcome11
welcome12
welcome123
welcome1234
welcome12345
welcome2
welcome22
welcome3
welcome4
welcome5
welcome6
welcome7
welcome8
welcome9
welcome99
welcome@123
welder
welding
welding1
weldon
welkom
welkom01
welkom123
wellcome
wellcome1
welldone
weller
wellington
wellness
wembley
wendel
wendell
wendell1
wendi
wendy
wendy123
wendys
wenef
wenef45313
wenger
wenoob
wentworth
wentworth1
wenwen
wenyin
wenyin12
wer11111
wer123456
werder
werderbremen
werdna
werewere
werewolf
werewolf1
werilopert
werken
werner
werock
weronika
weronika1
weronika1992
wersdf
wert1234
werter
werthrf
werthvfy
wertwert
werty
werty123
werty12345
wertyu
wertyui
wertyuio
wertyuiop
wertzu
werule
werwer
werwerwer
werwolf
wesdxc
wesley
wesley01
wesley12
wesley123
west1234
westbrom
westbrom1
westbrook
westbrook1
westcoast
westcoast1
westend
westend1
wester
western
western1
westfield
westfield1
westgate
westham
westham1
westham123
westie
westlake
westlife
westlife1
westminster
weston
westpoint
westport
westside
westside!
westside1
westside10
westside11
westside12
westside13
westside14
westside18
westside2
westside21
westside23
westside3
westside4
westside5
westside6
westside69
westside7
westwest
westwind
westwood
westwood1
wethebest
wethebest1
wethepeople
wetpussy
wetpussy1
wetpussy69
wetter
wetwet
wetwilly
wewewe
wewewewe
wexford
weyersheim
weyfvb
weymouth
wezzy
wg8e3wjf
whale
whales
what1234
what2do
what3v3r
whateva
whateva1
whatever
whatever!
whatever.
whatever0
whatever01
whatever08
whatever09
whatever1
whatever10
whatever11
whatever12
whatever123
whatever13
whatever14
whatever2
whatever21
whatever22
whatever23
whatever3
whatever4
whatever5
whatever6
whatever69
whatever7
whatever8
whatever9
whatif
whatisit
whatislove
whatisthis
whatitdo
whatitdo1
whatnot
whatnow
whatnow1
whatsup
whatsup1
whatsup123
whatsup2
whatthe
whatthe1
whatthefuc
whatthefuck
whatthehel
whatthehell
whatthezor
whatup
whatwhat
whatwhat1
wheelchair
wheeler
wheeler1
wheeling
wheels
whiplash
whippet
whiskas
whiskers
whiskers1
whiskey
whiskey1
whisky
whisper
whisper1
whistle
whistler
whistler1
white
white123
whiteangel
whiteboy
whiteboy1
whitecat
whitedog
whitefang
whitegirl
whitegirl1
whitehead
whitehorse
whitehouse
whiteman
whiteout
whitepower
whiterabbit
whiterose
whites
whitesnake
whitesox
whitesox05
whitesox1
whitetail
whitetail1
whitetiger
whitewater
whitewolf
whitewolf1
whitey
whiting
whitley
whitley1
whitman
whitney
whitney1
whitney12
whitney2
whitney7
whittier
whoami
whoareyou
whoareyou1
whocares
whocares1
whodat
whoknows
whoknows1
wholefoo
wholesale
whoops
whoopwhoop
whopper
whopper1
whore
whore123
whorebag
whorebag1
whores
whosyourdaddy
whyme
whyme123
whynot
whysoserious
whywhy
wi11iam
wibble
wibsh56kec
wicca
wiccan
wichita
wicked
wicked12
wicked123
wicked13
wicked69
wicket
widder
widescreen
widget
widzew
widzew1910
wiener
wifey
wigger
wiggins
wiggle
wiggles
wiggles1
wigolf
wigwam
wijaya
wiktor
wiktoria
wiktoria1
wilber
wilbert
wilbert1
wilbur
wilcox
wildbill
wildcard
wildcat
wildcat1
wildcat2
wildcat7
wildcats
wildcats!
wildcats1
wildcats10
wildcats11
wildcats12
wildcats14
wildcats2
wildcats3
wildcats7
wildchild
wildchild1
wilder
wilderness
wildfire
wildfire1
wildflower
wildhorses
wildlife
wildlife1
wildman
wildman1
wildone
wildone1
wildones
wildrose
wildthing
wildthing1
wildwest
wildwood
wildwood1
wiley
wilfred
wilfred1
wilfredo
wilfredo1
wilfried
wilhelm
wilhelmina
wilkins
wilkinson
wilkinson1
will1234
willard
willard1
willem
willi
william
william!
william.
william0
william01
william02
william03
william05
william06
william07
william08
william09
william1
william10
william11
william12
william123
william13
william14
william15
william16
william17
william18
william19
william2
william20
william21
william22
william23
william24
william25
william2631
william3
william4
william5
william6
william69
william7
william77
william8
william88
william9
william99
williams
williams1
williams11
williams12
williams2
williams3
williamson
willian
willie
willie01
willie11
willie12
willie123
willie22
willis
willow
willow01
willow11
willow12
willow123
willow13
willows
willpower
willsmith
willsmith1
willwill
willy
willy123
willyou
willys
willywonka
wilma
wilmar
wilmer
wilmington
wilson
wilson01
wilson10
wilson11
wilson12
wilson123
wilson13
wilson21
wilson22
wilson23
wilton
wimbledon
winamp
winchester
windex
windmill
windmill1
window
window12
window123
windows
windows1
windows12
windows123
windows2
windows2000
windows7
windows8
windows95
windows98
windowsvista
windowsxp
windowsxp1
windsong
windsor
windsor1
windstar
windsurf
windy
winfield
winfixer
wingchun
winger
wingman
wingman1
wingnut
wingnut1
wings
wingwing
wingzero
wingzero1
winifred
winkie
winkle
winky
winmx
winner
winner01
winner11
winner12
winner123
winners
winners1
winnie
winnie01
winnie11
winnie12
winnie123
winniepooh
winniethep
winniethepooh
winning
winnipeg
winnipeg2612
winona
winslow
winslow1
winston
winston01
winston1
winston12
winston123
winston2
winston3
winston7
winter
winter00
winter01
winter02
winter04
winter05
winter06
winter07
winter08
winter09
winter10
winter11
winter12
winter123
winter13
winter2008
winter2009
winter2010
winter2011
winter21
winter22
winter23
winter77
winter98
winter99
winters
winters1
winthrop
winwin
winwinwin
winxclub
winxp
wiosna
wipeout
wipro
wipro@123
wireless
wireless1
wisconsin
wisconsin1
wisdom
wisdom12
wisdom123
wiseguy
wiseman
wiseman1
wishbone
wishbone1
wishes
wishing
wishmaster
wisteria
witch
witchcraft
witcher
witches
witchy
withgod
withlove
withoutu
withyou
witness
witspass
witspass1234
wizard
wizard01
wizard101
wizard12
wizard123
wizard13
wizards
wizards1
wizkhalifa
wizkid
wizzard
wjsswj
wkgmkjh
wkgmkjh623
wkgmmjh
wkgmmjh623
wladimir
wlafica
wlafiga
wmilan
wmtmufc
wmtmufc1
wo123456
woailaopo
woaimama
woaini
woaini123
woaini1314
woaini520
woaini521
woainia
woainima
woaiwojia
woaiwoziji
wobble
wobuzhidao
wocao
wocao5201314
wocaonima
wodemima
woe45byzry
wojiushiwo
wojtek
wokami
wolf1234
wolfdog
wolfen
wolfenstein
wolfgang
wolfgang1
wolfie
wolfman
wolfman1
wolfpac
wolfpack
wolfpack1
wolfteam
wolfwolf
wolfy
wolverin
wolverine
wolverine1
wolverine2
wolverine3
wolverine7
wolverines
wolves
wolves11
wolves12
wolves123
woman
womanizer
wombat
womble
women
wonder
wonder123
wonderboy
wonderboy1
wonderful
wonderful1
wonderful2
wonderfull
wondergirl
wonderland
wonderman
wonderman2
wonders
wonderwall
wonderwoma
wonderwoman
wonka
wonton
woobie
woodbine
woodbury
woodchuck
woodduck
wooden
woodie
woodland
woodland1
woodlands
woodlawn
woodman
woodman1
woodpecker
woodrow
woodrow1
woods
woodside
woodside1
woodson
woodstock
woodstock1
woodward
woodward1
woodwind
woodwork
woody
woody123
woofer
woofie
woofwoof
woofwoof1
woogie
woohoo
wookie
woopwoop
wooster
wootwoot
wootwoot1
woowoo
worcester
wordlife
wordlife1
wordpass
wordpass1
wordpass12
wordpass2
wordup
worinima
work1234
work4me
worker
workhard
working
working1
workout
workout1
workshop
worksucks
workwork
world
world123
worldcup
worldofwarcraft
worldpeace
worlds
worldwar
worldwar2
worldwide
worldwide1
wormix
worms
wormwood
worship
worship1
worthy
woshishei
woshishei319
woshishen
woshishui
woshiwo
woshiyazi
woshizhu
wouter
wow12345
wowowee
wowowo
wowwow
wpcakir
wpcakir264
wq12wq
wqasxz
wqer1314
wqwqwq
wraith
wrangler
wrangler1
wrasloco
wrasloco11
wrench
wrestle
wrestle1
wrestlemania
wrestler
wrestler1
wrestling
wrestling1
wrestling2
wrestling3
wrestling7
wrexham
wright
wrigley
wrigley1
wrinkle
wrinkle1
wrinkles
wrinkles1
writer
writing
wroclaw
wrong
wrxsti
ws123456
wsadwsad
wsbe279qsg
wsky0o0o0o
wsx123456
wsx1qaz
wsx2wsx
wsx3edc
wsxcde
wsxedc
wsxqaz
wsxwsx
wsxzaq
wsydcig
wsydcig761
wtfwtf
wtpfhm
wtpmjg
wtpmjgda
wu-tang
wubin
wubin007
wuchun
wulandari
wumeiyun
wumeiyun123
wunderbar
wuschel
wutang
wutang36
wutangclan
ww111111
ww123456
ww651118
wwe.com
wwe12345
wwe4life
wwefan
wweraw
wwerty
wwewwe
wwh19duyj
www.com
www.ivan
www.ivan-18
www12345
www123456
wwwaaabbb
wwwamador
wwwamador91
wwweee
wwwksenechkawww
wwwooo
wwwooo1234
wwwww
wwwwww
wwwwwww
wwwwwww1
wwwwwwww
wwwwwwwww
wwwwwwwwww
wxcvbn
wxcvbn123
wy1000000
wyatt
wyatt123
wybe4591
wyoming
wyoming1
wysiwyg
wyvern
wz362308
wzf2sme
wzf2sme498
wzq8xcfxqm
wzr8ycfxrm
x0x0x
x100pre
x1234567
x123456789
x123456x
x15piq8snj
x1cjdsb9p
x1x1x
x1x2x
x1x2x3x
x1x2x3x4
x2h4eddan
x2h4fccap
x2h4fddap
x2x2x
x2x3x
x3luym2mmj
x444am
x4ivyga51f
x60zay
x60zay0468
x72jhhu3za
x7bktntlez
x7t5xbke
x7vs8mxg
x870624x
x8axspumez
x8coqx1f1zh
x99qomx
x99qomx561
xalitova
xalitova1988
xanadu
xander
xandra
xantia
xantria
xantria10315
xavier
xavier01
xavier04
xavier05
xavier06
xavier07
xavier08
xavier09
xavier10
xavier11
xavier12
xavier123
xavier13
xavier14
xavier21
xavier22
xavier23
xaxaxa
xblhintb9w
xbonesx
xbox3600
xboxlive
xboxlive1
xchange
xcountry
xcvbnm
xdf65b
xdf65b6666
xdl65b
xdl65b6666
xdqwerty
xdxdxd
xeaxr653e
xebxr653d
xenogears
xenosaga
xenosaga1234
xerxes
xexeylhf
xfactor
xfactor1
xfgs3ii9d
xfhkbr
xfiles
xfk3bxezqj
xfqybr
xfx3ayfjrk
xfxlo19ui
xgx39zgisl
xh246aigun
xh247ahgum
xh248zhhtm
xhh787qpcd
xi345bifvn
xi345bjfvp
xiang
xiang123456
xiaobai
xiaofeng
xiaolong
xiaoqiang
xiaowei
xiaoxiao
xiaoxin
xiaoyao
xiaoyu
xiaozhu
xige5516726
ximena
xingxing
xinxin
xiomara
xiomara1
xj453cxdxq
xjcri66kfd
xk45xdxcyr
xk55xdxcyr
xkhnmki
xkhnmki633
xlf65b
xlf65b6666
xlsl9963
xm55xexbzs
xochitl
xoxoxo
xpeygeh
xpeygeh934
xpr4bf29ux
xpress
xpressmusic
xq57cgseb
xred4654
xsdsxs
xsplit
xsplit123
xsw21qaz
xsw23edc
xsw2zaq
xsw2zaq1
xswqaz
xswzaq
xt97794xt
xterra
xthtgfirf
xthysq
xtkjdtr
xtkjdtrgfer
xtreme
xtseo2011tdx
xtube
xtvgbjy
xuanxuan
xuliang
xup6xup
xup6xup6
xx123456
xx7c8gseb
xxg4gcc9q
xxkk01234
xxlqu94yo
xxx12345
xxx123xxx
xxxpass
xxxx1234
xxxxx
xxxxxx
xxxxxxx
xxxxxxx1
xxxxxxxx
xxxxxxxxx
xxxxxxxxxx
xxxxxxxxxxxx
xxxyyy
xxxzzz
xyj44pe3gv
xyq7xcewqk
xyxy159753
xyz12345
xyzxyz
xyzzy
xzibit
xzryx
xzsawq
xzsawq21
xzxzxz
y0mama
y0y0y
y123456789
y3llow
y3p32ftrqj
y4rv0a
y6p67ftrqj
y6p68ftrqj
ya623349
ya_nochka
ya_nochka86
yaalimadad
yaallah
yabloko
yacine
yadira
yagami
yagjecc
yagjecc816
yagjecc826
yagmur
yahaya
yahnox
yahnox75
yahoo
yahoo.com
yahoo.com1
yahoo100
yahoo123
yahoo1234
yahoo12345
yahoocom
yahooid
yahoomail
yahoomail1
yahooo
yahoos
yahooyahoo
yahweh
yakamoz
yakubu
yakumo
yakuza
yamada
yamaha
yamaha01
yamaha11
yamaha12
yamaha123
yamaha125
yamaha13
yamaha135
yamaha22
yamaha250
yamaha450
yamaha46
yamaha69
yamaha85
yamahar
yamahar1
yamahar6
yamakasi
yamamoto
yamato
yamazaki
yamina
yamini
yamuna
yamyam
yana.kolomoets
yanaluch
yanayana
yancai
yanchikchmoki
yandel
yandex
yandex.ru
yandi
yandi20080527
yangyang
yanina
yanira
yanis
yankee
yankee11
yankee12
yankee123
yankee13
yankee23
yankees
yankees!
yankees01
yankees02
yankees07
yankees08
yankees09
yankees1
yankees10
yankees11
yankees12
yankees123
yankees13
yankees15
yankees2
yankees21
yankees22
yankees23
yankees24
yankees25
yankees26
yankees27
yankees3
yankees4
yankees5
yankees7
yankees8
yankees9
yanks
yannick
yannick1
yannis
yannou
yanochka
yansubina
yanyan
yaoiisgrand
yaorqw
yaorqw12334
yaq12wsx
yaroslav
yaseen
yasemin
yashar
yasin
yasmeen
yasmeen1
yasmin
yasmin12
yasmin123
yasmina
yasmine
yasmine1
yasser
yassin
yassine
yatra
yayang
yayaya
yazmin
ybccfy
ybhdfyf
ybnkoia
ybnkoia569
ybrbnby
ybrbnbyf
ybrbnf
ybrbnjc
ybrbnrf
ybrjkfq
ybrjkftd
ybrjkftdbx
ybrjkftdf
ybrjkftdyf
ybrjkm
ybyjxrf
yc6abqsfjo
ycei62p
ycei62p395
ye123456
yeager
yeahbaby
yeahbaby1
yeahboy
yeahboy1
yeahright
yeahright1
yeahyeah
yeahyeah1
year2000
year2007
year2008
year2009
year2010
year3000
yearbook
years
yeayea
yecgaa
yeehaw
yegbpltw2012lol
yelena
yelhsa
yell0w
yeller
yellow
yellow00
yellow01
yellow02
yellow07
yellow08
yellow09
yellow10
yellow11
yellow12
yellow123
yellow1234
yellow13
yellow14
yellow15
yellow16
yellow17
yellow18
yellow19
yellow20
yellow21
yellow22
yellow23
yellow24
yellow25
yellow27
yellow33
yellow44
yellow45
yellow55
yellow66
yellow69
yellow77
yellow88
yellow99
yellowbird
yellowcard
yellowdog
yellowrose
yellowstone
yemi19900911
yemisi
yendor
yenyen
yes90125
yesenia
yesenia1
yeshua
yesiam
yesica
yesican
yesman
yessenia
yessica
yessir
yesterday
yesterday1
yeswecan
yesyes
yesyesyes
yetunde
yeuemnhieu
yfafyz
yfb2s753c
yfb2s753d
yfcmrf
yfcn.if
yfcn.irf
yfcnfcmz
yfcntyf
yfcntymrf
yfcntyrf
yfcnz
yfcnz123
yfcnzyfcnz
yfdbufnjh
yfdbufnjh10305070
yfdbufnjh63
yfdctulf
yfgjktjy
yfhenj
yfl.if
yfl.irf
yflt:lf
yflt;lf
yfltymrf
yfnecbr
yfnecz
yfnfif
yfnfirf
yfnfitymrf
yfnfkb
yfnfkbz
yfnfkmz
yggdrasil
yggdrasil4
yh3hnr
yh3hnr4869
yhn7ujm
yijeong
yildiz
yilmaz
yingyang
yingyang1
yingying
yinyang
yinyang1
yixda15hr
yjdbrjd
yjdbrjdf
yjdsq
yjdsqgfhjkm
yjdsqujl
yjwfn73j
ykdpj67mgd
ykvpoia
ykvpoia569
ylenia
ylik1911
yluy1981
ymhpnmj
ymhpnmj733
yngwie
yniqnmk
yniqnmk733
yo123456
yodayoda
yodude
yogesh
yogibear
yogibear1
yogita
yogurt
yogyakarta
yohana
yohann
yojimbo
yokohama
yolanda
yolanda1
yolande
yomama
yomama12
yomama123
yomamma
yomamma1
yomisma
yomismo
yomom
yomoma
yomomma
yomomma!
yomomma1
yomomma2
yondaime
yonkers
yonkers1
yoohoo
yop7s
yorkie
yorkshire
yorkshire1
yorktown
yoruba
yoselin
yosemite
yosemite1
yoshi
yoshi123
yoteamo
you&me
youaifa
youaifa569
youandi
youandme
youandme1
youandme2
youare
youaregay
youaregay1
youaremine
youbye
youbye123
youbye1231
youcef
youknow
youknow1
youknowit
youkofa
youkofa569
youloveme
younes
youness
young
young123
youngblood
youngbuck
youngbuck1
younger
younglove
younglove1
youngluwe
youngman
youngmoney
youporn
yourface
yourface1
yourgay
yourgay!
yourgay1
yourgay2
yourlove
yourm0m
yourmama
yourmama1
yourmom
yourmom!
yourmom.
yourmom1
yourmom11
yourmom12
yourmom123
yourmom13
yourmom2
yourmom22
yourmom3
yourmom4
yourmom5
yourmom6
yourmom69
yourmom7
yourmom8
yourmomma
yourmomma1
yourmother
yourmum
yourmum1
yourname
yourname1
yourock
yourock1
yourself
yourspace
yourspace1
yousef
yousmell
youssef
yousuck
yousuck!
yousuck.
yousuck1
yousuck12
yousuck123
yousuck2
yousuck3
yousuck69
yousuf
youth
youtube
youtube1
youtube12
youtube123
youtube2
youwish
youwish1
youyou
youyouyou
yoville
yoville1
yoyo1234
yoyoma
yoyoyo
yoyoyo12
yoyoyo123
yoyoyoyo
yoyoyoyo1
yozgat
yozgat66
ypfu2vl
ypfu2vl856
yqss2h9ub
ysabel
ytgfhjkm
ytngfhjkz
ytpyf
ytq9bkr
ytrewq
ytrewq123
ytrewq321
ytreza
ytrhjvfyn
ytyfdb
ytyfdb:e
ytyfdb;e
ytyfdbcnm
yu-gi-oh
yu5l97wk8q
yuantuo
yuantuo2012
yuanyuan
yue27ri
yugioh
yugioh12
yugioh123
yuiop
yuiyui
yukiko
yukiyuki
yukon
yulia
yulia-dubrovina
yulia_yulia
yulia_yulia_13
yuliana
yulianaz
yulianaz85
yuliasha
yuliasha87
yuliya
yulya
yulyasik
yulyasik2002
yumiko
yummie
yummy
yummy123
yumyum
yungmoney
yungmoney1
yunita
yunusemre
yupyup
yuriko
yuriy
yushinazena
yushinazena2009
yusuf
yusuf123
yusuke
yuvraj
yuyuyu
yv3bcdaq
yvette
yvonne
yvonne12
yvonne123
yvonne90
yx12345678
yxcvbn
yxcvbnm
yxcvbnm1
yxcvbnm123
yxelik
yxp7wbewpk
yy.tt
yy.tt.67
yy123456
yygjmy
yygjmy1984
yygjmy333
yyxthh8j9k
yyyyy
yyyyyy
yyyyyyy
yyyyyyyy
yyyyyyyyyy
yyz59gtp
yyz59gtp100
yz250f
yz450f
yzerman
yzerman19
z00sk
z0102030405
z1122334455
z1234567
z12345678
z123456789
z123456z
z19721226
z1x1c1v
z1x1c1v1
z1x2c
z1x2c3v
z1x2c3v4
z1x2c3v4b
z1x2c3v4b5
z1x2c3v4b5n
z1x2c3v4b5n6
z1x2c3v4b5n6m
z1x2c3v4b5n6m7
z1z1z
z1z1z1z
z1z1z1z1
z1z2z
z1z2z3z
z1z2z3z4
z1z2z3z4z
z1z2z3z4z5
z28camaro
z2x3c
z2x3c4v
z2x3c4v5b
z2x3c4v5b6n
z2z3z
z7777777
z7895123
zabava
zabavina
zabelina
zabelina12391
zabelinaalena
zabihullin
zabihullin99
zabirov
zabirov2
zabivay
zablo
zabloczkaya
zabloczkaya2012
zabludshaya
zabolotneva_ira
zabolotniy.a
zabolotnov
zabolotnov1968
zabolotnova
zabolotnova31337
zabor.hut
zabor.hut2
zaborov_t
zaborskiy
zaborskiy80
zabotin_sasha
zabuza
zacarias
zacatecas
zacatecas1
zacefron
zacefron1
zacefron12
zacefron14
zach1234
zachariah
zachary
zachary!
zachary01
zachary1
zachary10
zachary11
zachary12
zachary123
zachary13
zachary2
zachary3
zachary4
zachary5
zachary6
zachary7
zachary8
zachary9
zachery
zachery1
zachodnio
zack1234
zackary
zackary1
zackery
zackery1
zacky
zadnica
zadrot
zaebali
zafira
zafiro
zag12wsx
zagadka
zagreb
zahara
zaharov
zaharova
zaheer
zahira
zahra
zainab
zaira
zaizai
zakaria
zakopane
zakzak
zalina
zalupa
zamalek
zambia
zamboni
zamira
zamora
zamorano
zamzam
zander
zandra
zanessa
zanessa1
zaneta
zanetti
zangetsu
zanoza
zanzibar
zanzibar1
zapata
zapatero
zapato
zaphod
zappa
zapper
zaq!2wsx
zaq11qaz
zaq12345
zaq123456
zaq123edc
zaq123wsx
zaq12wsx
zaq12wsxcde
zaq12wsxcde3
zaq1@wsx
zaq1qaz
zaq1xsw
zaq1xsw2
zaq1xsw2cde
zaq1xsw2cde3
zaq1zaq
zaq1zaq1
zaqqaz
zaqwer
zaqwert
zaqwerty
zaqwsx
zaqwsx12
zaqwsx123
zaqwsxcde
zaqwsxcderfv
zaqxsw
zaqxsw12
zaqxsw123
zaqxswcde
zaqxswcde123
zaqxswcdevfr
zaqzaq
zaqzaqzaq
zaragoza
zarate
zaratustra
zaraza
zarazara
zardoz
zarema
zarina
zarina_loves
zarina_sabirova
zarina_zhasan
zarinaismailova
zarinalin
zarinalin87
zarinka
zarinka1111
zarinochka_b
zarygalina
zasada
zasranec
zavala
zavilov
zaxarov
zaxarov-1976
zaxscd
zaxscdvf
zaxscdvfbg
zaynmalik
zayzay
zazaza
zazazaza
zbychlas
zbyszek
zcegth
zcfvfzkexifz
zcfvfzrhfcbdfz
zcxfcnkbdf
zdenek
zdenka
zealot
zebedee
zebra
zebra123
zebras
zebulon
zeenat
zeeshan
zelda
zelda123
zemfira
zenaida
zenit
zenit-talnah
zenith
zenobia
zenzen
zephyr
zeppelin
zeppelin1
zepplin
zepplin1
zeratul
zerkalo
zermatt
zero0000
zero1234
zerocool
zerocool1
zerozero
zesh1412
zevs_ev
zeynep
zezette
zezina
zezina80
zg1h9suza
zgb2t764b
zgc2t764b
zgmfx10a
zgmfx20a
zh8o9ly3gi
zhang
zhang123
zhanghao
zhangjian
zhangjie
zhanglei
zhangqiang
zhangwei
zhangyan
zhangyu
zhanna
zhd741220
zhenya
zhenyu
zhenyu2012
zhimakaimen
zhjckfd
zhjckfdf
zhongguo
zhou1980
zhuzhu
zibuvmrx
zidane
zidane10
zigazaga
ziggy
ziggy123
zigzag
zildjian
zildjian1
zimbabwe
zimbabwe1
zimmer
zimmer483
zimmerman
zimmerman1
zimmermann
zimmermann33
zinaida
zindagi
zinedine
zinger
zinnia
zinzin
ziomal
ziomek
ziomek123
zipper
zippo
zippy
zippy123
zipzip
zitrone
zizou
zk.,k.nt,z
zkexifz
zkmxbrbcbkf
zlatan
zlenk77nge
zmf1704c
zmodem
zmx870919123
zmxncbv
zn6fpn01n
zn6fpn01x
zniqpnk
zniqpnk733
znirpnl
znirpnl744
znt,zk.,k
znt,zk.,k.
zoccola
zodiac
zodiak
zodnat
zoedog
zoegirl
zoey1234
zoezoe
zoidberg
zolika
zolotarev
zolotarev08
zoloto
zoltan
zolushka
zombie
zombie12
zombie123
zombie13
zombie666
zombie69
zombies
zombies1
zonnebloem
zoolander
zoolander1
zoology
zoom1234
zoomer
zoomzoom
zoomzoom1
zooropa
zoosk
zoosk.com
zoosk123
zoosk2010
zooyork
zooyork1
zoozoo
zorglub
zorro
zorro123
zoubida
zoulou
zouyong
zouzou
zozozo
zpaqrt
zpaqrt2963
zrjdktdf
zrszd9p
zrszd9p238
zsazsa
zse45rdx
zse4rfv
zse4xdr
zse4xdr5
zsexdr
zsolti
zsxdcf
zsxdcfv
zsxdcfvg
zubair
zucchero
zucker
zuewamarija
zujlrf
zukunft
zumzum
zurich
zuzana
zuzanka
zuzanna
zuzia
zv_!80lo
zverev
zvezda
zw5a1u5evw
zwickau
zwilling
zwinky
zwjbvhy
zwjbvhy184
zwn6vbdvpj
zx123456
zx12cv
zx12cv34
zxasqw
zxasqw12
zxasqw123
zxc123123
zxc12345
zxc123456
zxc123456789
zxc123zxc
zxc841219
zxcasd
zxcasd123
zxcasdqwe
zxcasdqwe1
zxcasdqwe123
zxccxz
zxcdsa
zxcdsaqwe
zxcqwe
zxcqwe123
zxcv0987
zxcv1234
zxcv12345
zxcv123456
zxcv4321
zxcvasdf
zxcvb
zxcvb123
zxcvb1234
zxcvb12345
zxcvbasdfg
zxcvbbvcxz
zxcvbn
zxcvbn12
zxcvbn123
zxcvbn123456
zxcvbn2m
zxcvbnm
zxcvbnm,
zxcvbnm,.
zxcvbnm,./
zxcvbnm.
zxcvbnm0
zxcvbnm1
zxcvbnm11
zxcvbnm12
zxcvbnm123
zxcvbnm1234
zxcvbnm12345
zxcvbnm123456
zxcvbnm1234567
zxcvbnm123456789
zxcvbnm2
zxcvbnm3
zxcvbnm5
zxcvbnm7
zxcvbnm8
zxcvbnm9
zxcvbnm:
zxcvbnma
zxcvbnmasd
zxcvbnmasdfghjkl
zxcvbnmm
zxcvbnmmnbvcxz
zxcvbnmzxcvbnm
zxcvfdsa
zxcvvcxz
zxcvzxcv
zxcxz
zxczxc
zxczxc123
zxczxczxc
zxrpunfa
zxrpvnfa
zxzxzx
zxzxzxzx
zy19791201
zydfhm
zyjxrf
zyltrc
zyybyt82a
zz123456
zz8807zpl
zzaaqq
zzaaqq11
zzs000000
zztop
zzxxcc
zzxxccvv
zzzaaa
zzzxxx
zzzxxxccc
zzzz1111
zzzzxxxx
zzzzz
zzzzzz
zzzzzzz
zzzzzzz1
zzzzzzzz
zzzzzzzzz
zzzzzzzzzx
zzzzzzzzzz
александр
алексей
анастасия
андрей
вероника
виктория
вконтакте
дмитрий
екатерина
иришка
й2ц3у
й2ц3у4к
й2ц3у4к5е
йфяцыч
йфяцычувс
йцукен
йцукенг
йцукенгшщз
йцукенгшщзхъ
какашка
карина
катюша
кирилл
контакт
котенок
красотка
кристина
леночка
любимая
любимый
люблю
люблютебя
любовь
максим
максимка
малышка
мамочка
мамуля
марина
маруся
надежда
наташа
ненавижу
никита
оксана
пароль
полина
привет
приветик
просто
пїѕпїѕпїѕпїѕпїѕпїѕ@mail.ru
р»сћр±рѕрісњ
ранетки
ромашка
руслан
рѕр°с‚р°с€р
рѕр°с‚р°с€р°
рїр°сђрѕр»сњ
рїсђрёрірµс
рїсђрёрірµс‚
рјр°рєсѓрёрј
рјр°сђрёрѕр
рјр°сђрёрѕр°
р№с†сѓрєрµрѕ
сашенька
светлана
сергей
солнце
солнышко
счастье
татьяна
телефон
ялюблютебя
ятебялюблю
ячсмит
ячсмить
